customer_id,full_name,email,phone,gender,birth_date,registration_date,city_id,address,membership_tier,total_orders,total_spent,city_name
1,Kartika Wibowo,kartika.wibowo783@email.com,081566056427,F,1999-02-25,2025-12-31,7,Jl. Mawar No. 25,Bronze,2,899446,Semarang
2,Putri Putri,putri.putri402@email.com,086689805567,F,2004-05-12,2022-10-22,8,Jl. Mawar No. 8,Bronze,2,7598848,Yogyakarta
3,Nanda Nugroho,nanda.nugroho589@email.com,085737057771,M,1983-06-20,2022-12-16,15,Jl. Sudirman No. 84,Silver,3,1214449,Banda Aceh
4,Lukman Sari,lukman.sari636@email.com,087366750668,M,2002-07-08,2024-03-31,15,Jl. Sudirman No. 88,Bronze,4,4445207,Banda Aceh
5,Nina Lestari,nina.lestari178@email.com,089924488511,F,1999-12-08,2023-12-02,26,Jl. Kenanga No. 125,Bronze,3,6982425,Kupang
6,Kartika Sari,kartika.sari979@email.com,082742870683,F,1993-03-10,2026-08-11,4,Jl. Kenanga No. 28,Silver,2,3540623,Tangerang
7,Kartika Nugroho,kartika.nugroho837@email.com,084478233603,F,1968-02-07,2025-09-14,21,Jl. Thamrin No. 170,Bronze,2,184985,Makassar
8,Maya Lestari,maya.lestari899@email.com,086654744136,F,1977-04-22,2024-07-04,19,Jl. Kenanga No. 174,Bronze,4,3042489,Samarinda
9,Lina Wijaya,lina.wijaya868@email.com,082263513519,F,2004-09-13,2022-01-17,19,Jl. Gajah Mada No. 141,Platinum,6,13304115,Samarinda
10,Umar Wibowo,umar.wibowo443@email.com,086939036170,M,1983-01-08,2022-08-13,12,Jl. Pahlawan No. 112,Silver,6,10430893,Palembang
11,Sandi Kusuma,sandi.kusuma428@email.com,085957540284,M,1989-06-27,2025-02-11,7,Jl. Thamrin No. 35,Bronze,3,7307437,Semarang
12,Fajar Susanto,fajar.susanto141@email.com,086067191149,M,1992-03-03,2024-09-23,29,Jl. Melati No. 109,Silver,4,6829894,Sorong
13,Maya Pratama,maya.pratama592@email.com,084139249064,F,1992-10-01,2023-01-16,8,Jl. Melati No. 69,Bronze,5,10399169,Yogyakarta
14,Bella Santoso,bella.santoso494@email.com,081343868435,F,1988-02-19,2024-09-16,19,Jl. Melati No. 193,Silver,5,4291170,Samarinda
15,Rina Wijaya,rina.wijaya646@email.com,089925293862,F,1970-04-16,2025-06-03,17,Jl. Melati No. 149,Bronze,3,3131586,Pontianak
16,Maman Sari,maman.sari928@email.com,088446676790,M,1995-08-17,2022-01-23,25,Jl. Pahlawan No. 91,Platinum,5,9150995,Mataram
17,Juli Kusuma,juli.kusuma745@email.com,082118594780,F,2003-12-10,2025-11-24,2,Jl. Mawar No. 149,Bronze,6,6605039,Bogor
18,Lukman Utami,lukman.utami85@email.com,088661202977,M,1966-05-16,2025-07-02,24,Jl. Ahmad Yani No. 34,Silver,8,8284566,Denpasar
19,Indah Santoso,indah.santoso757@email.com,087213328054,F,2003-03-19,2022-08-17,24,Jl. Thamrin No. 67,Silver,5,4111576,Denpasar
20,Sandi Kusuma,sandi.kusuma991@email.com,089562384841,M,1967-06-03,2024-12-16,26,Jl. Pahlawan No. 61,Silver,4,3725348,Kupang
21,Irfan Lestari,irfan.lestari774@email.com,084519858899,M,1968-11-09,2023-12-08,24,Jl. Merdeka No. 43,Bronze,2,3102186,Denpasar
22,Juli Nugroho,juli.nugroho700@email.com,088325529753,F,1999-04-13,2026-03-21,24,Jl. Mawar No. 68,Bronze,4,5452160,Denpasar
23,Ani Hidayat,ani.hidayat985@email.com,085105433614,F,1989-11-11,2024-07-08,26,Jl. Sudirman No. 137,Silver,6,8284580,Kupang
24,Wulan Siregar,wulan.siregar822@email.com,085717062885,F,1986-05-09,2023-07-13,21,Jl. Kenanga No. 101,Bronze,8,12670728,Makassar
25,Wawan Utami,wawan.utami185@email.com,089635366717,M,1986-11-23,2024-11-30,7,Jl. Merdeka No. 18,Bronze,6,5569755,Semarang
26,Teguh Wijaya,teguh.wijaya291@email.com,082081885552,M,1987-04-24,2024-07-02,22,Jl. Merdeka No. 7,Silver,6,7666218,Manado
27,Yusuf Ramadhan,yusuf.ramadhan726@email.com,085113699666,M,2003-11-04,2023-03-21,29,Jl. Sudirman No. 155,Bronze,4,2353710,Sorong
28,Eko Susanto,eko.susanto959@email.com,089915124505,M,1983-08-22,2023-06-03,6,Jl. Mawar No. 71,Silver,5,3556719,Bandung
29,Indah Kusuma,indah.kusuma398@email.com,085552917235,F,1982-01-13,2022-06-01,25,Jl. Ahmad Yani No. 46,Bronze,6,12040476,Mataram
30,Gita Lestari,gita.lestari148@email.com,082852220019,F,2006-08-04,2023-01-01,13,Jl. Kenanga No. 165,Bronze,5,7520025,Padang
31,Indah Wijaya,indah.wijaya257@email.com,088633175503,F,1969-10-24,2022-05-30,2,Jl. Merdeka No. 128,Bronze,4,4519361,Bogor
32,Budi Ramadhan,budi.ramadhan927@email.com,089605842084,M,1974-12-11,2023-06-30,13,Jl. Mawar No. 123,Bronze,4,2548819,Padang
33,Umar Putri,umar.putri549@email.com,086836509775,M,1995-02-19,2024-02-27,1,Jl. Ahmad Yani No. 103,Bronze,5,7070258,Jakarta
34,Nanda Sari,nanda.sari785@email.com,081872395778,M,1970-08-25,2023-11-28,28,Jl. Melati No. 11,Platinum,2,3067784,Ambon
35,Lukman Susanto,lukman.susanto499@email.com,088012785094,M,2005-12-12,2022-08-07,13,Jl. Diponegoro No. 36,Bronze,4,1951172,Padang
36,Wawan Putri,wawan.putri316@email.com,088781527616,M,1969-09-21,2024-03-07,16,Jl. Merdeka No. 10,Bronze,9,9568017,Lampung
37,Bella Saputra,bella.saputra470@email.com,083304513663,F,2006-11-17,2023-03-10,4,Jl. Kenanga No. 60,Gold,5,5800348,Tangerang
38,Fajar Nugroho,fajar.nugroho249@email.com,081560655311,M,1995-10-02,2022-02-09,21,Jl. Thamrin No. 162,Bronze,3,1975930,Makassar
39,Dewi Nugroho,dewi.nugroho838@email.com,081456689025,F,2002-02-27,2022-12-16,20,Jl. Mawar No. 153,Silver,2,2762946,Palangkaraya
40,Dedi Utami,dedi.utami412@email.com,082392578489,M,1986-12-22,2024-05-22,7,Jl. Kenanga No. 140,Bronze,4,5141515,Semarang
41,Budi Lestari,budi.lestari145@email.com,088548620154,M,1969-02-09,2023-11-19,6,Jl. Thamrin No. 179,Bronze,7,13553872,Bandung
42,Rudi Putri,rudi.putri868@email.com,081677546830,M,1973-02-26,2022-03-25,19,Jl. Mawar No. 21,Bronze,4,7246490,Samarinda
43,Dedi Susanto,dedi.susanto827@email.com,081544998804,M,1983-07-23,2025-04-30,21,Jl. Thamrin No. 164,Bronze,5,5078098,Makassar
44,Nina Putri,nina.putri735@email.com,085081499111,F,1967-10-06,2025-06-04,6,Jl. Ahmad Yani No. 90,Bronze,6,9493937,Bandung
45,Irfan Wijaya,irfan.wijaya780@email.com,083179870948,M,2004-06-28,2022-07-15,17,Jl. Mawar No. 198,Silver,1,74707,Pontianak
46,Kurnia Santoso,kurnia.santoso992@email.com,089209762858,M,1974-11-28,2022-08-19,7,Jl. Mawar No. 46,Bronze,6,11947776,Semarang
47,Budi Ramadhan,budi.ramadhan343@email.com,082946254259,M,1978-07-09,2023-08-07,12,Jl. Sudirman No. 190,Bronze,4,4419540,Palembang
48,Hadi Utami,hadi.utami917@email.com,087785025154,M,1997-02-03,2024-09-20,1,Jl. Pahlawan No. 51,Silver,2,8520876,Jakarta
49,Hani Utami,hani.utami756@email.com,086153771059,F,1979-02-08,2023-10-30,4,Jl. Diponegoro No. 19,Bronze,4,2193400,Tangerang
50,Bella Siregar,bella.siregar183@email.com,086958538302,F,1978-10-15,2022-10-24,14,Jl. Thamrin No. 118,Silver,4,3971529,Pekanbaru
51,Indah Putri,indah.putri62@email.com,082205185682,F,1967-12-19,2022-09-18,11,Jl. Sudirman No. 120,Bronze,6,11048420,Medan
52,Maman Putri,maman.putri814@email.com,084672214312,M,2003-03-26,2023-08-28,29,Jl. Sudirman No. 106,Gold,4,12635593,Sorong
53,Gita Lestari,gita.lestari439@email.com,082059371626,F,1982-01-24,2024-08-05,16,Jl. Gajah Mada No. 112,Silver,2,6938310,Lampung
54,Wawan Siregar,wawan.siregar752@email.com,085439366473,M,1967-01-16,2024-05-05,1,Jl. Melati No. 101,Bronze,3,5383937,Jakarta
55,Rudi Nugroho,rudi.nugroho750@email.com,081936330742,M,2000-01-23,2022-06-20,8,Jl. Gajah Mada No. 76,Bronze,0,0,Yogyakarta
56,Ahmad Nugroho,ahmad.nugroho879@email.com,083506801119,M,1975-12-15,2023-09-17,22,Jl. Mawar No. 119,Silver,5,8589617,Manado
57,Fitri Utami,fitri.utami649@email.com,083694254580,F,2005-08-23,2024-01-29,28,Jl. Pahlawan No. 177,Bronze,2,1755079,Ambon
58,Lukman Saputra,lukman.saputra814@email.com,083940614579,M,2004-09-19,2023-07-07,25,Jl. Kenanga No. 86,Silver,5,8348809,Mataram
59,Teguh Siregar,teguh.siregar375@email.com,085470521233,M,1968-02-13,2024-01-16,22,Jl. Gajah Mada No. 45,Silver,4,3833201,Manado
60,Umar Susanto,umar.susanto553@email.com,086263212814,M,1973-06-08,2023-02-24,25,Jl. Gajah Mada No. 69,Silver,2,4276550,Mataram
61,Indah Santoso,indah.santoso514@email.com,085822000305,F,1987-08-16,2024-02-03,3,Jl. Melati No. 174,Gold,6,9999105,Depok
62,Oktavia Lestari,oktavia.lestari90@email.com,085639296557,F,1969-04-15,2026-06-27,12,Jl. Thamrin No. 74,Platinum,5,9802038,Palembang
63,Eko Kusuma,eko.kusuma896@email.com,085392421278,M,1974-08-05,2022-08-18,9,Jl. Pahlawan No. 175,Silver,2,627220,Surabaya
64,Sandi Pratama,sandi.pratama194@email.com,081270366110,M,2006-01-10,2024-06-28,14,Jl. Diponegoro No. 134,Silver,5,13746369,Pekanbaru
65,Tika Pratama,tika.pratama682@email.com,087207328566,F,1985-08-19,2025-08-16,21,Jl. Ahmad Yani No. 146,Bronze,3,4201049,Makassar
66,Fitri Utami,fitri.utami789@email.com,084631453750,F,1995-06-10,2023-04-10,9,Jl. Thamrin No. 91,Bronze,3,4210335,Surabaya
67,Yusuf Siregar,yusuf.siregar997@email.com,084412168053,M,1999-05-06,2025-12-28,6,Jl. Thamrin No. 61,Bronze,4,5923780,Bandung
68,Tika Kusuma,tika.kusuma576@email.com,084037119053,F,1988-03-07,2023-06-18,15,Jl. Gajah Mada No. 89,Bronze,8,8515848,Banda Aceh
69,Sari Kusuma,sari.kusuma954@email.com,082375325559,F,1972-01-13,2023-09-10,18,Jl. Merdeka No. 190,Silver,3,5779850,Banjarmasin
70,Juli Nugroho,juli.nugroho819@email.com,087193796102,F,2001-11-05,2023-08-17,29,Jl. Sudirman No. 188,Bronze,4,3589240,Sorong
71,Fajar Ramadhan,fajar.ramadhan633@email.com,084611538856,M,1984-01-13,2022-08-28,18,Jl. Mawar No. 92,Bronze,3,3298731,Banjarmasin
72,Yusuf Ramadhan,yusuf.ramadhan959@email.com,088589615766,M,1998-04-26,2025-04-09,7,Jl. Diponegoro No. 6,Bronze,3,5699028,Semarang
73,Citra Sari,citra.sari620@email.com,088158707130,F,1996-06-20,2023-02-03,13,Jl. Pahlawan No. 38,Silver,1,972394,Padang
74,Lina Saputra,lina.saputra316@email.com,089493399299,F,1983-06-12,2022-01-25,12,Jl. Melati No. 23,Bronze,7,6453689,Palembang
75,Nina Utami,nina.utami747@email.com,089145099778,F,1975-12-14,2023-08-15,15,Jl. Thamrin No. 151,Silver,3,1445361,Banda Aceh
76,Irfan Hidayat,irfan.hidayat775@email.com,082613930214,M,1986-02-19,2024-12-11,16,Jl. Merdeka No. 105,Silver,5,12515760,Lampung
77,Nina Kusuma,nina.kusuma191@email.com,088869598656,F,2001-03-07,2024-08-04,18,Jl. Ahmad Yani No. 142,Bronze,4,4660176,Banjarmasin
78,Tika Hidayat,tika.hidayat811@email.com,081010508398,F,1994-04-01,2025-02-19,16,Jl. Ahmad Yani No. 77,Platinum,3,5307907,Lampung
79,Dewi Ramadhan,dewi.ramadhan929@email.com,082051194393,F,1991-03-16,2023-08-13,22,Jl. Sudirman No. 196,Bronze,2,3285174,Manado
80,Yusuf Susanto,yusuf.susanto890@email.com,088240940498,M,1995-10-14,2025-04-05,12,Jl. Sudirman No. 96,Silver,2,611793,Palembang
81,Kurnia Kusuma,kurnia.kusuma900@email.com,083977628013,M,1974-06-15,2022-04-30,19,Jl. Gajah Mada No. 42,Bronze,4,7275428,Samarinda
82,Nina Ramadhan,nina.ramadhan655@email.com,085021451005,F,1983-05-17,2022-04-10,12,Jl. Melati No. 50,Silver,9,13130414,Palembang
83,Eko Lestari,eko.lestari324@email.com,086588063032,M,1999-06-28,2022-12-09,25,Jl. Gajah Mada No. 25,Silver,6,5734042,Mataram
84,Eka Santoso,eka.santoso497@email.com,087064470209,F,1983-06-25,2024-11-27,5,Jl. Thamrin No. 27,Bronze,5,5456635,Bekasi
85,Irfan Utami,irfan.utami976@email.com,085784450697,M,2004-12-27,2025-02-18,29,Jl. Mawar No. 20,Bronze,2,1986933,Sorong
86,Ahmad Nugroho,ahmad.nugroho453@email.com,082469072661,M,1988-03-27,2023-10-01,12,Jl. Ahmad Yani No. 8,Silver,4,4671312,Palembang
87,Joko Kusuma,joko.kusuma315@email.com,081538349165,M,1974-12-08,2025-11-22,28,Jl. Thamrin No. 21,Bronze,3,4655838,Ambon
88,Dedi Santoso,dedi.santoso111@email.com,083547672267,M,1992-01-07,2024-09-18,25,Jl. Mawar No. 31,Gold,7,9390986,Mataram
89,Dedi Hidayat,dedi.hidayat211@email.com,081859098375,M,1971-02-20,2022-01-22,22,Jl. Gajah Mada No. 8,Bronze,3,6320486,Manado
90,Tika Pratama,tika.pratama248@email.com,081293505358,F,1997-12-20,2022-11-25,12,Jl. Kenanga No. 196,Bronze,1,160454,Palembang
91,Irfan Hidayat,irfan.hidayat102@email.com,084969546654,M,1999-01-24,2026-03-25,6,Jl. Melati No. 182,Bronze,4,3376858,Bandung
92,Rudi Ramadhan,rudi.ramadhan220@email.com,083208691233,M,1987-07-14,2023-01-06,4,Jl. Pahlawan No. 29,Silver,1,3524276,Tangerang
93,Dewi Nugroho,dewi.nugroho370@email.com,088321763524,F,1973-08-25,2024-11-30,4,Jl. Melati No. 185,Bronze,3,3141347,Tangerang
94,Putri Wijaya,putri.wijaya320@email.com,088907422108,F,1994-10-24,2023-08-04,13,Jl. Diponegoro No. 142,Bronze,3,8121678,Padang
95,Gita Wibowo,gita.wibowo184@email.com,088190457777,F,1995-11-12,2026-07-02,3,Jl. Sudirman No. 102,Bronze,4,2610306,Depok
96,Eko Kusuma,eko.kusuma948@email.com,081724660700,M,2002-02-24,2024-03-31,13,Jl. Gajah Mada No. 51,Bronze,5,7570523,Padang
97,Dewi Putri,dewi.putri731@email.com,087844674517,F,1996-05-25,2024-05-19,27,Jl. Pahlawan No. 92,Bronze,4,8095185,Jayapura
98,Putri Sari,putri.sari257@email.com,087396672521,F,1994-02-04,2022-10-29,9,Jl. Diponegoro No. 161,Gold,2,1139661,Surabaya
99,Eko Susanto,eko.susanto28@email.com,085175019827,M,1969-08-22,2026-08-28,2,Jl. Pahlawan No. 155,Silver,2,370103,Bogor
100,Lukman Lestari,lukman.lestari533@email.com,088591664389,M,1969-11-25,2022-07-17,20,Jl. Mawar No. 52,Bronze,4,9322093,Palangkaraya
101,Putri Sari,putri.sari19@email.com,084929633791,F,1986-09-18,2025-01-15,9,Jl. Pahlawan No. 116,Bronze,3,2566435,Surabaya
102,Oktavia Nugroho,oktavia.nugroho882@email.com,088642389509,F,1976-09-22,2022-03-09,2,Jl. Thamrin No. 126,Bronze,4,3491256,Bogor
103,Maya Nugroho,maya.nugroho676@email.com,087312821876,F,2001-11-16,2022-08-13,25,Jl. Melati No. 41,Silver,5,7994246,Mataram
104,Indah Nugroho,indah.nugroho785@email.com,089494513064,F,2004-11-12,2024-02-13,19,Jl. Gajah Mada No. 16,Bronze,3,2359344,Samarinda
105,Fajar Wibowo,fajar.wibowo913@email.com,087979978982,M,2002-01-25,2023-12-16,12,Jl. Pahlawan No. 25,Bronze,5,8789164,Palembang
106,Nina Pratama,nina.pratama664@email.com,083954899995,F,1980-04-08,2025-09-16,2,Jl. Ahmad Yani No. 30,Bronze,7,14748466,Bogor
107,Umar Pratama,umar.pratama924@email.com,087103889958,M,1992-10-17,2024-08-01,2,Jl. Merdeka No. 179,Bronze,6,7268645,Bogor
108,Maman Saputra,maman.saputra828@email.com,083097484316,M,1985-10-04,2024-03-10,19,Jl. Diponegoro No. 87,Bronze,6,6462511,Samarinda
109,Fitri Lestari,fitri.lestari651@email.com,084380781824,F,1992-04-16,2024-01-15,10,Jl. Melati No. 55,Bronze,2,1951241,Malang
110,Lukman Lestari,lukman.lestari981@email.com,089984890483,M,1979-10-24,2026-07-06,13,Jl. Kenanga No. 25,Silver,2,1303628,Padang
111,Citra Lestari,citra.lestari356@email.com,084417298242,F,1995-07-07,2024-12-23,26,Jl. Ahmad Yani No. 130,Gold,5,7230510,Kupang
112,Sari Pratama,sari.pratama528@email.com,089669835245,F,1990-05-20,2024-04-28,7,Jl. Melati No. 48,Silver,2,484127,Semarang
113,Rudi Hidayat,rudi.hidayat745@email.com,083691907159,M,2004-07-19,2024-12-27,21,Jl. Melati No. 52,Bronze,5,5913650,Makassar
114,Joko Kusuma,joko.kusuma327@email.com,084913307055,M,1984-07-14,2025-11-04,24,Jl. Diponegoro No. 106,Bronze,4,4744884,Denpasar
115,Fitri Hidayat,fitri.hidayat117@email.com,081644082961,F,1980-07-08,2025-05-16,22,Jl. Merdeka No. 63,Silver,3,4713581,Manado
116,Oktavia Nugroho,oktavia.nugroho207@email.com,085979406794,F,1992-11-02,2024-06-12,18,Jl. Thamrin No. 8,Bronze,2,2093365,Banjarmasin
117,Sari Kusuma,sari.kusuma881@email.com,084850461711,F,1996-01-02,2022-03-28,21,Jl. Gajah Mada No. 155,Bronze,7,5135808,Makassar
118,Pandu Siregar,pandu.siregar742@email.com,084619584847,M,1970-07-27,2025-10-07,12,Jl. Diponegoro No. 29,Silver,5,6730162,Palembang
119,Teguh Ramadhan,teguh.ramadhan906@email.com,081387615589,M,1998-05-16,2025-04-03,27,Jl. Kenanga No. 32,Silver,7,5958462,Jayapura
120,Kartika Wibowo,kartika.wibowo242@email.com,089312909606,F,1989-12-24,2026-02-18,19,Jl. Diponegoro No. 37,Bronze,6,9632946,Samarinda
121,Kurnia Nugroho,kurnia.nugroho547@email.com,085074682264,M,2002-01-16,2023-06-05,14,Jl. Gajah Mada No. 140,Bronze,6,9171370,Pekanbaru
122,Kurnia Siregar,kurnia.siregar377@email.com,088822704697,M,1988-08-23,2022-10-24,26,Jl. Merdeka No. 166,Platinum,3,2271203,Kupang
123,Budi Susanto,budi.susanto394@email.com,084723534498,M,1980-05-18,2025-10-07,26,Jl. Mawar No. 100,Bronze,5,2645273,Kupang
124,Indah Hidayat,indah.hidayat881@email.com,084823580587,F,1980-05-07,2026-08-12,3,Jl. Mawar No. 162,Bronze,9,9736586,Depok
125,Bella Hidayat,bella.hidayat423@email.com,085580012388,F,1996-08-24,2022-06-14,28,Jl. Pahlawan No. 155,Silver,3,3863707,Ambon
126,Oktavia Susanto,oktavia.susanto189@email.com,088001468162,F,1968-11-21,2026-04-10,1,Jl. Thamrin No. 1,Bronze,5,4369542,Jakarta
127,Kartika Lestari,kartika.lestari731@email.com,084277758858,F,1975-04-17,2022-08-15,3,Jl. Kenanga No. 176,Bronze,5,6428759,Depok
128,Oktavia Nugroho,oktavia.nugroho704@email.com,082210310334,F,1973-05-06,2026-02-14,28,Jl. Sudirman No. 107,Bronze,7,10339878,Ambon
129,Maya Wibowo,maya.wibowo946@email.com,082986099771,F,1979-01-01,2025-03-14,29,Jl. Ahmad Yani No. 180,Gold,4,4725441,Sorong
130,Oki Lestari,oki.lestari982@email.com,082580205025,M,1981-03-03,2025-05-14,14,Jl. Kenanga No. 31,Bronze,7,9607781,Pekanbaru
131,Oktavia Wibowo,oktavia.wibowo209@email.com,088654155479,F,1972-04-23,2024-10-09,22,Jl. Ahmad Yani No. 192,Bronze,1,100278,Manado
132,Pandu Wibowo,pandu.wibowo694@email.com,086108275915,M,1978-05-24,2025-05-13,7,Jl. Thamrin No. 105,Silver,9,6556472,Semarang
133,Lukman Hidayat,lukman.hidayat597@email.com,082967799880,M,1993-04-12,2025-06-19,8,Jl. Merdeka No. 121,Bronze,3,5173201,Yogyakarta
134,Maya Ramadhan,maya.ramadhan754@email.com,087859904332,F,1989-12-14,2025-12-31,7,Jl. Sudirman No. 25,Silver,2,2604068,Semarang
135,Maman Siregar,maman.siregar991@email.com,084478291959,M,1987-10-22,2024-08-22,8,Jl. Merdeka No. 65,Silver,5,8786269,Yogyakarta
136,Juli Saputra,juli.saputra595@email.com,086065365127,F,1973-09-02,2024-01-30,22,Jl. Thamrin No. 129,Bronze,4,7018509,Manado
137,Oktavia Kusuma,oktavia.kusuma267@email.com,085796800114,F,1998-07-05,2023-10-12,3,Jl. Merdeka No. 33,Bronze,3,9925350,Depok
138,Lina Siregar,lina.siregar780@email.com,089275186009,F,1981-10-27,2023-08-03,14,Jl. Melati No. 81,Bronze,9,8536832,Pekanbaru
139,Maman Susanto,maman.susanto946@email.com,088723296882,M,1974-09-28,2026-04-14,16,Jl. Merdeka No. 49,Bronze,1,248407,Lampung
140,Hadi Santoso,hadi.santoso447@email.com,083125625600,M,1975-12-15,2023-06-17,16,Jl. Mawar No. 92,Platinum,1,883682,Lampung
141,Oktavia Nugroho,oktavia.nugroho96@email.com,082220270866,F,1974-02-12,2026-01-14,4,Jl. Thamrin No. 192,Silver,5,7191475,Tangerang
142,Tika Siregar,tika.siregar539@email.com,086070504602,F,1978-10-01,2025-04-14,22,Jl. Sudirman No. 64,Silver,3,1579406,Manado
143,Maman Santoso,maman.santoso605@email.com,082389586583,M,1972-07-12,2025-10-27,10,Jl. Merdeka No. 21,Bronze,5,3775838,Malang
144,Oktavia Ramadhan,oktavia.ramadhan672@email.com,087241025565,F,1965-06-02,2025-05-01,9,Jl. Kenanga No. 34,Bronze,2,3383244,Surabaya
145,Lukman Pratama,lukman.pratama391@email.com,085692470851,M,1969-09-20,2022-04-24,26,Jl. Ahmad Yani No. 46,Bronze,4,4102858,Kupang
146,Citra Santoso,citra.santoso413@email.com,083809184791,F,1975-07-25,2023-03-03,28,Jl. Sudirman No. 77,Bronze,3,2891348,Ambon
147,Juli Siregar,juli.siregar99@email.com,088868607194,F,1973-06-22,2025-05-20,22,Jl. Melati No. 52,Bronze,5,7675694,Manado
148,Putri Hidayat,putri.hidayat433@email.com,088778161564,F,1992-02-25,2025-05-14,19,Jl. Kenanga No. 48,Bronze,5,9347526,Samarinda
149,Citra Santoso,citra.santoso664@email.com,083253473926,F,1994-11-08,2023-12-01,17,Jl. Ahmad Yani No. 120,Bronze,6,8157590,Pontianak
150,Juli Kusuma,juli.kusuma438@email.com,089794925952,F,1984-04-17,2025-11-02,5,Jl. Sudirman No. 12,Silver,0,0,Bekasi
151,Nina Wijaya,nina.wijaya261@email.com,083514994916,F,2001-05-12,2025-09-15,15,Jl. Melati No. 5,Bronze,4,5602062,Banda Aceh
152,Fitri Utami,fitri.utami898@email.com,088320250168,F,1967-02-14,2024-03-15,6,Jl. Gajah Mada No. 151,Silver,3,2870104,Bandung
153,Wulan Utami,wulan.utami81@email.com,087889354624,F,1976-04-06,2023-12-01,9,Jl. Sudirman No. 112,Silver,4,3388236,Surabaya
154,Oki Wijaya,oki.wijaya709@email.com,088412733036,M,2006-08-15,2022-12-18,1,Jl. Ahmad Yani No. 159,Gold,2,477994,Jakarta
155,Maya Utami,maya.utami196@email.com,089658161205,F,1973-03-01,2022-06-29,10,Jl. Diponegoro No. 7,Bronze,2,2343817,Malang
156,Joko Saputra,joko.saputra309@email.com,088600894452,M,1999-04-03,2025-07-06,27,Jl. Thamrin No. 122,Bronze,6,4908556,Jayapura
157,Hadi Siregar,hadi.siregar21@email.com,088987764913,M,1993-08-16,2026-02-22,5,Jl. Kenanga No. 63,Bronze,5,9286032,Bekasi
158,Bella Pratama,bella.pratama426@email.com,088939746381,F,2005-12-14,2022-07-30,1,Jl. Kenanga No. 153,Silver,3,5642462,Jakarta
159,Bella Nugroho,bella.nugroho627@email.com,089021427795,F,1997-10-24,2024-09-22,13,Jl. Diponegoro No. 183,Bronze,2,1737807,Padang
160,Pandu Lestari,pandu.lestari428@email.com,089113797058,M,1969-05-21,2025-02-07,11,Jl. Sudirman No. 127,Silver,4,2762300,Medan
161,Oktavia Susanto,oktavia.susanto197@email.com,087310339622,F,1975-05-24,2022-02-12,14,Jl. Mawar No. 60,Silver,1,2409184,Pekanbaru
162,Wulan Wibowo,wulan.wibowo741@email.com,088350343413,F,1994-03-10,2026-01-04,27,Jl. Pahlawan No. 173,Silver,5,6916367,Jayapura
163,Putri Utami,putri.utami708@email.com,084218022734,F,2004-04-10,2022-11-28,28,Jl. Mawar No. 34,Bronze,6,7697914,Ambon
164,Yusuf Nugroho,yusuf.nugroho241@email.com,085372837607,M,1991-08-10,2026-06-14,4,Jl. Ahmad Yani No. 92,Silver,4,6232969,Tangerang
165,Teguh Santoso,teguh.santoso633@email.com,081973627242,M,1986-07-04,2022-05-11,26,Jl. Melati No. 58,Bronze,4,6047462,Kupang
166,Lina Utami,lina.utami874@email.com,083875420006,F,2000-05-05,2026-04-27,2,Jl. Merdeka No. 113,Silver,1,1138885,Bogor
167,Eko Utami,eko.utami520@email.com,081452737164,M,1971-09-02,2025-06-02,20,Jl. Sudirman No. 53,Gold,8,9125752,Palangkaraya
168,Lukman Susanto,lukman.susanto892@email.com,081426465521,M,1997-08-24,2026-04-10,15,Jl. Gajah Mada No. 86,Gold,6,4249222,Banda Aceh
169,Irfan Nugroho,irfan.nugroho829@email.com,087329335818,M,1965-04-27,2026-04-25,14,Jl. Ahmad Yani No. 130,Bronze,6,5979274,Pekanbaru
170,Lina Susanto,lina.susanto252@email.com,081980034265,F,1988-11-22,2024-04-29,25,Jl. Pahlawan No. 106,Gold,2,1580942,Mataram
171,Rina Utami,rina.utami789@email.com,089632663990,F,1966-08-05,2024-01-11,22,Jl. Melati No. 18,Bronze,2,1463155,Manado
172,Maya Utami,maya.utami38@email.com,083755074460,F,1968-07-25,2024-06-07,6,Jl. Kenanga No. 15,Platinum,9,16619367,Bandung
173,Nina Saputra,nina.saputra761@email.com,082478144620,F,2000-05-24,2025-10-26,29,Jl. Ahmad Yani No. 136,Silver,8,9761690,Sorong
174,Oki Nugroho,oki.nugroho634@email.com,088095445250,M,1999-10-26,2023-02-25,21,Jl. Gajah Mada No. 167,Bronze,2,1384747,Makassar
175,Lukman Wijaya,lukman.wijaya737@email.com,082219460880,M,1986-07-24,2025-01-05,2,Jl. Sudirman No. 131,Silver,3,5559726,Bogor
176,Fitri Santoso,fitri.santoso248@email.com,083170137829,F,1999-10-09,2026-06-20,1,Jl. Merdeka No. 96,Bronze,3,3445910,Jakarta
177,Dewi Santoso,dewi.santoso587@email.com,084164784001,F,1972-08-10,2025-08-26,25,Jl. Mawar No. 87,Platinum,5,2825926,Mataram
178,Nanda Hidayat,nanda.hidayat732@email.com,084167591308,M,2001-11-05,2025-09-27,10,Jl. Sudirman No. 84,Silver,4,8890482,Malang
179,Nanda Nugroho,nanda.nugroho95@email.com,085562087085,M,1992-07-03,2022-10-28,4,Jl. Thamrin No. 122,Bronze,4,2800218,Tangerang
180,Nanda Ramadhan,nanda.ramadhan798@email.com,089475140777,M,2002-09-17,2024-04-04,17,Jl. Thamrin No. 37,Silver,6,7862666,Pontianak
181,Oktavia Kusuma,oktavia.kusuma218@email.com,087251034460,F,1998-02-23,2024-11-17,23,Jl. Merdeka No. 192,Bronze,1,283478,Palu
182,Dewi Lestari,dewi.lestari586@email.com,082243782053,F,1972-02-12,2024-04-16,28,Jl. Melati No. 40,Bronze,8,9787510,Ambon
183,Lina Hidayat,lina.hidayat803@email.com,087827384148,F,1966-03-05,2024-09-22,10,Jl. Merdeka No. 79,Gold,5,6592119,Malang
184,Hadi Wibowo,hadi.wibowo358@email.com,085486877079,M,1965-02-18,2024-09-28,24,Jl. Mawar No. 147,Bronze,5,6768530,Denpasar
185,Kartika Utami,kartika.utami142@email.com,082928761313,F,2003-03-25,2024-08-31,13,Jl. Gajah Mada No. 23,Silver,3,1615346,Padang
186,Maya Putri,maya.putri982@email.com,089696467331,F,1986-09-02,2024-03-20,29,Jl. Ahmad Yani No. 144,Silver,3,2645250,Sorong
187,Irfan Lestari,irfan.lestari194@email.com,088518591825,M,1968-10-17,2025-03-27,18,Jl. Melati No. 5,Bronze,2,1236840,Banjarmasin
188,Ahmad Hidayat,ahmad.hidayat909@email.com,087784127397,M,1980-12-27,2023-02-26,26,Jl. Sudirman No. 137,Silver,2,878681,Kupang
189,Tika Santoso,tika.santoso425@email.com,087562288074,F,1986-07-06,2022-02-17,16,Jl. Pahlawan No. 66,Bronze,3,2576087,Lampung
190,Umar Kusuma,umar.kusuma92@email.com,085957368810,M,1976-05-25,2022-10-22,10,Jl. Pahlawan No. 174,Bronze,2,1640140,Malang
191,Fitri Santoso,fitri.santoso328@email.com,085906830717,F,1984-07-04,2022-04-30,23,Jl. Gajah Mada No. 67,Bronze,5,13189871,Palu
192,Budi Putri,budi.putri505@email.com,087461440081,M,2003-10-08,2026-03-21,8,Jl. Sudirman No. 69,Bronze,5,10951964,Yogyakarta
193,Sari Saputra,sari.saputra240@email.com,085374951767,F,1966-07-21,2024-09-18,3,Jl. Melati No. 151,Silver,2,178959,Depok
194,Umar Ramadhan,umar.ramadhan457@email.com,085157148297,M,1984-10-14,2022-09-15,26,Jl. Gajah Mada No. 139,Platinum,6,10091802,Kupang
195,Umar Saputra,umar.saputra476@email.com,087960982010,M,1967-01-27,2024-07-14,18,Jl. Thamrin No. 1,Bronze,3,1431067,Banjarmasin
196,Indah Lestari,indah.lestari648@email.com,082208222796,F,1989-06-27,2025-10-24,9,Jl. Thamrin No. 190,Silver,5,3714380,Surabaya
197,Lukman Wijaya,lukman.wijaya570@email.com,089584871905,M,1972-03-24,2025-12-01,13,Jl. Pahlawan No. 54,Silver,2,4013366,Padang
198,Kartika Ramadhan,kartika.ramadhan679@email.com,089517014405,F,1993-05-08,2026-03-22,9,Jl. Gajah Mada No. 54,Bronze,3,2177150,Surabaya
199,Ani Siregar,ani.siregar488@email.com,089631074408,F,2006-01-20,2022-10-01,23,Jl. Thamrin No. 106,Silver,3,2209996,Palu
200,Maya Sari,maya.sari552@email.com,088179523506,F,2006-11-03,2026-06-01,3,Jl. Sudirman No. 91,Platinum,3,4285626,Depok
201,Wulan Pratama,wulan.pratama380@email.com,085021153897,F,1965-02-15,2022-12-29,13,Jl. Mawar No. 3,Bronze,1,1023839,Padang
202,Kurnia Ramadhan,kurnia.ramadhan629@email.com,087980337876,M,1977-02-27,2024-01-03,23,Jl. Diponegoro No. 60,Platinum,4,4676159,Palu
203,Bella Hidayat,bella.hidayat201@email.com,088037029503,F,2003-04-01,2025-12-12,16,Jl. Sudirman No. 72,Silver,3,5401525,Lampung
204,Fitri Sari,fitri.sari618@email.com,083427258822,F,2001-11-22,2025-09-13,7,Jl. Sudirman No. 151,Bronze,3,2219811,Semarang
205,Fajar Hidayat,fajar.hidayat281@email.com,083911896416,M,1998-12-26,2023-04-12,19,Jl. Melati No. 158,Bronze,2,9100739,Samarinda
206,Ani Saputra,ani.saputra962@email.com,086682238587,F,2006-01-28,2025-10-10,21,Jl. Pahlawan No. 71,Bronze,3,3860814,Makassar
207,Putri Pratama,putri.pratama49@email.com,087222812754,F,1967-12-08,2026-04-04,17,Jl. Merdeka No. 101,Bronze,3,7366060,Pontianak
208,Wawan Utami,wawan.utami981@email.com,082073673810,M,1979-12-14,2026-02-19,1,Jl. Thamrin No. 85,Bronze,4,2864815,Jakarta
209,Ahmad Nugroho,ahmad.nugroho642@email.com,089311022862,M,1966-10-26,2026-07-13,14,Jl. Ahmad Yani No. 64,Bronze,5,8311673,Pekanbaru
210,Maman Wibowo,maman.wibowo243@email.com,085052505985,M,1986-09-26,2026-08-10,2,Jl. Kenanga No. 159,Bronze,3,3604407,Bogor
211,Rudi Lestari,rudi.lestari321@email.com,083977974275,M,1968-01-13,2022-06-25,4,Jl. Thamrin No. 16,Gold,6,6988980,Tangerang
212,Bella Hidayat,bella.hidayat694@email.com,089829550644,F,1992-02-04,2025-07-06,20,Jl. Merdeka No. 76,Gold,6,10515229,Palangkaraya
213,Dewi Lestari,dewi.lestari676@email.com,083680094643,F,1979-10-26,2024-04-21,25,Jl. Mawar No. 99,Bronze,7,5996632,Mataram
214,Wulan Lestari,wulan.lestari27@email.com,081826700966,F,2006-11-26,2023-11-27,4,Jl. Sudirman No. 4,Silver,7,9456341,Tangerang
215,Wawan Utami,wawan.utami522@email.com,086395707726,M,2001-03-21,2023-02-01,27,Jl. Pahlawan No. 124,Silver,1,727195,Jayapura
216,Fitri Putri,fitri.putri320@email.com,087805471449,F,1967-01-05,2026-06-21,5,Jl. Melati No. 167,Silver,4,4030539,Bekasi
217,Tika Siregar,tika.siregar317@email.com,087886247727,F,1974-03-16,2026-05-08,18,Jl. Ahmad Yani No. 95,Platinum,4,3856135,Banjarmasin
218,Budi Putri,budi.putri353@email.com,084901978733,M,2000-01-14,2026-08-05,17,Jl. Sudirman No. 88,Bronze,5,6006966,Pontianak
219,Oktavia Lestari,oktavia.lestari631@email.com,086581875190,F,2002-10-11,2023-11-10,23,Jl. Gajah Mada No. 42,Bronze,7,8857553,Palu
220,Sandi Putri,sandi.putri478@email.com,083679716064,M,1979-12-08,2025-08-01,1,Jl. Diponegoro No. 124,Silver,3,3213591,Jakarta
221,Maya Putri,maya.putri76@email.com,082537111540,F,1965-06-01,2023-01-13,13,Jl. Melati No. 30,Bronze,9,13466644,Padang
222,Gita Ramadhan,gita.ramadhan204@email.com,086144619172,F,1988-01-01,2026-04-17,19,Jl. Thamrin No. 57,Gold,2,304952,Samarinda
223,Maman Wibowo,maman.wibowo181@email.com,088915115447,M,1976-04-01,2023-05-19,18,Jl. Sudirman No. 6,Gold,2,4670752,Banjarmasin
224,Oki Ramadhan,oki.ramadhan468@email.com,086326403406,M,1986-04-10,2022-08-16,26,Jl. Gajah Mada No. 170,Bronze,4,7549323,Kupang
225,Citra Wijaya,citra.wijaya388@email.com,088277194571,F,1977-04-18,2022-09-25,5,Jl. Gajah Mada No. 154,Bronze,3,6917144,Bekasi
226,Budi Utami,budi.utami809@email.com,085933057363,M,1977-09-10,2025-04-17,20,Jl. Diponegoro No. 14,Silver,3,3056904,Palangkaraya
227,Eka Wibowo,eka.wibowo84@email.com,088665078769,F,1996-04-24,2025-04-11,17,Jl. Kenanga No. 17,Bronze,5,8009477,Pontianak
228,Rina Pratama,rina.pratama730@email.com,088277863632,F,1994-03-11,2024-11-28,16,Jl. Mawar No. 122,Bronze,7,15495909,Lampung
229,Tika Ramadhan,tika.ramadhan884@email.com,086301641456,F,1979-04-15,2023-03-01,2,Jl. Diponegoro No. 79,Bronze,2,1764592,Bogor
230,Tika Kusuma,tika.kusuma138@email.com,084228195145,F,1981-09-03,2024-02-06,27,Jl. Ahmad Yani No. 114,Silver,9,16230067,Jayapura
231,Wawan Santoso,wawan.santoso462@email.com,087303083491,M,2004-06-14,2024-11-15,15,Jl. Pahlawan No. 95,Gold,2,2107268,Banda Aceh
232,Indah Saputra,indah.saputra661@email.com,085620905678,F,1993-04-09,2023-01-03,1,Jl. Sudirman No. 76,Gold,8,10831747,Jakarta
233,Kurnia Siregar,kurnia.siregar40@email.com,083345164087,M,1972-02-12,2022-07-21,8,Jl. Gajah Mada No. 51,Silver,4,4943560,Yogyakarta
234,Juli Susanto,juli.susanto619@email.com,085286358927,F,1982-04-23,2026-04-23,27,Jl. Melati No. 67,Bronze,3,7874347,Jayapura
235,Juli Wibowo,juli.wibowo594@email.com,085346037554,F,1990-07-27,2026-05-23,12,Jl. Melati No. 195,Platinum,3,2932566,Palembang
236,Hani Putri,hani.putri529@email.com,088792778835,F,1978-08-08,2026-03-15,24,Jl. Gajah Mada No. 22,Bronze,3,7923196,Denpasar
237,Pandu Utami,pandu.utami874@email.com,083398510824,M,1978-08-15,2024-05-05,23,Jl. Gajah Mada No. 36,Silver,2,2113365,Palu
238,Lukman Susanto,lukman.susanto430@email.com,088527472128,M,1987-06-08,2024-10-20,1,Jl. Melati No. 77,Bronze,2,3953870,Jakarta
239,Wawan Utami,wawan.utami645@email.com,082637750783,M,1974-06-19,2022-10-12,2,Jl. Pahlawan No. 17,Silver,7,8554689,Bogor
240,Sandi Wijaya,sandi.wijaya96@email.com,081736259025,M,1993-11-10,2025-03-12,11,Jl. Melati No. 46,Bronze,6,3907527,Medan
241,Ani Kusuma,ani.kusuma239@email.com,083252262370,F,1989-05-07,2022-05-23,7,Jl. Mawar No. 15,Bronze,4,4502146,Semarang
242,Hadi Pratama,hadi.pratama133@email.com,087599015485,M,1990-03-04,2024-04-21,28,Jl. Mawar No. 191,Bronze,4,6462761,Ambon
243,Fajar Wibowo,fajar.wibowo487@email.com,087266170179,M,1992-12-22,2023-09-27,7,Jl. Diponegoro No. 2,Platinum,7,6857597,Semarang
244,Citra Wibowo,citra.wibowo933@email.com,087403618535,F,1980-09-11,2025-05-23,13,Jl. Mawar No. 148,Bronze,3,2322814,Padang
245,Lukman Ramadhan,lukman.ramadhan729@email.com,088698070838,M,1987-12-27,2024-07-23,29,Jl. Pahlawan No. 157,Gold,2,1421904,Sorong
246,Pandu Putri,pandu.putri933@email.com,083830727200,M,1992-08-13,2025-06-19,6,Jl. Kenanga No. 25,Bronze,4,3668133,Bandung
247,Joko Siregar,joko.siregar299@email.com,089876597305,M,1982-11-18,2022-11-20,28,Jl. Diponegoro No. 127,Bronze,8,10908620,Ambon
248,Nanda Wijaya,nanda.wijaya462@email.com,086002945875,M,1997-06-14,2022-08-04,25,Jl. Diponegoro No. 130,Bronze,6,7837210,Mataram
249,Dedi Ramadhan,dedi.ramadhan764@email.com,086129924345,M,1994-07-11,2025-10-15,23,Jl. Merdeka No. 3,Bronze,2,1612626,Palu
250,Maman Ramadhan,maman.ramadhan85@email.com,089375265373,M,1996-08-03,2024-08-08,24,Jl. Thamrin No. 121,Gold,5,6538411,Denpasar
251,Hadi Wibowo,hadi.wibowo128@email.com,082678685838,M,1971-03-10,2025-05-28,1,Jl. Sudirman No. 172,Silver,1,602301,Jakarta
252,Eka Nugroho,eka.nugroho915@email.com,086223395333,F,1978-12-02,2022-12-31,12,Jl. Merdeka No. 163,Gold,7,6572824,Palembang
253,Oki Susanto,oki.susanto50@email.com,088612441673,M,1968-10-01,2024-06-28,10,Jl. Diponegoro No. 64,Bronze,5,9917332,Malang
254,Irfan Wijaya,irfan.wijaya841@email.com,083873116056,M,1966-01-11,2024-05-13,1,Jl. Diponegoro No. 25,Silver,4,7008992,Jakarta
255,Hadi Santoso,hadi.santoso576@email.com,083692027250,M,1971-06-11,2024-11-15,14,Jl. Kenanga No. 54,Gold,6,7994785,Pekanbaru
256,Nina Wijaya,nina.wijaya178@email.com,085359368511,F,1971-06-11,2023-03-14,8,Jl. Gajah Mada No. 4,Bronze,8,9307470,Yogyakarta
257,Hani Wijaya,hani.wijaya378@email.com,081188716346,F,1982-11-20,2026-07-28,22,Jl. Diponegoro No. 106,Bronze,4,4160143,Manado
258,Dewi Susanto,dewi.susanto983@email.com,089996859399,F,2001-03-09,2026-06-09,18,Jl. Gajah Mada No. 162,Silver,4,4453153,Banjarmasin
259,Maman Kusuma,maman.kusuma70@email.com,082439265956,M,1985-11-16,2026-04-09,21,Jl. Kenanga No. 150,Bronze,7,7532646,Makassar
260,Teguh Lestari,teguh.lestari778@email.com,084851638315,M,1979-01-20,2022-01-28,23,Jl. Ahmad Yani No. 61,Silver,1,1294882,Palu
261,Yusuf Wijaya,yusuf.wijaya207@email.com,085946387490,M,1988-08-10,2022-10-09,2,Jl. Diponegoro No. 165,Bronze,13,24842497,Bogor
262,Kartika Kusuma,kartika.kusuma811@email.com,089493587758,F,2006-01-17,2023-10-13,9,Jl. Ahmad Yani No. 193,Bronze,5,8064449,Surabaya
263,Kartika Putri,kartika.putri821@email.com,084090238502,F,1968-11-08,2025-01-09,7,Jl. Kenanga No. 98,Silver,5,10230517,Semarang
264,Rudi Ramadhan,rudi.ramadhan54@email.com,081877118282,M,1996-02-07,2022-05-13,1,Jl. Sudirman No. 45,Silver,1,1522654,Jakarta
265,Joko Sari,joko.sari739@email.com,081848411797,M,1994-05-06,2024-05-22,3,Jl. Pahlawan No. 46,Silver,2,2046479,Depok
266,Juli Lestari,juli.lestari801@email.com,083066612454,F,1977-05-28,2025-07-25,15,Jl. Gajah Mada No. 102,Bronze,2,2351392,Banda Aceh
267,Oktavia Saputra,oktavia.saputra977@email.com,088703275529,F,1992-03-27,2025-06-02,17,Jl. Merdeka No. 196,Bronze,6,9560074,Pontianak
268,Lukman Lestari,lukman.lestari264@email.com,086928988627,M,2000-12-06,2022-11-09,18,Jl. Ahmad Yani No. 117,Bronze,2,3223977,Banjarmasin
269,Citra Pratama,citra.pratama939@email.com,081814436678,F,1995-04-05,2026-01-04,5,Jl. Merdeka No. 129,Silver,5,9152679,Bekasi
270,Putri Saputra,putri.saputra316@email.com,083526767947,F,1988-07-16,2024-03-19,14,Jl. Pahlawan No. 10,Platinum,1,950395,Pekanbaru
271,Oki Siregar,oki.siregar790@email.com,088396987201,M,1977-07-09,2022-11-29,19,Jl. Melati No. 182,Bronze,4,4810723,Samarinda
272,Bella Ramadhan,bella.ramadhan36@email.com,089711293507,F,1980-04-16,2024-05-18,13,Jl. Thamrin No. 67,Silver,10,13742509,Padang
273,Kurnia Putri,kurnia.putri790@email.com,089986384992,M,1975-01-04,2025-03-30,20,Jl. Pahlawan No. 102,Silver,2,1620292,Palangkaraya
274,Teguh Siregar,teguh.siregar709@email.com,081381708520,M,1975-07-09,2024-05-16,7,Jl. Kenanga No. 199,Silver,4,6065480,Semarang
275,Kurnia Susanto,kurnia.susanto7@email.com,085239242237,M,1990-12-10,2026-03-13,7,Jl. Mawar No. 1,Bronze,3,7849830,Semarang
276,Rina Saputra,rina.saputra384@email.com,081576951818,F,1992-03-06,2023-08-14,21,Jl. Mawar No. 47,Silver,6,3065626,Makassar
277,Rudi Lestari,rudi.lestari768@email.com,084260587490,M,1976-04-02,2023-03-12,27,Jl. Ahmad Yani No. 105,Bronze,4,4388121,Jayapura
278,Hadi Wijaya,hadi.wijaya66@email.com,082469531322,M,1989-02-09,2022-06-25,10,Jl. Kenanga No. 61,Bronze,3,2836688,Malang
279,Ahmad Santoso,ahmad.santoso809@email.com,085241790593,M,1965-11-19,2026-03-20,9,Jl. Sudirman No. 55,Silver,4,4890503,Surabaya
280,Oki Lestari,oki.lestari776@email.com,087139456572,M,1982-08-16,2026-04-09,17,Jl. Gajah Mada No. 175,Gold,2,1026492,Pontianak
281,Hani Pratama,hani.pratama999@email.com,081430258498,F,1989-10-02,2024-03-27,22,Jl. Mawar No. 179,Bronze,4,9330573,Manado
282,Ahmad Lestari,ahmad.lestari835@email.com,086362428326,M,1982-12-25,2024-12-22,4,Jl. Mawar No. 159,Silver,5,5410339,Tangerang
283,Rina Saputra,rina.saputra330@email.com,089661361196,F,1965-11-27,2023-01-20,22,Jl. Gajah Mada No. 12,Platinum,4,1546572,Manado
284,Oktavia Putri,oktavia.putri814@email.com,085644445498,F,1990-12-20,2024-09-19,20,Jl. Pahlawan No. 122,Platinum,5,7137820,Palangkaraya
285,Oki Hidayat,oki.hidayat804@email.com,083167397784,M,1974-09-19,2023-02-04,20,Jl. Thamrin No. 128,Silver,3,808476,Palangkaraya
286,Sari Wibowo,sari.wibowo679@email.com,083322150992,F,1993-02-16,2022-12-11,15,Jl. Diponegoro No. 55,Bronze,2,1763276,Banda Aceh
287,Eko Saputra,eko.saputra785@email.com,082204127801,M,1975-06-13,2022-03-01,23,Jl. Ahmad Yani No. 171,Bronze,1,1586600,Palu
288,Fajar Siregar,fajar.siregar709@email.com,089867677356,M,1996-02-26,2025-07-21,18,Jl. Gajah Mada No. 97,Gold,4,5561138,Banjarmasin
289,Sari Wibowo,sari.wibowo119@email.com,082249734561,F,1979-04-09,2026-07-14,14,Jl. Sudirman No. 23,Bronze,4,2091371,Pekanbaru
290,Eko Lestari,eko.lestari755@email.com,085302176368,M,1985-07-19,2022-09-18,12,Jl. Merdeka No. 152,Silver,10,12079319,Palembang
291,Nina Pratama,nina.pratama617@email.com,083537363541,F,1973-09-22,2024-01-18,25,Jl. Sudirman No. 102,Bronze,6,15418029,Mataram
292,Kartika Kusuma,kartika.kusuma467@email.com,082217162916,F,1979-08-22,2023-08-31,27,Jl. Merdeka No. 154,Bronze,3,3010408,Jayapura
293,Kurnia Wibowo,kurnia.wibowo221@email.com,087421085741,M,1995-11-27,2025-03-21,23,Jl. Pahlawan No. 16,Platinum,3,6868920,Palu
294,Eka Wibowo,eka.wibowo54@email.com,084333061009,F,1979-12-24,2023-03-08,23,Jl. Mawar No. 187,Bronze,3,4516491,Palu
295,Ahmad Sari,ahmad.sari357@email.com,088549324944,M,1992-11-16,2023-11-23,13,Jl. Pahlawan No. 19,Silver,2,3000237,Padang
296,Juli Susanto,juli.susanto135@email.com,086600955228,F,2000-07-04,2025-12-06,7,Jl. Thamrin No. 148,Bronze,3,7749422,Semarang
297,Juli Siregar,juli.siregar753@email.com,083797045905,F,1978-12-07,2023-03-06,5,Jl. Gajah Mada No. 186,Gold,3,7102651,Bekasi
298,Fajar Saputra,fajar.saputra365@email.com,089478947301,M,1975-01-04,2025-10-23,14,Jl. Thamrin No. 14,Bronze,5,2513026,Pekanbaru
299,Tika Saputra,tika.saputra122@email.com,086329433466,F,1990-04-02,2025-07-08,5,Jl. Mawar No. 78,Silver,6,4205081,Bekasi
300,Oki Utami,oki.utami838@email.com,088088031498,M,1970-08-28,2026-06-17,23,Jl. Ahmad Yani No. 162,Silver,4,5377411,Palu
301,Ani Wijaya,ani.wijaya685@email.com,081966088651,F,1972-08-21,2022-06-19,4,Jl. Kenanga No. 147,Platinum,2,3124586,Tangerang
302,Indah Susanto,indah.susanto496@email.com,088313199661,F,2002-03-13,2022-07-13,24,Jl. Ahmad Yani No. 147,Bronze,5,7023754,Denpasar
303,Citra Susanto,citra.susanto833@email.com,084009663602,F,1999-03-13,2026-06-17,28,Jl. Pahlawan No. 143,Gold,0,0,Ambon
304,Citra Sari,citra.sari810@email.com,083799033030,F,1999-12-27,2025-04-12,27,Jl. Diponegoro No. 169,Gold,2,1100576,Jayapura
305,Yusuf Susanto,yusuf.susanto322@email.com,081528475568,M,2000-08-26,2022-01-11,6,Jl. Thamrin No. 148,Bronze,5,11682296,Bandung
306,Dedi Sari,dedi.sari519@email.com,086577349701,M,1967-02-04,2026-03-23,9,Jl. Melati No. 44,Bronze,3,4941975,Surabaya
307,Joko Hidayat,joko.hidayat456@email.com,089576178517,M,1983-11-18,2024-11-29,2,Jl. Kenanga No. 138,Silver,3,774084,Bogor
308,Budi Putri,budi.putri853@email.com,083371125304,M,1974-05-28,2023-01-21,2,Jl. Kenanga No. 92,Bronze,2,275732,Bogor
309,Citra Sari,citra.sari410@email.com,082958796094,F,1989-11-06,2023-06-18,9,Jl. Ahmad Yani No. 174,Bronze,5,7099882,Surabaya
310,Umar Putri,umar.putri662@email.com,083598217672,M,1982-11-23,2025-07-13,3,Jl. Pahlawan No. 40,Bronze,3,1864266,Depok
311,Maya Santoso,maya.santoso545@email.com,087650193311,F,1969-05-04,2023-05-22,20,Jl. Sudirman No. 85,Silver,2,2204761,Palangkaraya
312,Kartika Utami,kartika.utami101@email.com,085160850457,F,1979-05-01,2022-10-27,9,Jl. Pahlawan No. 27,Silver,3,4311833,Surabaya
313,Hadi Sari,hadi.sari542@email.com,081206000737,M,2002-08-04,2023-09-20,24,Jl. Gajah Mada No. 193,Bronze,4,6485030,Denpasar
314,Sari Sari,sari.sari266@email.com,089630725905,F,1995-10-05,2024-04-04,20,Jl. Melati No. 183,Bronze,5,11612222,Palangkaraya
315,Fajar Saputra,fajar.saputra655@email.com,089480412265,M,1982-01-24,2026-02-15,19,Jl. Diponegoro No. 174,Silver,3,4792652,Samarinda
316,Fitri Nugroho,fitri.nugroho283@email.com,089386423260,F,1994-09-10,2026-06-24,12,Jl. Melati No. 184,Gold,4,4847242,Palembang
317,Lukman Ramadhan,lukman.ramadhan321@email.com,084630302254,M,1984-07-25,2022-06-28,28,Jl. Sudirman No. 20,Silver,3,3855366,Ambon
318,Hadi Lestari,hadi.lestari828@email.com,084755317390,M,1983-09-16,2022-06-23,2,Jl. Pahlawan No. 174,Silver,4,4900153,Bogor
319,Sandi Nugroho,sandi.nugroho416@email.com,089649635759,M,1999-12-04,2025-11-04,17,Jl. Diponegoro No. 191,Bronze,5,11429561,Pontianak
320,Sari Susanto,sari.susanto44@email.com,087903616825,F,1998-11-20,2023-05-16,12,Jl. Thamrin No. 173,Gold,4,5855017,Palembang
321,Hadi Wijaya,hadi.wijaya433@email.com,087423157355,M,1997-06-02,2022-10-01,12,Jl. Thamrin No. 96,Platinum,3,3458496,Palembang
322,Hani Wibowo,hani.wibowo495@email.com,086555733635,F,1972-05-10,2026-04-19,18,Jl. Diponegoro No. 1,Silver,6,6549073,Banjarmasin
323,Gita Siregar,gita.siregar914@email.com,083097088483,F,1997-01-15,2025-08-09,10,Jl. Gajah Mada No. 2,Silver,5,11164111,Malang
324,Juli Pratama,juli.pratama412@email.com,082522704758,F,1987-12-06,2022-01-11,4,Jl. Sudirman No. 111,Bronze,4,3269034,Tangerang
325,Teguh Sari,teguh.sari8@email.com,088115186493,M,1991-02-16,2022-11-11,29,Jl. Diponegoro No. 121,Bronze,7,8801698,Sorong
326,Lina Saputra,lina.saputra450@email.com,082887022675,F,1999-05-04,2023-01-09,29,Jl. Thamrin No. 91,Silver,4,4662946,Sorong
327,Nanda Siregar,nanda.siregar292@email.com,081172899535,M,1977-02-07,2025-12-23,28,Jl. Pahlawan No. 108,Silver,4,3614720,Ambon
328,Hadi Ramadhan,hadi.ramadhan501@email.com,087657730492,M,1982-02-14,2024-09-08,7,Jl. Thamrin No. 84,Silver,2,425714,Semarang
329,Rina Susanto,rina.susanto981@email.com,081090848040,F,1989-03-04,2026-08-18,24,Jl. Thamrin No. 89,Silver,4,7066714,Denpasar
330,Budi Ramadhan,budi.ramadhan9@email.com,087160394051,M,1992-10-24,2023-12-02,27,Jl. Ahmad Yani No. 73,Bronze,5,6151977,Jayapura
331,Hani Lestari,hani.lestari288@email.com,084293069999,F,1997-03-08,2026-02-02,5,Jl. Ahmad Yani No. 180,Bronze,6,6340552,Bekasi
332,Gita Nugroho,gita.nugroho515@email.com,083624656441,F,1971-12-24,2026-05-23,23,Jl. Diponegoro No. 152,Silver,4,3907087,Palu
333,Joko Wijaya,joko.wijaya952@email.com,085922930745,M,1967-05-07,2024-04-01,5,Jl. Merdeka No. 158,Bronze,6,6400990,Bekasi
334,Oki Saputra,oki.saputra345@email.com,087124949160,M,2005-04-08,2023-09-20,17,Jl. Merdeka No. 131,Bronze,4,4337152,Pontianak
335,Lukman Wijaya,lukman.wijaya429@email.com,086355689517,M,1982-06-23,2024-01-15,9,Jl. Merdeka No. 47,Bronze,4,6810164,Surabaya
336,Maman Putri,maman.putri442@email.com,086088849062,M,1982-10-04,2024-08-24,10,Jl. Mawar No. 94,Bronze,4,7821610,Malang
337,Eko Ramadhan,eko.ramadhan370@email.com,082595976710,M,2000-03-11,2025-10-30,1,Jl. Ahmad Yani No. 54,Silver,5,4823905,Jakarta
338,Eko Kusuma,eko.kusuma601@email.com,084510745572,M,2003-02-02,2026-03-01,21,Jl. Diponegoro No. 181,Bronze,2,1489545,Makassar
339,Dedi Sari,dedi.sari780@email.com,084095681282,M,1984-12-16,2023-12-04,20,Jl. Merdeka No. 33,Bronze,6,6736556,Palangkaraya
340,Sari Pratama,sari.pratama121@email.com,089207034721,F,1993-11-23,2024-01-20,29,Jl. Sudirman No. 124,Bronze,4,3999229,Sorong
341,Hadi Lestari,hadi.lestari979@email.com,083431702140,M,1973-05-02,2025-11-27,9,Jl. Diponegoro No. 190,Gold,4,5072142,Surabaya
342,Sari Wibowo,sari.wibowo522@email.com,088642345291,F,1975-08-25,2022-06-03,17,Jl. Pahlawan No. 156,Bronze,6,8887048,Pontianak
343,Ahmad Kusuma,ahmad.kusuma901@email.com,087497407953,M,2002-12-01,2023-03-23,19,Jl. Melati No. 182,Silver,4,8648243,Samarinda
344,Juli Wibowo,juli.wibowo176@email.com,081961769664,F,1982-09-04,2023-08-30,8,Jl. Melati No. 61,Bronze,8,10073035,Yogyakarta
345,Kurnia Siregar,kurnia.siregar844@email.com,081499010108,M,1968-11-08,2023-07-08,5,Jl. Gajah Mada No. 162,Silver,2,838377,Bekasi
346,Kartika Wijaya,kartika.wijaya419@email.com,086561533151,F,1981-12-05,2025-01-29,23,Jl. Merdeka No. 161,Gold,7,2734739,Palu
347,Hani Susanto,hani.susanto674@email.com,088103123072,F,1981-01-18,2022-12-28,9,Jl. Kenanga No. 142,Bronze,1,1193700,Surabaya
348,Hani Pratama,hani.pratama879@email.com,088528638280,F,2002-11-26,2023-02-22,9,Jl. Thamrin No. 115,Bronze,1,652482,Surabaya
349,Lina Kusuma,lina.kusuma471@email.com,084703774386,F,1970-08-06,2024-09-08,29,Jl. Diponegoro No. 146,Bronze,6,5585114,Sorong
350,Lukman Santoso,lukman.santoso623@email.com,081806801100,M,1976-07-22,2022-11-30,10,Jl. Thamrin No. 19,Bronze,3,2133178,Malang
351,Maya Wijaya,maya.wijaya828@email.com,089640565939,F,1973-12-25,2024-12-14,24,Jl. Sudirman No. 97,Bronze,1,1033936,Denpasar
352,Ahmad Utami,ahmad.utami789@email.com,085654007427,M,1967-03-08,2025-08-12,27,Jl. Thamrin No. 161,Silver,9,14057011,Jayapura
353,Eko Sari,eko.sari208@email.com,085892956017,M,1986-12-03,2026-08-03,24,Jl. Kenanga No. 114,Gold,1,522762,Denpasar
354,Kartika Nugroho,kartika.nugroho274@email.com,081528605335,F,1968-09-23,2023-05-15,5,Jl. Merdeka No. 27,Silver,2,1332678,Bekasi
355,Teguh Siregar,teguh.siregar25@email.com,086268529625,M,1974-01-08,2024-04-30,27,Jl. Pahlawan No. 38,Bronze,5,2019141,Jayapura
356,Hani Siregar,hani.siregar843@email.com,084872405446,F,1989-11-23,2025-11-02,29,Jl. Mawar No. 44,Platinum,5,9635411,Sorong
357,Eko Hidayat,eko.hidayat370@email.com,084950827048,M,2004-06-04,2022-06-06,12,Jl. Merdeka No. 155,Bronze,5,9533458,Palembang
358,Rina Pratama,rina.pratama704@email.com,088806371697,F,1992-03-22,2023-01-07,20,Jl. Gajah Mada No. 27,Bronze,4,3039358,Palangkaraya
359,Lina Siregar,lina.siregar956@email.com,085200690282,F,1969-01-28,2026-07-19,9,Jl. Thamrin No. 82,Bronze,6,4745207,Surabaya
360,Putri Wibowo,putri.wibowo286@email.com,081621343575,F,2001-07-24,2022-08-20,3,Jl. Gajah Mada No. 33,Bronze,8,9667514,Depok
361,Lina Pratama,lina.pratama617@email.com,082432221894,F,1995-12-14,2024-05-18,16,Jl. Diponegoro No. 99,Bronze,1,728487,Lampung
362,Sari Sari,sari.sari86@email.com,084213853162,F,1999-04-13,2024-12-26,16,Jl. Sudirman No. 61,Bronze,7,13858263,Lampung
363,Ahmad Pratama,ahmad.pratama934@email.com,086795403548,M,1973-02-02,2024-08-28,18,Jl. Thamrin No. 76,Bronze,2,2141202,Banjarmasin
364,Hani Putri,hani.putri121@email.com,084023497467,F,1968-12-05,2023-04-05,27,Jl. Pahlawan No. 188,Bronze,3,3726085,Jayapura
365,Lina Santoso,lina.santoso858@email.com,081679348721,F,2002-02-16,2022-08-06,23,Jl. Thamrin No. 94,Bronze,9,17040717,Palu
366,Dedi Santoso,dedi.santoso187@email.com,089369885242,M,1991-03-25,2026-07-25,19,Jl. Mawar No. 106,Silver,5,5118995,Samarinda
367,Ani Hidayat,ani.hidayat619@email.com,084226091368,F,1968-11-02,2022-11-16,4,Jl. Melati No. 42,Bronze,1,1038839,Tangerang
368,Oktavia Sari,oktavia.sari314@email.com,084046647159,F,1981-10-17,2026-08-26,23,Jl. Pahlawan No. 41,Bronze,3,3443250,Palu
369,Teguh Saputra,teguh.saputra58@email.com,086235163181,M,1978-07-20,2026-03-02,5,Jl. Thamrin No. 191,Platinum,6,6694822,Bekasi
370,Rudi Nugroho,rudi.nugroho390@email.com,081707915261,M,2006-07-27,2025-08-29,11,Jl. Gajah Mada No. 166,Bronze,4,5499483,Medan
371,Dewi Wijaya,dewi.wijaya246@email.com,082212069537,F,2003-06-01,2024-01-13,3,Jl. Melati No. 28,Bronze,3,6903634,Depok
372,Lukman Putri,lukman.putri276@email.com,089782669254,M,2005-01-08,2023-02-18,18,Jl. Mawar No. 12,Bronze,0,0,Banjarmasin
373,Lukman Santoso,lukman.santoso200@email.com,083897756110,M,1983-07-17,2026-03-20,12,Jl. Gajah Mada No. 105,Gold,0,0,Palembang
374,Teguh Utami,teguh.utami392@email.com,085455634687,M,1966-10-26,2022-11-04,25,Jl. Thamrin No. 39,Silver,3,4061520,Mataram
375,Dedi Susanto,dedi.susanto736@email.com,086761334796,M,2006-03-25,2023-03-18,8,Jl. Thamrin No. 87,Bronze,3,6451665,Yogyakarta
376,Bella Siregar,bella.siregar626@email.com,083606517080,F,1989-04-07,2026-05-05,23,Jl. Thamrin No. 146,Silver,2,8219434,Palu
377,Dewi Utami,dewi.utami993@email.com,084844574882,F,1984-09-28,2022-10-20,1,Jl. Mawar No. 25,Bronze,4,3705177,Jakarta
378,Lukman Kusuma,lukman.kusuma92@email.com,081305517870,M,2001-06-12,2023-07-28,3,Jl. Mawar No. 67,Platinum,3,5963576,Depok
379,Oktavia Ramadhan,oktavia.ramadhan373@email.com,088984358195,F,2001-08-02,2022-09-11,5,Jl. Pahlawan No. 105,Gold,3,2946269,Bekasi
380,Rudi Pratama,rudi.pratama699@email.com,087228098909,M,1985-06-03,2025-07-03,17,Jl. Merdeka No. 159,Platinum,5,9168359,Pontianak
381,Joko Susanto,joko.susanto108@email.com,086543345069,M,1965-03-28,2025-02-22,27,Jl. Thamrin No. 146,Bronze,6,11819591,Jayapura
382,Joko Saputra,joko.saputra480@email.com,082996528430,M,1970-06-15,2024-08-04,28,Jl. Sudirman No. 47,Silver,2,2404272,Ambon
383,Nina Putri,nina.putri619@email.com,083088621200,F,1969-06-11,2023-11-05,13,Jl. Mawar No. 30,Bronze,2,382249,Padang
384,Umar Kusuma,umar.kusuma582@email.com,082633310909,M,2005-04-11,2022-10-26,16,Jl. Gajah Mada No. 111,Platinum,3,3991890,Lampung
385,Budi Putri,budi.putri651@email.com,081756367883,M,1992-05-09,2022-02-16,28,Jl. Thamrin No. 18,Bronze,6,4648568,Ambon
386,Lukman Wibowo,lukman.wibowo686@email.com,089130688289,M,1991-09-07,2024-07-13,23,Jl. Thamrin No. 14,Bronze,4,7333362,Palu
387,Kartika Utami,kartika.utami494@email.com,088287228425,F,1977-06-14,2022-12-03,10,Jl. Gajah Mada No. 178,Silver,2,1353717,Malang
388,Umar Utami,umar.utami684@email.com,085916093622,M,1977-02-24,2025-05-07,29,Jl. Gajah Mada No. 4,Bronze,4,1602685,Sorong
389,Eka Nugroho,eka.nugroho270@email.com,081418527641,F,1972-11-14,2023-10-11,28,Jl. Diponegoro No. 191,Platinum,3,1327923,Ambon
390,Sari Utami,sari.utami215@email.com,085090427575,F,1989-04-12,2025-05-15,6,Jl. Kenanga No. 4,Bronze,1,2296692,Bandung
391,Ani Hidayat,ani.hidayat512@email.com,087253461596,F,1997-02-23,2023-09-21,29,Jl. Pahlawan No. 91,Bronze,6,9119121,Sorong
392,Rina Utami,rina.utami383@email.com,083555040867,F,1976-08-14,2022-08-21,11,Jl. Melati No. 112,Bronze,4,4836518,Medan
393,Juli Susanto,juli.susanto666@email.com,089660485827,F,1970-02-03,2022-07-23,20,Jl. Pahlawan No. 27,Bronze,5,6175039,Palangkaraya
394,Rudi Sari,rudi.sari873@email.com,082806638735,M,1967-11-10,2026-07-09,19,Jl. Diponegoro No. 199,Bronze,1,500658,Samarinda
395,Dewi Putri,dewi.putri936@email.com,087287605035,F,1972-06-26,2024-08-19,28,Jl. Pahlawan No. 2,Gold,1,1055325,Ambon
396,Teguh Hidayat,teguh.hidayat925@email.com,082037468443,M,1981-05-27,2025-09-10,9,Jl. Pahlawan No. 9,Bronze,3,1684204,Surabaya
397,Nanda Wibowo,nanda.wibowo175@email.com,089559135932,M,2003-06-11,2024-11-28,27,Jl. Diponegoro No. 143,Platinum,6,7684473,Jayapura
398,Yusuf Ramadhan,yusuf.ramadhan132@email.com,084127220285,M,1968-10-14,2026-08-24,13,Jl. Pahlawan No. 82,Silver,2,2930693,Padang
399,Hani Wijaya,hani.wijaya647@email.com,089232015048,F,1973-09-04,2026-06-29,23,Jl. Melati No. 41,Gold,6,6735325,Palu
400,Dedi Wijaya,dedi.wijaya608@email.com,081657338801,M,1965-11-25,2024-06-14,1,Jl. Kenanga No. 182,Silver,2,3679367,Jakarta
401,Wawan Saputra,wawan.saputra647@email.com,088634689853,M,1973-08-21,2026-03-01,1,Jl. Thamrin No. 62,Silver,7,12951631,Jakarta
402,Lukman Putri,lukman.putri53@email.com,082180964952,M,1989-05-22,2023-05-18,18,Jl. Thamrin No. 161,Bronze,5,7415911,Banjarmasin
403,Eko Nugroho,eko.nugroho269@email.com,084842298310,M,1971-03-10,2022-09-09,20,Jl. Sudirman No. 20,Bronze,5,7635476,Palangkaraya
404,Gita Saputra,gita.saputra499@email.com,081327760496,F,1966-07-03,2024-10-02,4,Jl. Pahlawan No. 97,Gold,2,3293226,Tangerang
405,Fitri Kusuma,fitri.kusuma647@email.com,081135078768,F,1976-11-19,2022-01-21,10,Jl. Gajah Mada No. 89,Bronze,2,6094510,Malang
406,Hadi Sari,hadi.sari31@email.com,083301905670,M,1972-04-20,2023-06-06,24,Jl. Melati No. 132,Silver,0,0,Denpasar
407,Nanda Wijaya,nanda.wijaya226@email.com,089948318521,M,1966-06-05,2023-03-21,29,Jl. Thamrin No. 69,Bronze,3,7668064,Sorong
408,Dedi Pratama,dedi.pratama764@email.com,088769646224,M,2006-05-15,2025-02-03,23,Jl. Pahlawan No. 132,Gold,7,4858306,Palu
409,Kurnia Kusuma,kurnia.kusuma598@email.com,087818599399,M,1982-07-04,2025-11-08,7,Jl. Thamrin No. 53,Platinum,4,12808387,Semarang
410,Nina Siregar,nina.siregar836@email.com,086940136692,F,2003-12-09,2024-05-17,15,Jl. Diponegoro No. 146,Bronze,3,5391351,Banda Aceh
411,Rudi Kusuma,rudi.kusuma420@email.com,086807883867,M,1997-05-19,2022-03-11,29,Jl. Merdeka No. 30,Bronze,4,9516253,Sorong
412,Nina Utami,nina.utami673@email.com,086891236110,F,1980-02-07,2024-01-03,6,Jl. Thamrin No. 200,Bronze,7,7170308,Bandung
413,Maman Susanto,maman.susanto582@email.com,088710494605,M,1986-04-15,2026-01-08,1,Jl. Diponegoro No. 144,Bronze,4,6614038,Jakarta
414,Wulan Putri,wulan.putri734@email.com,089911302073,F,1971-09-09,2023-03-22,17,Jl. Pahlawan No. 175,Silver,3,2654851,Pontianak
415,Kartika Putri,kartika.putri282@email.com,082809200195,F,1996-08-02,2022-04-12,7,Jl. Sudirman No. 116,Bronze,0,0,Semarang
416,Tika Saputra,tika.saputra660@email.com,087278262300,F,1966-05-01,2025-03-26,8,Jl. Thamrin No. 104,Bronze,6,14863596,Yogyakarta
417,Maman Ramadhan,maman.ramadhan822@email.com,086587745053,M,1995-02-27,2022-05-23,1,Jl. Gajah Mada No. 193,Bronze,3,6113884,Jakarta
418,Umar Utami,umar.utami306@email.com,087247381006,M,2004-01-13,2024-10-08,11,Jl. Sudirman No. 96,Gold,3,5182012,Medan
419,Ahmad Putri,ahmad.putri331@email.com,088405611782,M,1965-03-04,2026-08-18,2,Jl. Diponegoro No. 44,Bronze,4,4039446,Bogor
420,Sari Santoso,sari.santoso50@email.com,089362923510,F,1981-01-04,2022-04-18,23,Jl. Sudirman No. 68,Bronze,8,8726645,Palu
421,Indah Susanto,indah.susanto130@email.com,089141012041,F,2002-08-04,2022-10-10,6,Jl. Mawar No. 172,Bronze,5,9033977,Bandung
422,Wawan Nugroho,wawan.nugroho749@email.com,083073207837,M,1982-06-25,2024-09-30,22,Jl. Sudirman No. 68,Silver,7,13105064,Manado
423,Nanda Sari,nanda.sari211@email.com,083984852250,M,2006-12-28,2023-05-12,27,Jl. Sudirman No. 127,Bronze,5,5895221,Jayapura
424,Irfan Nugroho,irfan.nugroho349@email.com,088982019929,M,1977-08-04,2024-02-28,27,Jl. Ahmad Yani No. 182,Bronze,1,2308981,Jayapura
425,Teguh Wijaya,teguh.wijaya889@email.com,082718866989,M,1988-07-15,2023-03-25,5,Jl. Sudirman No. 72,Bronze,1,4979195,Bekasi
426,Tika Ramadhan,tika.ramadhan113@email.com,082033207905,F,1994-02-24,2022-10-29,4,Jl. Mawar No. 48,Bronze,3,3871123,Tangerang
427,Rina Nugroho,rina.nugroho363@email.com,082853165178,F,1972-09-03,2023-06-28,12,Jl. Thamrin No. 102,Silver,4,3830324,Palembang
428,Bella Nugroho,bella.nugroho392@email.com,082815003262,F,1971-01-21,2024-01-28,9,Jl. Ahmad Yani No. 49,Bronze,5,2612647,Surabaya
429,Rina Lestari,rina.lestari52@email.com,083776030024,F,1992-02-22,2024-11-28,16,Jl. Sudirman No. 57,Bronze,4,3523895,Lampung
430,Wawan Hidayat,wawan.hidayat232@email.com,087032536684,M,1999-02-09,2022-05-15,8,Jl. Pahlawan No. 26,Bronze,2,2763474,Yogyakarta
431,Putri Putri,putri.putri295@email.com,081013343914,F,1978-06-21,2026-05-29,6,Jl. Thamrin No. 129,Gold,3,6110157,Bandung
432,Juli Wibowo,juli.wibowo72@email.com,081715736788,F,1975-06-22,2023-05-04,23,Jl. Gajah Mada No. 117,Bronze,6,7527216,Palu
433,Sandi Saputra,sandi.saputra175@email.com,084663992245,M,1976-05-03,2022-02-12,11,Jl. Kenanga No. 91,Platinum,3,4593889,Medan
434,Sandi Wibowo,sandi.wibowo18@email.com,089548759191,M,1972-01-27,2024-08-25,8,Jl. Diponegoro No. 135,Silver,9,15444143,Yogyakarta
435,Eko Wijaya,eko.wijaya753@email.com,087638795698,M,1986-08-16,2026-07-05,10,Jl. Mawar No. 65,Bronze,7,7083036,Malang
436,Nanda Hidayat,nanda.hidayat886@email.com,087853666330,M,1998-11-28,2023-11-15,23,Jl. Sudirman No. 70,Silver,4,1644497,Palu
437,Fajar Saputra,fajar.saputra32@email.com,089475218545,M,1974-06-16,2023-03-28,28,Jl. Gajah Mada No. 53,Silver,3,678660,Ambon
438,Oki Ramadhan,oki.ramadhan921@email.com,089213654445,M,2005-11-18,2023-07-15,4,Jl. Melati No. 45,Bronze,8,14399600,Tangerang
439,Kartika Saputra,kartika.saputra43@email.com,088309328395,F,1982-05-07,2024-05-04,19,Jl. Kenanga No. 32,Bronze,3,9205182,Samarinda
440,Tika Utami,tika.utami511@email.com,085926890511,F,1983-02-01,2023-12-12,26,Jl. Thamrin No. 134,Platinum,2,1344954,Kupang
441,Lukman Nugroho,lukman.nugroho42@email.com,086228372352,M,1983-01-15,2022-05-13,10,Jl. Kenanga No. 32,Bronze,4,10676033,Malang
442,Ani Saputra,ani.saputra142@email.com,089959316663,F,1965-01-09,2025-09-14,12,Jl. Ahmad Yani No. 37,Platinum,6,7281977,Palembang
443,Pandu Lestari,pandu.lestari956@email.com,082523133874,M,1979-01-16,2023-08-19,3,Jl. Pahlawan No. 109,Bronze,6,4565164,Depok
444,Kurnia Siregar,kurnia.siregar447@email.com,083483210174,M,1984-03-19,2025-05-07,10,Jl. Diponegoro No. 65,Bronze,4,8911058,Malang
445,Lukman Hidayat,lukman.hidayat559@email.com,086082544784,M,2001-11-15,2023-09-01,3,Jl. Pahlawan No. 25,Bronze,3,2669088,Depok
446,Kartika Sari,kartika.sari438@email.com,087298795267,F,1987-08-12,2025-12-30,22,Jl. Pahlawan No. 119,Bronze,2,1056632,Manado
447,Pandu Wijaya,pandu.wijaya249@email.com,082602500198,M,2004-05-26,2022-10-15,25,Jl. Kenanga No. 140,Gold,6,6649215,Mataram
448,Bella Utami,bella.utami7@email.com,087519795910,F,1973-07-22,2024-03-15,28,Jl. Merdeka No. 22,Bronze,2,1439033,Ambon
449,Maman Lestari,maman.lestari708@email.com,081261412194,M,1983-10-16,2026-08-11,4,Jl. Kenanga No. 173,Silver,7,5227120,Tangerang
450,Irfan Sari,irfan.sari917@email.com,084660410361,M,1996-03-08,2025-02-25,5,Jl. Ahmad Yani No. 161,Bronze,4,5107481,Bekasi
451,Sandi Lestari,sandi.lestari157@email.com,081416026153,M,1972-02-01,2023-02-16,23,Jl. Diponegoro No. 27,Bronze,4,7321882,Palu
452,Maya Santoso,maya.santoso840@email.com,085824092354,F,1990-08-06,2023-09-07,4,Jl. Thamrin No. 163,Bronze,2,5334288,Tangerang
453,Joko Kusuma,joko.kusuma492@email.com,086540663258,M,1999-04-16,2026-02-27,17,Jl. Sudirman No. 151,Bronze,2,1604394,Pontianak
454,Maya Saputra,maya.saputra834@email.com,082824643661,F,1971-08-14,2026-06-27,23,Jl. Merdeka No. 73,Bronze,2,1279104,Palu
455,Ani Lestari,ani.lestari635@email.com,082909024435,F,2006-11-22,2022-03-11,10,Jl. Gajah Mada No. 36,Bronze,2,685521,Malang
456,Indah Santoso,indah.santoso358@email.com,087550064137,F,1997-09-07,2024-01-03,6,Jl. Melati No. 17,Bronze,2,4325545,Bandung
457,Nanda Ramadhan,nanda.ramadhan880@email.com,084378837318,M,1986-08-23,2025-02-27,24,Jl. Ahmad Yani No. 196,Silver,4,4134876,Denpasar
458,Citra Siregar,citra.siregar621@email.com,083830262384,F,1995-07-16,2025-08-14,27,Jl. Kenanga No. 182,Gold,8,9281721,Jayapura
459,Eka Susanto,eka.susanto633@email.com,088859301687,F,2002-06-19,2025-04-20,11,Jl. Sudirman No. 12,Bronze,2,1796190,Medan
460,Joko Wijaya,joko.wijaya332@email.com,084263785520,M,1996-11-16,2022-08-06,22,Jl. Diponegoro No. 27,Gold,3,2511160,Manado
461,Oki Utami,oki.utami118@email.com,084220946051,M,1968-10-09,2022-05-12,14,Jl. Mawar No. 196,Bronze,3,3336694,Pekanbaru
462,Hadi Pratama,hadi.pratama653@email.com,081857852848,M,1993-07-05,2025-12-01,4,Jl. Ahmad Yani No. 126,Bronze,3,1431639,Tangerang
463,Hani Putri,hani.putri809@email.com,081825904244,F,1992-09-26,2022-11-28,24,Jl. Kenanga No. 7,Silver,3,5941603,Denpasar
464,Irfan Santoso,irfan.santoso418@email.com,084712961266,M,1965-06-25,2022-10-15,26,Jl. Gajah Mada No. 48,Silver,7,6303148,Kupang
465,Gita Wibowo,gita.wibowo366@email.com,085583394443,F,1995-09-12,2025-03-14,7,Jl. Pahlawan No. 161,Bronze,4,5840422,Semarang
466,Wawan Wijaya,wawan.wijaya121@email.com,083141952775,M,1998-05-04,2026-05-22,5,Jl. Merdeka No. 154,Silver,2,6510178,Bekasi
467,Joko Wibowo,joko.wibowo367@email.com,084742949477,M,1981-07-23,2026-08-24,10,Jl. Ahmad Yani No. 20,Silver,5,10111176,Malang
468,Teguh Siregar,teguh.siregar59@email.com,084830287810,M,1984-07-20,2024-10-21,20,Jl. Kenanga No. 121,Gold,3,2960212,Palangkaraya
469,Ani Santoso,ani.santoso910@email.com,084284515765,F,1981-04-11,2024-05-13,11,Jl. Thamrin No. 53,Silver,8,9052231,Medan
470,Bella Putri,bella.putri856@email.com,085446846255,F,2001-10-23,2022-05-30,16,Jl. Sudirman No. 107,Silver,1,2856677,Lampung
471,Umar Nugroho,umar.nugroho509@email.com,083180143731,M,1967-02-02,2023-07-09,5,Jl. Gajah Mada No. 111,Bronze,3,6018333,Bekasi
472,Ahmad Siregar,ahmad.siregar881@email.com,089667651430,M,1977-09-20,2022-02-23,2,Jl. Mawar No. 14,Bronze,6,6012476,Bogor
473,Eka Saputra,eka.saputra449@email.com,089175690539,F,2000-03-04,2024-05-24,23,Jl. Gajah Mada No. 50,Bronze,3,4837326,Palu
474,Joko Putri,joko.putri766@email.com,084443563465,M,1965-04-14,2025-04-20,3,Jl. Diponegoro No. 15,Bronze,3,7310222,Depok
475,Rudi Kusuma,rudi.kusuma671@email.com,084824344960,M,1985-06-20,2022-03-31,10,Jl. Ahmad Yani No. 34,Silver,3,3316893,Malang
476,Dewi Ramadhan,dewi.ramadhan507@email.com,088788600364,F,1981-09-07,2022-06-06,3,Jl. Diponegoro No. 114,Silver,0,0,Depok
477,Sari Hidayat,sari.hidayat327@email.com,083162281537,F,1980-09-09,2025-08-31,28,Jl. Merdeka No. 89,Gold,1,2256770,Ambon
478,Indah Wijaya,indah.wijaya760@email.com,083374969448,F,1998-04-10,2022-10-08,7,Jl. Sudirman No. 96,Silver,1,205165,Semarang
479,Budi Putri,budi.putri22@email.com,085439948992,M,2006-08-04,2024-06-20,23,Jl. Ahmad Yani No. 151,Bronze,5,6040807,Palu
480,Budi Hidayat,budi.hidayat884@email.com,086938171032,M,1989-08-01,2025-06-02,28,Jl. Mawar No. 12,Bronze,6,9718405,Ambon
481,Fitri Ramadhan,fitri.ramadhan33@email.com,089131100497,F,1968-11-10,2024-12-26,14,Jl. Ahmad Yani No. 193,Silver,3,1906370,Pekanbaru
482,Maman Susanto,maman.susanto747@email.com,084231536511,M,1992-07-26,2025-06-26,27,Jl. Sudirman No. 142,Bronze,6,5919678,Jayapura
483,Sari Nugroho,sari.nugroho167@email.com,089419445903,F,2001-09-09,2025-03-18,14,Jl. Mawar No. 191,Platinum,6,15647252,Pekanbaru
484,Fajar Siregar,fajar.siregar790@email.com,087626295106,M,1982-02-08,2023-07-29,1,Jl. Gajah Mada No. 147,Bronze,3,4016317,Jakarta
485,Lina Hidayat,lina.hidayat128@email.com,088132980658,F,2006-10-01,2023-05-29,22,Jl. Ahmad Yani No. 46,Bronze,4,5124377,Manado
486,Rudi Santoso,rudi.santoso865@email.com,083390614928,M,1987-08-21,2022-03-17,15,Jl. Pahlawan No. 15,Silver,3,7194397,Banda Aceh
487,Kurnia Siregar,kurnia.siregar185@email.com,088673971451,M,1985-02-15,2025-02-03,20,Jl. Ahmad Yani No. 127,Bronze,4,2027642,Palangkaraya
488,Fajar Wibowo,fajar.wibowo671@email.com,081165363881,M,1968-04-04,2025-09-05,20,Jl. Melati No. 113,Silver,1,5496630,Palangkaraya
489,Umar Susanto,umar.susanto695@email.com,088943143990,M,1981-05-01,2022-05-05,8,Jl. Melati No. 184,Bronze,4,5423731,Yogyakarta
490,Nanda Wijaya,nanda.wijaya80@email.com,082017815838,M,1993-02-17,2024-11-04,3,Jl. Gajah Mada No. 147,Bronze,4,10568598,Depok
491,Citra Ramadhan,citra.ramadhan622@email.com,088680107879,F,1974-01-11,2023-08-03,14,Jl. Gajah Mada No. 105,Gold,8,8821538,Pekanbaru
492,Putri Hidayat,putri.hidayat298@email.com,084995644660,F,1975-06-02,2022-03-05,20,Jl. Kenanga No. 7,Bronze,10,14266285,Palangkaraya
493,Maman Sari,maman.sari353@email.com,085037010859,M,1997-10-23,2026-05-19,23,Jl. Pahlawan No. 150,Bronze,3,4164677,Palu
494,Oki Utami,oki.utami516@email.com,088447263911,M,1969-04-19,2022-06-10,21,Jl. Melati No. 188,Bronze,3,3554532,Makassar
495,Yusuf Nugroho,yusuf.nugroho276@email.com,087765620342,M,1998-08-11,2024-12-10,22,Jl. Diponegoro No. 85,Bronze,4,4082374,Manado
496,Hani Nugroho,hani.nugroho456@email.com,089075512531,F,1972-12-08,2026-03-13,11,Jl. Gajah Mada No. 21,Bronze,6,10388934,Medan
497,Nanda Ramadhan,nanda.ramadhan429@email.com,085238037402,M,1979-08-26,2025-05-24,16,Jl. Melati No. 63,Silver,5,5057801,Lampung
498,Tika Ramadhan,tika.ramadhan322@email.com,081506651617,F,1981-05-11,2025-05-25,5,Jl. Pahlawan No. 108,Silver,1,1201204,Bekasi
499,Wawan Nugroho,wawan.nugroho16@email.com,081716275768,M,1977-03-15,2026-05-02,21,Jl. Pahlawan No. 68,Silver,4,7064098,Makassar
500,Dewi Kusuma,dewi.kusuma171@email.com,085251731939,F,1992-01-23,2022-03-11,28,Jl. Thamrin No. 132,Gold,1,3396089,Ambon
501,Nina Pratama,nina.pratama301@email.com,085806195714,F,2000-04-23,2024-04-03,5,Jl. Gajah Mada No. 152,Silver,7,6029614,Bekasi
502,Budi Wijaya,budi.wijaya461@email.com,087166242227,M,1993-07-21,2023-12-28,24,Jl. Mawar No. 180,Bronze,0,0,Denpasar
503,Wawan Siregar,wawan.siregar608@email.com,087842090240,M,1970-03-01,2024-11-09,27,Jl. Mawar No. 98,Bronze,5,6797953,Jayapura
504,Teguh Susanto,teguh.susanto506@email.com,082465087284,M,1971-04-10,2023-07-27,19,Jl. Kenanga No. 133,Gold,11,20679857,Samarinda
505,Juli Pratama,juli.pratama834@email.com,084139556167,F,1976-03-02,2023-10-15,13,Jl. Pahlawan No. 133,Bronze,1,1698830,Padang
506,Dewi Pratama,dewi.pratama499@email.com,082885133086,F,1972-05-09,2022-12-06,10,Jl. Thamrin No. 74,Gold,8,9889226,Malang
507,Wulan Utami,wulan.utami212@email.com,081725215637,F,1982-03-04,2023-04-20,4,Jl. Kenanga No. 11,Platinum,6,3786236,Tangerang
508,Ahmad Nugroho,ahmad.nugroho289@email.com,087748102981,M,1966-06-07,2026-08-12,27,Jl. Mawar No. 134,Bronze,2,1039590,Jayapura
509,Juli Siregar,juli.siregar506@email.com,082129819217,F,1972-08-14,2026-01-06,4,Jl. Thamrin No. 72,Silver,4,2338856,Tangerang
510,Nanda Utami,nanda.utami335@email.com,086735229466,M,1979-12-03,2026-03-05,3,Jl. Mawar No. 162,Silver,2,1489374,Depok
511,Maman Siregar,maman.siregar534@email.com,082363768949,M,1971-12-26,2024-06-06,2,Jl. Melati No. 170,Gold,2,1181481,Bogor
512,Ahmad Putri,ahmad.putri201@email.com,086434362188,M,1989-04-22,2025-04-15,5,Jl. Thamrin No. 125,Gold,3,2262957,Bekasi
513,Juli Kusuma,juli.kusuma741@email.com,084218845963,F,1970-09-28,2025-07-24,7,Jl. Merdeka No. 112,Bronze,4,9667038,Semarang
514,Hadi Santoso,hadi.santoso647@email.com,083507826917,M,1981-10-13,2025-11-09,14,Jl. Gajah Mada No. 124,Silver,4,8093181,Pekanbaru
515,Lukman Wibowo,lukman.wibowo646@email.com,087360670711,M,1996-08-26,2023-08-22,8,Jl. Sudirman No. 57,Bronze,3,1983885,Yogyakarta
516,Nina Nugroho,nina.nugroho476@email.com,089402311231,F,1992-02-06,2023-05-22,11,Jl. Sudirman No. 89,Silver,3,1873246,Medan
517,Sandi Wibowo,sandi.wibowo241@email.com,085419360487,M,2003-07-22,2024-09-28,26,Jl. Ahmad Yani No. 130,Bronze,3,4884779,Kupang
518,Bella Sari,bella.sari422@email.com,087193134742,F,1981-11-11,2023-10-24,25,Jl. Pahlawan No. 67,Gold,3,5063549,Mataram
519,Putri Susanto,putri.susanto459@email.com,082760127183,F,2005-01-10,2023-11-27,8,Jl. Kenanga No. 43,Silver,3,2698230,Yogyakarta
520,Yusuf Lestari,yusuf.lestari974@email.com,084101948739,M,2003-09-01,2022-09-22,11,Jl. Pahlawan No. 24,Silver,7,5053965,Medan
521,Lina Utami,lina.utami532@email.com,086198900694,F,1969-11-02,2025-02-06,25,Jl. Melati No. 51,Platinum,4,6767399,Mataram
522,Hani Hidayat,hani.hidayat221@email.com,081058587182,F,1988-06-14,2022-11-27,26,Jl. Merdeka No. 194,Gold,2,10403141,Kupang
523,Teguh Saputra,teguh.saputra309@email.com,081104128742,M,1967-03-10,2024-09-20,26,Jl. Diponegoro No. 9,Bronze,8,16928319,Kupang
524,Oki Ramadhan,oki.ramadhan76@email.com,088441627106,M,1982-02-03,2022-09-26,13,Jl. Merdeka No. 4,Silver,3,1854611,Padang
525,Eko Susanto,eko.susanto621@email.com,088985645850,M,1990-04-27,2026-06-12,19,Jl. Gajah Mada No. 109,Silver,4,3387174,Samarinda
526,Lukman Hidayat,lukman.hidayat591@email.com,087319616386,M,1971-05-21,2023-02-20,15,Jl. Ahmad Yani No. 110,Bronze,5,8859658,Banda Aceh
527,Sari Hidayat,sari.hidayat392@email.com,085760130713,F,1999-09-08,2023-08-06,16,Jl. Diponegoro No. 148,Platinum,7,10047796,Lampung
528,Hani Nugroho,hani.nugroho319@email.com,082427799501,F,2001-02-21,2024-09-03,12,Jl. Sudirman No. 25,Silver,7,13765644,Palembang
529,Sandi Lestari,sandi.lestari859@email.com,081998278217,M,1974-07-20,2022-06-21,8,Jl. Mawar No. 65,Bronze,4,5312542,Yogyakarta
530,Eka Santoso,eka.santoso893@email.com,085318897881,F,2001-10-14,2025-11-12,11,Jl. Diponegoro No. 194,Silver,3,4382625,Medan
531,Sari Nugroho,sari.nugroho726@email.com,084148508746,F,1980-06-15,2025-08-28,11,Jl. Sudirman No. 109,Silver,2,9856540,Medan
532,Eka Utami,eka.utami171@email.com,086142654720,F,1998-12-04,2022-11-28,1,Jl. Sudirman No. 10,Gold,7,6864971,Jakarta
533,Fitri Ramadhan,fitri.ramadhan896@email.com,087644679689,F,1996-03-24,2024-12-10,26,Jl. Pahlawan No. 3,Bronze,3,4566509,Kupang
534,Juli Susanto,juli.susanto630@email.com,089115534388,F,1982-09-11,2025-10-17,29,Jl. Kenanga No. 167,Bronze,5,6321112,Sorong
535,Rina Ramadhan,rina.ramadhan532@email.com,087891351401,F,2004-12-12,2026-07-03,7,Jl. Mawar No. 119,Bronze,3,3464971,Semarang
536,Eka Kusuma,eka.kusuma427@email.com,081769768868,F,1995-01-11,2026-01-04,17,Jl. Mawar No. 18,Platinum,3,3568546,Pontianak
537,Lukman Susanto,lukman.susanto339@email.com,081406795995,M,1971-09-15,2023-02-13,7,Jl. Kenanga No. 120,Silver,1,518042,Semarang
538,Nanda Ramadhan,nanda.ramadhan951@email.com,086122352653,M,1987-11-01,2023-04-08,18,Jl. Ahmad Yani No. 110,Silver,3,4862140,Banjarmasin
539,Lina Lestari,lina.lestari657@email.com,083831962147,F,1981-09-18,2024-04-05,25,Jl. Sudirman No. 152,Bronze,4,6691233,Mataram
540,Kurnia Kusuma,kurnia.kusuma535@email.com,088585145661,M,1971-03-26,2025-02-28,9,Jl. Gajah Mada No. 148,Silver,3,2452712,Surabaya
541,Wulan Ramadhan,wulan.ramadhan238@email.com,085248097310,F,1975-01-26,2023-03-05,16,Jl. Sudirman No. 158,Bronze,3,1518001,Lampung
542,Sandi Wibowo,sandi.wibowo524@email.com,088762012604,M,1969-01-05,2023-10-25,1,Jl. Pahlawan No. 171,Bronze,3,7285606,Jakarta
543,Rina Utami,rina.utami793@email.com,087332834814,F,2000-07-13,2023-05-09,4,Jl. Ahmad Yani No. 134,Bronze,6,5247199,Tangerang
544,Yusuf Wibowo,yusuf.wibowo147@email.com,088902207709,M,2005-05-23,2022-12-07,7,Jl. Melati No. 114,Bronze,4,2628361,Semarang
545,Dewi Sari,dewi.sari26@email.com,089015003556,F,2006-06-06,2024-06-10,29,Jl. Mawar No. 198,Silver,2,5005354,Sorong
546,Gita Lestari,gita.lestari956@email.com,081045837716,F,1989-06-06,2023-01-27,18,Jl. Mawar No. 93,Silver,2,2735341,Banjarmasin
547,Wawan Hidayat,wawan.hidayat944@email.com,089645745562,M,1988-05-17,2022-07-12,11,Jl. Ahmad Yani No. 9,Silver,3,4923014,Medan
548,Maya Santoso,maya.santoso59@email.com,084536156992,F,1981-05-21,2025-12-13,23,Jl. Mawar No. 156,Silver,3,4678553,Palu
549,Fitri Nugroho,fitri.nugroho379@email.com,089713788428,F,1999-02-02,2025-08-19,24,Jl. Thamrin No. 181,Silver,1,1131372,Denpasar
550,Dedi Saputra,dedi.saputra728@email.com,085562653160,M,1968-08-21,2022-09-02,27,Jl. Sudirman No. 140,Bronze,5,12101788,Jayapura
551,Yusuf Susanto,yusuf.susanto928@email.com,088148953034,M,1985-12-06,2023-11-13,1,Jl. Pahlawan No. 171,Silver,8,9008645,Jakarta
552,Irfan Wibowo,irfan.wibowo86@email.com,086036215200,M,1974-12-09,2024-10-24,25,Jl. Merdeka No. 71,Silver,4,5294035,Mataram
553,Fitri Ramadhan,fitri.ramadhan360@email.com,085800547550,F,1984-05-18,2022-01-07,24,Jl. Mawar No. 146,Gold,4,4924107,Denpasar
554,Wawan Siregar,wawan.siregar748@email.com,081371160993,M,1972-02-06,2022-06-30,15,Jl. Gajah Mada No. 152,Silver,1,580602,Banda Aceh
555,Hadi Utami,hadi.utami84@email.com,085051173495,M,2005-06-15,2023-03-22,1,Jl. Ahmad Yani No. 175,Silver,2,5089065,Jakarta
556,Fajar Hidayat,fajar.hidayat144@email.com,087721795431,M,1983-03-09,2024-02-16,2,Jl. Pahlawan No. 58,Gold,3,2842464,Bogor
557,Gita Kusuma,gita.kusuma502@email.com,086856674089,F,1993-05-03,2023-06-16,10,Jl. Melati No. 116,Gold,7,4952949,Malang
558,Budi Wibowo,budi.wibowo216@email.com,087158353462,M,1974-09-19,2024-02-29,19,Jl. Ahmad Yani No. 54,Bronze,2,2884165,Samarinda
559,Citra Sari,citra.sari268@email.com,086095658763,F,1981-04-15,2023-03-08,25,Jl. Thamrin No. 120,Silver,2,3596070,Mataram
560,Tika Saputra,tika.saputra108@email.com,087998529307,F,1967-06-23,2025-04-20,22,Jl. Merdeka No. 41,Bronze,2,4728646,Manado
561,Kartika Ramadhan,kartika.ramadhan167@email.com,085388382689,F,1976-06-10,2022-07-25,29,Jl. Kenanga No. 117,Silver,2,3008636,Sorong
562,Maya Nugroho,maya.nugroho616@email.com,086746143382,F,1981-12-12,2023-05-14,27,Jl. Pahlawan No. 77,Bronze,2,4162938,Jayapura
563,Teguh Wijaya,teguh.wijaya608@email.com,081122643545,M,1982-10-13,2024-05-22,14,Jl. Melati No. 43,Gold,6,6442404,Pekanbaru
564,Wawan Utami,wawan.utami317@email.com,086781465992,M,1986-01-03,2022-09-24,5,Jl. Pahlawan No. 43,Bronze,2,3010287,Bekasi
565,Irfan Siregar,irfan.siregar242@email.com,084684060593,M,1984-02-06,2023-09-10,6,Jl. Pahlawan No. 24,Silver,2,5576797,Bandung
566,Umar Wibowo,umar.wibowo353@email.com,085724092414,M,1965-08-06,2024-02-06,25,Jl. Melati No. 176,Bronze,1,1093644,Mataram
567,Sandi Ramadhan,sandi.ramadhan132@email.com,085016921419,M,1980-02-13,2024-08-07,13,Jl. Pahlawan No. 198,Bronze,3,7678826,Padang
568,Nina Lestari,nina.lestari686@email.com,083518693203,F,1969-06-16,2024-12-29,13,Jl. Diponegoro No. 156,Bronze,1,2367408,Padang
569,Nanda Pratama,nanda.pratama770@email.com,089921805120,M,1965-10-20,2024-10-23,11,Jl. Diponegoro No. 36,Bronze,4,6323703,Medan
570,Irfan Hidayat,irfan.hidayat185@email.com,082828416204,M,1986-07-21,2022-07-10,14,Jl. Ahmad Yani No. 80,Bronze,4,4086248,Pekanbaru
571,Bella Hidayat,bella.hidayat530@email.com,084583001311,F,1975-07-22,2023-01-03,14,Jl. Mawar No. 22,Bronze,6,7610542,Pekanbaru
572,Oki Utami,oki.utami589@email.com,087472388712,M,1975-06-05,2022-01-26,26,Jl. Mawar No. 3,Bronze,6,8591632,Kupang
573,Nina Utami,nina.utami650@email.com,089195703289,F,1992-05-24,2023-09-13,2,Jl. Melati No. 96,Silver,0,0,Bogor
574,Sari Pratama,sari.pratama778@email.com,083897895650,F,1976-07-18,2026-05-28,4,Jl. Thamrin No. 2,Bronze,6,11335753,Tangerang
575,Gita Sari,gita.sari476@email.com,082209952243,F,1994-07-02,2025-06-12,27,Jl. Sudirman No. 126,Bronze,2,1159158,Jayapura
576,Yusuf Ramadhan,yusuf.ramadhan304@email.com,089690996671,M,1992-06-22,2023-06-01,12,Jl. Ahmad Yani No. 46,Bronze,8,10866366,Palembang
577,Ani Nugroho,ani.nugroho115@email.com,089747183427,F,2005-01-20,2023-09-02,11,Jl. Pahlawan No. 64,Bronze,3,3657780,Medan
578,Fajar Susanto,fajar.susanto354@email.com,089469043199,M,1996-07-09,2025-07-20,5,Jl. Kenanga No. 63,Gold,5,3943429,Bekasi
579,Bella Wijaya,bella.wijaya742@email.com,084788319600,F,1967-03-20,2024-02-03,11,Jl. Pahlawan No. 132,Platinum,1,2427972,Medan
580,Maman Siregar,maman.siregar23@email.com,088502307281,M,1984-07-13,2026-03-15,21,Jl. Sudirman No. 111,Platinum,6,8711584,Makassar
581,Wawan Hidayat,wawan.hidayat813@email.com,084431481733,M,1997-09-28,2025-06-14,10,Jl. Gajah Mada No. 147,Bronze,6,6348250,Malang
582,Indah Susanto,indah.susanto688@email.com,089786395766,F,1976-05-17,2026-05-13,23,Jl. Pahlawan No. 47,Silver,3,7439195,Palu
583,Ani Saputra,ani.saputra282@email.com,086441952391,F,1991-11-05,2022-02-08,7,Jl. Kenanga No. 163,Bronze,5,2395208,Semarang
584,Joko Santoso,joko.santoso295@email.com,087851463947,M,1979-02-20,2023-10-27,23,Jl. Melati No. 100,Bronze,2,3554596,Palu
585,Maman Pratama,maman.pratama875@email.com,088484286122,M,1993-03-15,2023-12-11,11,Jl. Diponegoro No. 137,Silver,1,291364,Medan
586,Indah Saputra,indah.saputra499@email.com,082483048737,F,2001-02-21,2025-09-15,2,Jl. Diponegoro No. 192,Platinum,3,5924203,Bogor
587,Juli Hidayat,juli.hidayat31@email.com,083512284810,F,1993-11-15,2023-10-08,25,Jl. Kenanga No. 91,Silver,5,7703408,Mataram
588,Ani Utami,ani.utami944@email.com,083308943107,F,1996-04-13,2025-02-13,10,Jl. Pahlawan No. 156,Gold,3,5065563,Malang
589,Eko Saputra,eko.saputra183@email.com,084714688406,M,1972-10-10,2023-03-09,7,Jl. Pahlawan No. 141,Bronze,6,10831328,Semarang
590,Pandu Siregar,pandu.siregar109@email.com,088027479006,M,1985-06-21,2023-07-26,20,Jl. Melati No. 138,Silver,5,7406522,Palangkaraya
591,Oki Nugroho,oki.nugroho947@email.com,084750974892,M,1983-08-06,2024-08-08,25,Jl. Pahlawan No. 74,Bronze,1,424546,Mataram
592,Oktavia Ramadhan,oktavia.ramadhan669@email.com,087091421469,F,1971-07-19,2025-10-31,6,Jl. Diponegoro No. 163,Bronze,4,6859502,Bandung
593,Fajar Lestari,fajar.lestari750@email.com,085393036949,M,1970-10-19,2024-10-27,20,Jl. Kenanga No. 64,Bronze,3,5891420,Palangkaraya
594,Citra Pratama,citra.pratama566@email.com,084922193193,F,2003-11-13,2026-03-02,1,Jl. Mawar No. 95,Silver,3,6777305,Jakarta
595,Hadi Nugroho,hadi.nugroho67@email.com,084841614871,M,1985-03-10,2023-02-14,23,Jl. Diponegoro No. 148,Bronze,5,6522983,Palu
596,Yusuf Nugroho,yusuf.nugroho657@email.com,081684044771,M,1976-08-17,2026-06-20,8,Jl. Mawar No. 185,Platinum,2,4351132,Yogyakarta
597,Budi Ramadhan,budi.ramadhan395@email.com,085396844455,M,1998-08-28,2024-04-12,22,Jl. Mawar No. 186,Bronze,3,1238227,Manado
598,Bella Pratama,bella.pratama451@email.com,081532820121,F,1997-11-21,2026-01-07,13,Jl. Thamrin No. 68,Silver,2,2170039,Padang
599,Hadi Pratama,hadi.pratama815@email.com,083072712577,M,1986-03-08,2025-09-06,14,Jl. Ahmad Yani No. 25,Bronze,6,9345981,Pekanbaru
600,Rudi Siregar,rudi.siregar303@email.com,088255033473,M,1980-05-11,2024-10-03,23,Jl. Gajah Mada No. 116,Silver,1,965559,Palu
601,Wulan Santoso,wulan.santoso27@email.com,086545740371,F,1974-09-10,2022-10-14,25,Jl. Thamrin No. 146,Silver,3,1897865,Mataram
602,Oktavia Ramadhan,oktavia.ramadhan300@email.com,088984978241,F,1973-03-20,2022-11-13,10,Jl. Ahmad Yani No. 164,Bronze,2,886034,Malang
603,Wawan Hidayat,wawan.hidayat739@email.com,087514683531,M,1965-05-12,2025-04-11,5,Jl. Mawar No. 159,Gold,4,1048911,Bekasi
604,Eka Lestari,eka.lestari388@email.com,087550842481,F,1985-09-12,2024-10-23,28,Jl. Thamrin No. 124,Gold,3,5907529,Ambon
605,Dedi Pratama,dedi.pratama285@email.com,086140827626,M,1978-04-05,2023-09-26,8,Jl. Mawar No. 118,Silver,6,6382543,Yogyakarta
606,Teguh Siregar,teguh.siregar34@email.com,085583579348,M,1977-06-22,2026-02-27,8,Jl. Melati No. 137,Gold,2,1808613,Yogyakarta
607,Budi Nugroho,budi.nugroho817@email.com,084175852493,M,1980-04-09,2024-12-06,19,Jl. Diponegoro No. 59,Silver,5,7683509,Samarinda
608,Fitri Santoso,fitri.santoso761@email.com,084878929220,F,2000-05-03,2023-06-29,20,Jl. Melati No. 78,Bronze,2,3306116,Palangkaraya
609,Joko Lestari,joko.lestari550@email.com,085514366267,M,1995-08-04,2025-04-05,25,Jl. Sudirman No. 51,Bronze,9,12373217,Mataram
610,Citra Nugroho,citra.nugroho613@email.com,087387607079,F,1999-10-07,2022-07-24,7,Jl. Kenanga No. 3,Silver,4,5694944,Semarang
611,Rudi Utami,rudi.utami774@email.com,085297093830,M,2002-11-20,2023-02-03,21,Jl. Pahlawan No. 154,Bronze,4,4743020,Makassar
612,Maman Sari,maman.sari271@email.com,086364508651,M,1983-11-10,2024-11-19,16,Jl. Ahmad Yani No. 174,Silver,6,8368523,Lampung
613,Oktavia Wijaya,oktavia.wijaya915@email.com,087315776590,F,1996-01-11,2023-01-09,25,Jl. Thamrin No. 46,Bronze,8,2757919,Mataram
614,Juli Wijaya,juli.wijaya552@email.com,084532858338,F,1986-11-22,2024-06-26,28,Jl. Diponegoro No. 200,Bronze,10,14911285,Ambon
615,Irfan Hidayat,irfan.hidayat106@email.com,088235930367,M,1985-09-16,2023-09-18,17,Jl. Kenanga No. 54,Silver,7,6845209,Pontianak
616,Maman Kusuma,maman.kusuma162@email.com,085969846920,M,1990-03-28,2026-04-19,7,Jl. Melati No. 122,Silver,1,492262,Semarang
617,Indah Putri,indah.putri314@email.com,088495636795,F,1984-06-05,2024-08-24,9,Jl. Mawar No. 79,Bronze,3,5584740,Surabaya
618,Nina Santoso,nina.santoso662@email.com,084459041081,F,1968-07-12,2024-04-07,25,Jl. Mawar No. 197,Bronze,4,3261912,Mataram
619,Irfan Ramadhan,irfan.ramadhan330@email.com,086937390011,M,1983-06-01,2023-06-09,23,Jl. Melati No. 144,Silver,4,1568280,Palu
620,Yusuf Sari,yusuf.sari165@email.com,088127147064,M,1971-02-08,2023-07-16,15,Jl. Mawar No. 64,Bronze,6,14924542,Banda Aceh
621,Bella Wijaya,bella.wijaya379@email.com,082220781469,F,1986-05-18,2025-08-02,2,Jl. Mawar No. 35,Gold,1,1332879,Bogor
622,Maman Utami,maman.utami307@email.com,083465689714,M,1974-03-19,2024-04-27,24,Jl. Melati No. 23,Bronze,3,1911164,Denpasar
623,Tika Sari,tika.sari837@email.com,081093852809,F,1981-09-17,2025-09-15,25,Jl. Sudirman No. 180,Silver,3,7135554,Mataram
624,Lina Siregar,lina.siregar480@email.com,086272855249,F,1978-03-11,2024-07-02,25,Jl. Gajah Mada No. 86,Bronze,4,6623465,Mataram
625,Indah Lestari,indah.lestari421@email.com,087130339652,F,1973-02-21,2022-02-17,24,Jl. Mawar No. 13,Gold,3,3336572,Denpasar
626,Teguh Pratama,teguh.pratama895@email.com,088723546244,M,1992-01-17,2025-03-04,1,Jl. Melati No. 126,Bronze,4,4999871,Jakarta
627,Citra Susanto,citra.susanto116@email.com,083283902273,F,1970-09-25,2025-03-03,3,Jl. Melati No. 23,Silver,3,6970532,Depok
628,Wulan Ramadhan,wulan.ramadhan838@email.com,086484093053,F,1969-11-14,2026-03-20,7,Jl. Mawar No. 190,Bronze,2,845130,Semarang
629,Citra Kusuma,citra.kusuma800@email.com,085387238367,F,1986-08-17,2025-03-24,21,Jl. Kenanga No. 76,Bronze,3,1969774,Makassar
630,Ani Santoso,ani.santoso877@email.com,083857879268,F,1992-03-09,2023-10-23,8,Jl. Kenanga No. 91,Gold,3,5376184,Yogyakarta
631,Irfan Utami,irfan.utami27@email.com,085592466298,M,1984-03-04,2023-02-27,5,Jl. Gajah Mada No. 59,Silver,4,7889146,Bekasi
632,Lukman Kusuma,lukman.kusuma364@email.com,081117237338,M,1979-04-25,2023-07-10,14,Jl. Mawar No. 32,Gold,6,11109776,Pekanbaru
633,Ani Nugroho,ani.nugroho458@email.com,087178511697,F,1978-07-02,2026-03-04,28,Jl. Diponegoro No. 53,Silver,5,8934850,Ambon
634,Dedi Kusuma,dedi.kusuma775@email.com,081900388247,M,1998-02-06,2025-03-30,17,Jl. Mawar No. 190,Silver,3,2454579,Pontianak
635,Nina Putri,nina.putri262@email.com,083185001290,F,1997-06-16,2022-07-05,7,Jl. Mawar No. 5,Bronze,4,5778543,Semarang
636,Maya Wibowo,maya.wibowo67@email.com,082291472778,F,1988-05-27,2023-12-28,4,Jl. Sudirman No. 167,Silver,1,1138263,Tangerang
637,Putri Santoso,putri.santoso145@email.com,084639618881,F,2006-06-02,2026-02-03,9,Jl. Thamrin No. 145,Bronze,5,12184976,Surabaya
638,Fajar Susanto,fajar.susanto822@email.com,086553755986,M,1967-01-20,2026-04-11,16,Jl. Kenanga No. 107,Gold,2,1637824,Lampung
639,Fitri Kusuma,fitri.kusuma806@email.com,081697389798,F,1976-06-04,2022-11-07,17,Jl. Mawar No. 53,Bronze,5,6748799,Pontianak
640,Indah Lestari,indah.lestari911@email.com,083020792127,F,1966-06-01,2022-02-28,11,Jl. Thamrin No. 105,Bronze,5,10790980,Medan
641,Wulan Susanto,wulan.susanto358@email.com,084853396111,F,1975-02-01,2022-12-14,17,Jl. Sudirman No. 108,Platinum,3,4024071,Pontianak
642,Sandi Nugroho,sandi.nugroho618@email.com,085298066670,M,1993-03-28,2025-01-04,14,Jl. Mawar No. 121,Gold,5,2576480,Pekanbaru
643,Eka Pratama,eka.pratama734@email.com,085708994795,F,1988-10-22,2025-01-10,22,Jl. Mawar No. 192,Gold,5,9547769,Manado
644,Fajar Putri,fajar.putri85@email.com,084191956319,M,1974-04-22,2022-09-23,17,Jl. Pahlawan No. 73,Gold,3,2732115,Pontianak
645,Joko Putri,joko.putri998@email.com,084863461116,M,1984-06-23,2023-01-14,9,Jl. Gajah Mada No. 109,Bronze,3,3856554,Surabaya
646,Wawan Susanto,wawan.susanto814@email.com,081782424812,M,1989-11-02,2022-03-12,28,Jl. Thamrin No. 163,Bronze,4,5081180,Ambon
647,Hadi Saputra,hadi.saputra879@email.com,082477046857,M,2001-08-16,2022-01-24,11,Jl. Kenanga No. 104,Bronze,4,2822141,Medan
648,Rudi Lestari,rudi.lestari287@email.com,086743875978,M,1993-02-24,2025-01-22,9,Jl. Thamrin No. 66,Bronze,3,5917976,Surabaya
649,Sari Nugroho,sari.nugroho65@email.com,088653435299,F,1986-09-09,2022-07-17,22,Jl. Pahlawan No. 165,Bronze,3,3996636,Manado
650,Eko Putri,eko.putri730@email.com,082270079541,M,1972-02-18,2026-08-27,15,Jl. Gajah Mada No. 79,Bronze,3,8622795,Banda Aceh
651,Teguh Kusuma,teguh.kusuma861@email.com,083923044658,M,1997-04-05,2026-08-07,13,Jl. Merdeka No. 51,Silver,4,8032379,Padang
652,Rina Lestari,rina.lestari49@email.com,083280069602,F,2001-09-17,2022-11-07,25,Jl. Gajah Mada No. 41,Bronze,7,15610413,Mataram
653,Yusuf Putri,yusuf.putri435@email.com,084686349814,M,1974-09-20,2026-03-19,27,Jl. Ahmad Yani No. 13,Platinum,8,11631836,Jayapura
654,Juli Saputra,juli.saputra330@email.com,089324262230,F,1991-08-15,2024-12-04,29,Jl. Merdeka No. 20,Bronze,2,4436862,Sorong
655,Gita Siregar,gita.siregar774@email.com,082762549480,F,2003-02-02,2025-06-09,24,Jl. Thamrin No. 124,Gold,5,3120074,Denpasar
656,Oki Utami,oki.utami199@email.com,082504988056,M,1991-07-19,2025-08-16,6,Jl. Diponegoro No. 71,Bronze,2,510972,Bandung
657,Dewi Susanto,dewi.susanto146@email.com,088182207815,F,1974-04-15,2025-04-14,24,Jl. Gajah Mada No. 3,Silver,3,2030227,Denpasar
658,Rina Wijaya,rina.wijaya677@email.com,087177331154,F,2003-08-08,2025-07-11,25,Jl. Sudirman No. 139,Silver,4,6944721,Mataram
659,Eka Wijaya,eka.wijaya391@email.com,082097159585,F,1986-05-02,2026-03-25,29,Jl. Mawar No. 110,Silver,5,4671068,Sorong
660,Juli Putri,juli.putri983@email.com,082557137740,F,1970-12-20,2022-07-31,17,Jl. Mawar No. 180,Platinum,3,6398895,Pontianak
661,Bella Ramadhan,bella.ramadhan283@email.com,089180758909,F,1982-12-24,2026-04-26,4,Jl. Melati No. 85,Bronze,2,3318857,Tangerang
662,Lina Wijaya,lina.wijaya507@email.com,082141405441,F,1996-04-19,2022-07-27,1,Jl. Mawar No. 144,Silver,5,11092186,Jakarta
663,Wulan Sari,wulan.sari111@email.com,085097705819,F,1989-01-20,2025-09-29,28,Jl. Kenanga No. 25,Bronze,9,19643841,Ambon
664,Nanda Lestari,nanda.lestari404@email.com,085466185840,M,2003-07-27,2025-12-23,22,Jl. Mawar No. 118,Silver,4,5231282,Manado
665,Oki Wibowo,oki.wibowo222@email.com,083434945809,M,1992-11-01,2025-07-10,26,Jl. Merdeka No. 162,Gold,4,2706602,Kupang
666,Lukman Siregar,lukman.siregar870@email.com,089121545413,M,1966-12-15,2026-07-01,14,Jl. Gajah Mada No. 175,Bronze,6,10601053,Pekanbaru
667,Kurnia Nugroho,kurnia.nugroho651@email.com,084408662267,M,1985-08-23,2022-04-08,26,Jl. Diponegoro No. 143,Silver,5,3768154,Kupang
668,Maya Utami,maya.utami92@email.com,086728469606,F,1976-08-28,2026-05-19,12,Jl. Kenanga No. 138,Silver,5,3867156,Palembang
669,Maman Wibowo,maman.wibowo321@email.com,087965576778,M,1970-11-13,2022-07-27,10,Jl. Thamrin No. 194,Bronze,4,1872540,Malang
670,Putri Pratama,putri.pratama164@email.com,085120197934,F,1993-06-25,2026-07-09,11,Jl. Gajah Mada No. 5,Bronze,5,7340737,Medan
671,Rina Susanto,rina.susanto183@email.com,083987734263,F,1983-09-18,2025-02-21,21,Jl. Diponegoro No. 24,Bronze,1,2379184,Makassar
672,Indah Kusuma,indah.kusuma137@email.com,089251741685,F,1999-06-13,2023-11-28,23,Jl. Sudirman No. 189,Gold,4,8142832,Palu
673,Wulan Lestari,wulan.lestari42@email.com,089558483771,F,1979-08-27,2023-10-26,3,Jl. Merdeka No. 127,Bronze,7,14522588,Depok
674,Joko Siregar,joko.siregar13@email.com,082274716830,M,2006-04-05,2024-06-20,8,Jl. Merdeka No. 157,Bronze,2,5059631,Yogyakarta
675,Nina Sari,nina.sari869@email.com,088738351331,F,1977-07-06,2025-03-09,18,Jl. Pahlawan No. 95,Bronze,6,4166290,Banjarmasin
676,Maman Sari,maman.sari848@email.com,081553040088,M,1973-06-28,2022-06-07,12,Jl. Melati No. 182,Bronze,4,4996345,Palembang
677,Dewi Utami,dewi.utami735@email.com,086256884496,F,1979-12-12,2025-05-22,27,Jl. Ahmad Yani No. 148,Gold,5,6893625,Jayapura
678,Wulan Nugroho,wulan.nugroho23@email.com,087699971723,F,1992-02-06,2025-04-25,16,Jl. Melati No. 167,Bronze,5,6331369,Lampung
679,Putri Wibowo,putri.wibowo67@email.com,089708376770,F,1969-11-12,2022-10-30,23,Jl. Kenanga No. 126,Bronze,5,5577537,Palu
680,Oki Putri,oki.putri691@email.com,086603476620,M,1984-09-23,2024-07-14,22,Jl. Diponegoro No. 146,Silver,3,3413231,Manado
681,Eka Utami,eka.utami7@email.com,089817442957,F,2002-06-28,2025-10-27,18,Jl. Gajah Mada No. 151,Bronze,4,5786307,Banjarmasin
682,Yusuf Wijaya,yusuf.wijaya255@email.com,085250257476,M,1975-12-07,2024-04-27,17,Jl. Thamrin No. 8,Silver,6,8774143,Pontianak
683,Dewi Pratama,dewi.pratama972@email.com,088238536261,F,1990-10-23,2022-07-12,3,Jl. Pahlawan No. 98,Silver,4,8129543,Depok
684,Maman Kusuma,maman.kusuma441@email.com,089070520735,M,1987-03-23,2023-09-30,4,Jl. Mawar No. 24,Bronze,4,8112303,Tangerang
685,Gita Putri,gita.putri463@email.com,084229022509,F,2005-02-11,2025-08-18,12,Jl. Melati No. 66,Bronze,3,7427808,Palembang
686,Umar Santoso,umar.santoso987@email.com,081054024164,M,1971-03-01,2024-02-04,22,Jl. Gajah Mada No. 99,Bronze,6,4287647,Manado
687,Citra Kusuma,citra.kusuma549@email.com,082482828724,F,2004-08-06,2025-07-27,7,Jl. Thamrin No. 154,Bronze,3,3654793,Semarang
688,Rudi Susanto,rudi.susanto834@email.com,088812525969,M,1976-09-05,2026-05-01,28,Jl. Merdeka No. 160,Bronze,3,6948555,Ambon
689,Lukman Siregar,lukman.siregar605@email.com,083226892666,M,1987-11-06,2022-08-09,10,Jl. Sudirman No. 128,Bronze,3,5105004,Malang
690,Yusuf Siregar,yusuf.siregar459@email.com,085054496823,M,2000-07-26,2024-07-20,11,Jl. Melati No. 17,Bronze,3,4349576,Medan
691,Eka Putri,eka.putri367@email.com,083538897827,F,1977-07-02,2024-10-02,27,Jl. Melati No. 24,Silver,3,1865434,Jayapura
692,Rina Lestari,rina.lestari776@email.com,086157964035,F,1999-09-13,2025-12-09,19,Jl. Gajah Mada No. 35,Bronze,9,11302454,Samarinda
693,Lukman Ramadhan,lukman.ramadhan503@email.com,085397334192,M,1992-07-03,2024-04-07,14,Jl. Sudirman No. 83,Silver,4,4249642,Pekanbaru
694,Juli Nugroho,juli.nugroho57@email.com,081178810419,F,1983-11-23,2026-04-28,26,Jl. Sudirman No. 79,Gold,3,3255494,Kupang
695,Maman Susanto,maman.susanto395@email.com,086103447686,M,1966-01-10,2024-12-30,2,Jl. Melati No. 14,Gold,5,8481553,Bogor
696,Rina Sari,rina.sari716@email.com,081921241143,F,1997-06-22,2023-01-01,28,Jl. Mawar No. 48,Gold,0,0,Ambon
697,Citra Susanto,citra.susanto628@email.com,081066970190,F,1978-10-21,2024-10-11,7,Jl. Pahlawan No. 53,Gold,3,2750928,Semarang
698,Lukman Santoso,lukman.santoso847@email.com,086275816824,M,1986-03-13,2023-05-08,29,Jl. Pahlawan No. 12,Bronze,7,9413275,Sorong
699,Yusuf Ramadhan,yusuf.ramadhan924@email.com,087984434647,M,2001-12-28,2024-05-15,9,Jl. Diponegoro No. 168,Silver,8,14726965,Surabaya
700,Nina Susanto,nina.susanto863@email.com,084870091128,F,1991-07-09,2024-05-01,1,Jl. Mawar No. 65,Silver,4,726904,Jakarta
701,Bella Susanto,bella.susanto229@email.com,089892834378,F,1973-11-23,2024-07-08,25,Jl. Sudirman No. 30,Bronze,1,1561600,Mataram
702,Citra Kusuma,citra.kusuma979@email.com,087005242777,F,1975-12-09,2023-11-02,18,Jl. Melati No. 74,Bronze,4,7018199,Banjarmasin
703,Dewi Utami,dewi.utami867@email.com,083138752908,F,1977-02-18,2024-03-19,4,Jl. Thamrin No. 133,Platinum,4,1951999,Tangerang
704,Putri Wijaya,putri.wijaya86@email.com,084463500791,F,1967-07-06,2023-04-14,4,Jl. Diponegoro No. 112,Silver,5,4073235,Tangerang
705,Eka Nugroho,eka.nugroho786@email.com,085185478299,F,1967-11-17,2026-04-25,20,Jl. Diponegoro No. 186,Bronze,4,1585139,Palangkaraya
706,Fajar Pratama,fajar.pratama206@email.com,085537324389,M,1976-06-15,2023-05-29,28,Jl. Pahlawan No. 40,Gold,2,1382460,Ambon
707,Joko Kusuma,joko.kusuma450@email.com,082892064066,M,1986-11-24,2023-02-03,21,Jl. Diponegoro No. 155,Silver,2,2518079,Makassar
708,Fajar Sari,fajar.sari420@email.com,089664932488,M,1972-11-03,2022-04-27,11,Jl. Thamrin No. 186,Gold,3,5450540,Medan
709,Bella Kusuma,bella.kusuma4@email.com,083416828182,F,1979-01-13,2022-08-01,29,Jl. Pahlawan No. 197,Silver,9,8275465,Sorong
710,Budi Lestari,budi.lestari933@email.com,086953059839,M,1966-11-27,2022-06-01,18,Jl. Kenanga No. 100,Bronze,5,12092763,Banjarmasin
711,Sandi Lestari,sandi.lestari942@email.com,084859357762,M,2005-08-16,2023-12-08,9,Jl. Mawar No. 138,Gold,1,2014874,Surabaya
712,Fajar Hidayat,fajar.hidayat904@email.com,085983522051,M,1976-07-09,2026-02-06,21,Jl. Merdeka No. 111,Gold,4,2817743,Makassar
713,Budi Nugroho,budi.nugroho129@email.com,082515871660,M,1999-04-13,2025-12-26,14,Jl. Pahlawan No. 108,Gold,1,1763830,Pekanbaru
714,Oktavia Nugroho,oktavia.nugroho682@email.com,082713189716,F,1988-06-11,2024-08-07,13,Jl. Melati No. 53,Bronze,3,5791000,Padang
715,Wawan Putri,wawan.putri562@email.com,088696917702,M,2004-06-15,2026-02-02,28,Jl. Gajah Mada No. 165,Bronze,6,6952681,Ambon
716,Eka Nugroho,eka.nugroho927@email.com,087973292107,F,2006-08-10,2025-01-16,4,Jl. Merdeka No. 52,Bronze,5,2688885,Tangerang
717,Oki Siregar,oki.siregar711@email.com,086181677392,M,1976-08-01,2024-06-03,17,Jl. Kenanga No. 171,Bronze,6,3911937,Pontianak
718,Oki Lestari,oki.lestari325@email.com,083012534777,M,1977-03-14,2026-06-29,26,Jl. Thamrin No. 196,Gold,5,2756555,Kupang
719,Wulan Siregar,wulan.siregar897@email.com,089741553924,F,1998-12-21,2025-06-08,25,Jl. Sudirman No. 17,Bronze,1,2199770,Mataram
720,Budi Pratama,budi.pratama762@email.com,086209846241,M,1985-06-07,2022-07-04,28,Jl. Sudirman No. 93,Silver,2,2958422,Ambon
721,Tika Siregar,tika.siregar180@email.com,086539395632,F,1995-06-23,2024-07-03,27,Jl. Sudirman No. 144,Bronze,5,8810010,Jayapura
722,Hadi Saputra,hadi.saputra576@email.com,089518221601,M,2004-07-06,2024-12-26,4,Jl. Diponegoro No. 30,Silver,1,2774368,Tangerang
723,Rudi Wijaya,rudi.wijaya389@email.com,083048184216,M,1973-07-16,2022-03-22,25,Jl. Merdeka No. 151,Silver,3,1100798,Mataram
724,Oktavia Lestari,oktavia.lestari970@email.com,082589001157,F,1993-01-16,2023-01-08,19,Jl. Thamrin No. 35,Silver,6,9864003,Samarinda
725,Eka Wijaya,eka.wijaya300@email.com,085651761821,F,1977-11-11,2025-10-01,26,Jl. Kenanga No. 127,Bronze,6,3999187,Kupang
726,Fitri Pratama,fitri.pratama533@email.com,085395659971,F,1977-09-09,2023-06-02,28,Jl. Gajah Mada No. 43,Bronze,0,0,Ambon
727,Lukman Hidayat,lukman.hidayat768@email.com,088115443919,M,1986-01-09,2024-06-05,15,Jl. Sudirman No. 86,Silver,3,2185705,Banda Aceh
728,Yusuf Santoso,yusuf.santoso205@email.com,089179914762,M,1966-05-13,2025-03-20,24,Jl. Pahlawan No. 100,Bronze,3,6841327,Denpasar
729,Maya Pratama,maya.pratama725@email.com,082469431527,F,1997-07-14,2026-07-03,12,Jl. Gajah Mada No. 185,Bronze,4,13061511,Palembang
730,Sandi Hidayat,sandi.hidayat825@email.com,081487587350,M,1993-11-03,2022-06-20,9,Jl. Thamrin No. 196,Bronze,1,4342304,Surabaya
731,Hadi Pratama,hadi.pratama90@email.com,084709522034,M,2001-04-25,2022-11-12,3,Jl. Merdeka No. 186,Bronze,6,11547825,Depok
732,Wulan Wijaya,wulan.wijaya895@email.com,083855887294,F,2005-08-21,2025-04-08,5,Jl. Kenanga No. 32,Bronze,5,6527544,Bekasi
733,Irfan Siregar,irfan.siregar975@email.com,081393358576,M,1976-02-23,2022-06-16,24,Jl. Pahlawan No. 176,Bronze,3,5692771,Denpasar
734,Dedi Saputra,dedi.saputra838@email.com,089538092528,M,1998-04-16,2025-07-04,11,Jl. Kenanga No. 181,Bronze,6,8083199,Medan
735,Tika Wibowo,tika.wibowo7@email.com,081341700295,F,1993-03-17,2022-05-06,28,Jl. Diponegoro No. 68,Bronze,3,4915547,Ambon
736,Eko Susanto,eko.susanto330@email.com,081978030819,M,1977-03-28,2022-06-05,25,Jl. Pahlawan No. 163,Gold,7,6419506,Mataram
737,Wulan Saputra,wulan.saputra257@email.com,088836032847,F,1983-04-14,2025-08-04,17,Jl. Diponegoro No. 136,Bronze,1,1716903,Pontianak
738,Juli Utami,juli.utami353@email.com,089849367682,F,1968-02-16,2022-05-13,6,Jl. Pahlawan No. 21,Silver,5,3264460,Bandung
739,Ani Susanto,ani.susanto939@email.com,089222614671,F,1985-10-25,2022-06-30,22,Jl. Kenanga No. 174,Platinum,2,4549039,Manado
740,Kartika Nugroho,kartika.nugroho308@email.com,088573798920,F,1995-06-16,2026-03-01,12,Jl. Gajah Mada No. 140,Platinum,6,13828414,Palembang
741,Joko Lestari,joko.lestari902@email.com,087277696931,M,1987-07-15,2022-03-29,6,Jl. Pahlawan No. 119,Gold,5,5473184,Bandung
742,Oktavia Kusuma,oktavia.kusuma895@email.com,086655284375,F,1989-07-01,2026-02-20,5,Jl. Thamrin No. 103,Bronze,8,3894205,Bekasi
743,Fitri Kusuma,fitri.kusuma401@email.com,083028462480,F,1978-02-01,2023-01-12,19,Jl. Ahmad Yani No. 87,Bronze,6,6225808,Samarinda
744,Maya Kusuma,maya.kusuma195@email.com,088403360560,F,2000-05-08,2026-08-27,10,Jl. Pahlawan No. 112,Gold,7,6914163,Malang
745,Sandi Ramadhan,sandi.ramadhan723@email.com,082242627930,M,1971-02-11,2023-12-25,2,Jl. Diponegoro No. 133,Gold,2,3818029,Bogor
746,Pandu Nugroho,pandu.nugroho646@email.com,087951319487,M,2005-03-11,2023-09-23,1,Jl. Kenanga No. 32,Silver,3,4016340,Jakarta
747,Kartika Susanto,kartika.susanto994@email.com,083033766015,F,1973-06-19,2026-07-11,12,Jl. Merdeka No. 115,Bronze,6,8261358,Palembang
748,Irfan Pratama,irfan.pratama806@email.com,088704389725,M,1985-11-16,2023-04-24,23,Jl. Diponegoro No. 33,Platinum,2,721420,Palu
749,Wawan Lestari,wawan.lestari482@email.com,084824913437,M,1980-08-19,2026-07-24,8,Jl. Gajah Mada No. 131,Gold,3,1466374,Yogyakarta
750,Eka Lestari,eka.lestari618@email.com,088420959730,F,1998-08-15,2022-06-16,11,Jl. Sudirman No. 116,Bronze,4,1958879,Medan
751,Kurnia Susanto,kurnia.susanto229@email.com,083719014181,M,1968-08-08,2024-01-16,5,Jl. Gajah Mada No. 92,Gold,4,3259136,Bekasi
752,Sari Kusuma,sari.kusuma620@email.com,083598804887,F,1985-08-11,2023-07-13,26,Jl. Ahmad Yani No. 188,Bronze,5,3833386,Kupang
753,Teguh Utami,teguh.utami718@email.com,085341842641,M,1980-07-14,2023-08-02,17,Jl. Ahmad Yani No. 53,Bronze,3,2691305,Pontianak
754,Ahmad Ramadhan,ahmad.ramadhan477@email.com,085264815575,M,1991-02-12,2026-04-11,21,Jl. Mawar No. 161,Bronze,3,4430462,Makassar
755,Yusuf Nugroho,yusuf.nugroho283@email.com,087900047364,M,1971-05-15,2023-10-06,25,Jl. Ahmad Yani No. 42,Silver,2,6621037,Mataram
756,Ani Wijaya,ani.wijaya146@email.com,088389496579,F,2000-08-12,2023-10-31,2,Jl. Melati No. 7,Silver,3,4710492,Bogor
757,Maya Kusuma,maya.kusuma332@email.com,083441816160,F,1967-11-10,2025-06-09,11,Jl. Melati No. 15,Silver,4,5485466,Medan
758,Sandi Wijaya,sandi.wijaya168@email.com,082009375725,M,1974-02-17,2022-10-14,3,Jl. Gajah Mada No. 92,Bronze,5,4407689,Depok
759,Kartika Utami,kartika.utami538@email.com,088686826229,F,1990-09-02,2024-10-05,3,Jl. Thamrin No. 141,Gold,4,4734098,Depok
760,Rudi Kusuma,rudi.kusuma58@email.com,083395237035,M,1981-04-08,2026-04-12,4,Jl. Merdeka No. 165,Gold,6,11953013,Tangerang
761,Sandi Santoso,sandi.santoso141@email.com,087444958660,M,1979-03-28,2023-03-25,2,Jl. Gajah Mada No. 100,Silver,2,3470636,Bogor
762,Ani Sari,ani.sari732@email.com,088289095273,F,1996-01-22,2023-08-17,25,Jl. Melati No. 18,Bronze,2,2441142,Mataram
763,Irfan Putri,irfan.putri83@email.com,086000111501,M,1965-06-23,2024-10-03,19,Jl. Diponegoro No. 39,Silver,5,2726243,Samarinda
764,Indah Sari,indah.sari207@email.com,086395673907,F,1989-03-27,2024-11-12,12,Jl. Diponegoro No. 84,Gold,5,4138656,Palembang
765,Dewi Ramadhan,dewi.ramadhan991@email.com,082742428817,F,1966-08-20,2024-07-13,10,Jl. Thamrin No. 29,Bronze,2,2658250,Malang
766,Irfan Putri,irfan.putri220@email.com,088807650509,M,1984-12-22,2025-03-13,25,Jl. Gajah Mada No. 119,Bronze,1,1317879,Mataram
767,Wawan Siregar,wawan.siregar318@email.com,081053087238,M,1978-09-01,2023-06-01,29,Jl. Thamrin No. 86,Bronze,6,5921533,Sorong
768,Kartika Nugroho,kartika.nugroho575@email.com,087857947709,F,1975-08-16,2025-05-17,13,Jl. Diponegoro No. 20,Silver,1,1506600,Padang
769,Ahmad Lestari,ahmad.lestari456@email.com,081684992293,M,1982-01-10,2022-01-23,2,Jl. Merdeka No. 95,Bronze,4,10998535,Bogor
770,Pandu Susanto,pandu.susanto670@email.com,085391151076,M,1969-05-14,2024-02-03,29,Jl. Merdeka No. 31,Bronze,4,5003145,Sorong
771,Oktavia Siregar,oktavia.siregar763@email.com,084404889130,F,1978-02-21,2026-06-28,29,Jl. Mawar No. 45,Bronze,10,13011708,Sorong
772,Joko Nugroho,joko.nugroho24@email.com,083060403184,M,2000-05-09,2025-04-02,28,Jl. Thamrin No. 56,Bronze,4,5325363,Ambon
773,Ani Santoso,ani.santoso997@email.com,089646924796,F,1994-07-06,2024-06-04,16,Jl. Merdeka No. 169,Bronze,8,11343481,Lampung
774,Juli Susanto,juli.susanto279@email.com,081807753719,F,1982-01-22,2023-02-20,16,Jl. Mawar No. 1,Platinum,3,10783693,Lampung
775,Wawan Wibowo,wawan.wibowo811@email.com,085498095763,M,2000-12-16,2024-06-10,28,Jl. Gajah Mada No. 23,Silver,3,2685068,Ambon
776,Putri Sari,putri.sari554@email.com,085920725544,F,1988-12-18,2024-02-04,6,Jl. Gajah Mada No. 105,Bronze,5,12437039,Bandung
777,Lina Nugroho,lina.nugroho689@email.com,087623993181,F,1983-03-27,2026-04-21,12,Jl. Gajah Mada No. 111,Bronze,7,6578113,Palembang
778,Eka Pratama,eka.pratama553@email.com,085478601763,F,1994-08-25,2025-08-14,12,Jl. Melati No. 161,Bronze,3,3671602,Palembang
779,Sari Ramadhan,sari.ramadhan836@email.com,084402807234,F,1975-10-05,2026-03-06,27,Jl. Pahlawan No. 21,Gold,10,19323916,Jayapura
780,Teguh Sari,teguh.sari261@email.com,086733350690,M,1971-10-01,2024-11-30,2,Jl. Sudirman No. 84,Silver,8,13927790,Bogor
781,Sari Siregar,sari.siregar360@email.com,088515446790,F,1990-04-19,2024-12-07,13,Jl. Sudirman No. 58,Silver,2,3668267,Padang
782,Eka Wibowo,eka.wibowo915@email.com,085757968510,F,1977-12-01,2026-03-23,23,Jl. Thamrin No. 19,Silver,4,11733373,Palu
783,Hani Utami,hani.utami99@email.com,081820366993,F,1978-09-21,2023-09-13,13,Jl. Merdeka No. 8,Bronze,4,6472951,Padang
784,Hadi Wibowo,hadi.wibowo464@email.com,085084568275,M,1969-02-09,2025-10-25,25,Jl. Pahlawan No. 92,Silver,3,3996085,Mataram
785,Yusuf Hidayat,yusuf.hidayat439@email.com,089244428918,M,1988-04-10,2024-03-05,11,Jl. Kenanga No. 152,Bronze,5,3026225,Medan
786,Bella Nugroho,bella.nugroho485@email.com,085715903364,F,1966-05-23,2023-12-21,11,Jl. Kenanga No. 159,Gold,2,3257792,Medan
787,Ani Saputra,ani.saputra557@email.com,081395346763,F,1970-08-09,2024-09-25,2,Jl. Diponegoro No. 186,Gold,1,1114385,Bogor
788,Rudi Saputra,rudi.saputra36@email.com,086681694166,M,1980-10-16,2023-11-22,24,Jl. Melati No. 199,Silver,4,2226765,Denpasar
789,Gita Lestari,gita.lestari608@email.com,084353660389,F,1965-11-05,2022-07-14,14,Jl. Melati No. 114,Bronze,3,3833271,Pekanbaru
790,Rudi Hidayat,rudi.hidayat742@email.com,085504196105,M,1989-09-21,2025-03-03,23,Jl. Kenanga No. 31,Silver,3,1854321,Palu
791,Fitri Siregar,fitri.siregar616@email.com,086718386472,F,1975-01-10,2023-08-24,15,Jl. Sudirman No. 176,Bronze,2,2142872,Banda Aceh
792,Irfan Nugroho,irfan.nugroho763@email.com,084888706189,M,1965-07-25,2023-05-26,16,Jl. Pahlawan No. 12,Bronze,2,2173302,Lampung
793,Maman Wibowo,maman.wibowo456@email.com,081498600785,M,1996-04-23,2025-04-10,22,Jl. Thamrin No. 36,Bronze,5,13847257,Manado
794,Rudi Nugroho,rudi.nugroho538@email.com,083334248722,M,1992-01-23,2026-06-15,12,Jl. Pahlawan No. 122,Bronze,6,10704083,Palembang
795,Sari Susanto,sari.susanto899@email.com,086831030525,F,1969-02-09,2022-05-18,14,Jl. Pahlawan No. 130,Gold,7,7924722,Pekanbaru
796,Eko Santoso,eko.santoso202@email.com,086424572385,M,2001-03-22,2022-06-26,6,Jl. Sudirman No. 169,Bronze,11,19558739,Bandung
797,Dewi Sari,dewi.sari137@email.com,082678085636,F,1977-03-10,2023-04-21,2,Jl. Gajah Mada No. 16,Silver,4,4023651,Bogor
798,Eko Sari,eko.sari311@email.com,085883643225,M,2002-09-01,2023-06-29,22,Jl. Diponegoro No. 123,Gold,5,13963690,Manado
799,Sandi Nugroho,sandi.nugroho567@email.com,084452595183,M,1971-03-13,2023-03-15,16,Jl. Thamrin No. 171,Bronze,6,4550556,Lampung
800,Dedi Nugroho,dedi.nugroho642@email.com,088530854689,M,2001-03-08,2022-05-29,17,Jl. Gajah Mada No. 58,Gold,1,2056720,Pontianak
801,Bella Utami,bella.utami198@email.com,089292636884,F,1985-07-01,2022-03-29,14,Jl. Pahlawan No. 116,Silver,0,0,Pekanbaru
802,Fajar Nugroho,fajar.nugroho893@email.com,081675534486,M,1997-07-21,2026-06-07,20,Jl. Kenanga No. 134,Bronze,4,2559175,Palangkaraya
803,Pandu Lestari,pandu.lestari722@email.com,083754792544,M,1969-09-03,2024-05-04,1,Jl. Gajah Mada No. 72,Bronze,2,1316529,Jakarta
804,Kartika Hidayat,kartika.hidayat876@email.com,089368726364,F,2003-06-10,2025-01-01,27,Jl. Melati No. 125,Bronze,2,7584720,Jayapura
805,Sandi Pratama,sandi.pratama530@email.com,085565268364,M,1996-06-18,2025-11-17,3,Jl. Ahmad Yani No. 70,Gold,0,0,Depok
806,Maman Siregar,maman.siregar357@email.com,089471138744,M,1980-10-07,2023-10-26,29,Jl. Diponegoro No. 86,Silver,4,2713605,Sorong
807,Indah Hidayat,indah.hidayat143@email.com,088251331492,F,1977-10-26,2024-05-18,20,Jl. Diponegoro No. 176,Silver,6,7671937,Palangkaraya
808,Gita Utami,gita.utami742@email.com,082060973449,F,1998-03-04,2025-04-06,15,Jl. Kenanga No. 163,Gold,3,6900560,Banda Aceh
809,Sandi Pratama,sandi.pratama955@email.com,087735322123,M,1995-12-09,2024-03-13,8,Jl. Melati No. 88,Bronze,3,2308852,Yogyakarta
810,Kurnia Wijaya,kurnia.wijaya69@email.com,089306990739,M,2000-07-01,2026-07-24,13,Jl. Mawar No. 117,Gold,4,9208680,Padang
811,Rina Lestari,rina.lestari644@email.com,089511322359,F,1982-01-14,2023-02-12,14,Jl. Kenanga No. 28,Bronze,6,8090030,Pekanbaru
812,Kartika Wijaya,kartika.wijaya821@email.com,085270013445,F,1972-06-25,2023-01-06,5,Jl. Merdeka No. 18,Bronze,4,9461550,Bekasi
813,Eka Utami,eka.utami913@email.com,081257182161,F,1992-04-02,2026-03-02,4,Jl. Sudirman No. 87,Platinum,4,3259657,Tangerang
814,Juli Saputra,juli.saputra585@email.com,088523608307,F,1979-10-20,2023-04-18,8,Jl. Melati No. 91,Gold,8,10729616,Yogyakarta
815,Ahmad Sari,ahmad.sari990@email.com,088838828006,M,1979-03-26,2023-10-11,19,Jl. Diponegoro No. 139,Silver,3,5855270,Samarinda
816,Dedi Lestari,dedi.lestari98@email.com,082745484166,M,1982-08-04,2025-06-11,24,Jl. Diponegoro No. 118,Silver,6,8644292,Denpasar
817,Joko Hidayat,joko.hidayat446@email.com,086955845294,M,1980-11-10,2022-01-07,4,Jl. Diponegoro No. 60,Bronze,5,9074930,Tangerang
818,Pandu Susanto,pandu.susanto872@email.com,082632786090,M,1974-12-13,2024-06-25,15,Jl. Melati No. 196,Bronze,5,11383792,Banda Aceh
819,Nina Utami,nina.utami512@email.com,086177452419,F,1986-06-01,2024-12-09,29,Jl. Thamrin No. 181,Bronze,3,5399841,Sorong
820,Fitri Utami,fitri.utami415@email.com,082177429935,F,1978-06-12,2023-03-01,13,Jl. Ahmad Yani No. 60,Bronze,3,5641064,Padang
821,Ani Ramadhan,ani.ramadhan464@email.com,085388938226,F,2006-12-03,2023-05-15,19,Jl. Kenanga No. 89,Bronze,3,1505799,Samarinda
822,Sandi Saputra,sandi.saputra262@email.com,082495636685,M,1992-02-14,2024-07-01,24,Jl. Ahmad Yani No. 94,Gold,9,23766754,Denpasar
823,Putri Kusuma,putri.kusuma614@email.com,086933257157,F,2002-11-17,2023-03-25,6,Jl. Merdeka No. 195,Bronze,5,6087793,Bandung
824,Dedi Lestari,dedi.lestari538@email.com,089297920183,M,1968-05-03,2025-02-06,23,Jl. Mawar No. 39,Bronze,5,5907578,Palu
825,Indah Wibowo,indah.wibowo534@email.com,081286813210,F,1991-05-06,2023-04-15,6,Jl. Sudirman No. 159,Bronze,7,17997899,Bandung
826,Lukman Sari,lukman.sari828@email.com,085128933049,M,1975-04-01,2024-05-16,16,Jl. Kenanga No. 183,Bronze,4,7205287,Lampung
827,Kurnia Wibowo,kurnia.wibowo474@email.com,081768472669,M,1999-02-25,2023-01-02,26,Jl. Melati No. 48,Bronze,2,4090606,Kupang
828,Maman Wibowo,maman.wibowo22@email.com,084843300753,M,1982-09-27,2026-04-19,6,Jl. Pahlawan No. 35,Bronze,9,13835697,Bandung
829,Eka Wibowo,eka.wibowo802@email.com,086494453109,F,2003-06-19,2023-05-11,5,Jl. Diponegoro No. 117,Bronze,8,9326156,Bekasi
830,Joko Kusuma,joko.kusuma140@email.com,085297429997,M,1967-02-13,2025-05-26,21,Jl. Mawar No. 136,Silver,4,5599549,Makassar
831,Sari Sari,sari.sari966@email.com,087526873464,F,1998-08-21,2024-04-07,24,Jl. Kenanga No. 148,Silver,3,1259147,Denpasar
832,Indah Sari,indah.sari825@email.com,081156408439,F,1997-08-05,2022-12-08,14,Jl. Sudirman No. 154,Platinum,5,11740255,Pekanbaru
833,Dewi Lestari,dewi.lestari383@email.com,085397513288,F,1989-07-10,2024-04-24,29,Jl. Mawar No. 51,Silver,0,0,Sorong
834,Pandu Utami,pandu.utami605@email.com,084217898231,M,1974-08-28,2026-03-17,21,Jl. Ahmad Yani No. 102,Bronze,3,11835884,Makassar
835,Joko Siregar,joko.siregar730@email.com,087293006283,M,1996-07-15,2023-06-02,15,Jl. Diponegoro No. 119,Bronze,3,2699862,Banda Aceh
836,Joko Kusuma,joko.kusuma55@email.com,086800590025,M,1971-05-12,2025-08-03,29,Jl. Pahlawan No. 168,Gold,6,5306375,Sorong
837,Yusuf Hidayat,yusuf.hidayat42@email.com,083059258639,M,1997-09-16,2026-08-09,12,Jl. Gajah Mada No. 85,Bronze,10,22706731,Palembang
838,Ahmad Wijaya,ahmad.wijaya26@email.com,083188314650,M,2000-05-02,2026-03-05,5,Jl. Melati No. 96,Bronze,6,8294184,Bekasi
839,Kartika Utami,kartika.utami292@email.com,082580408536,F,1987-10-11,2024-07-31,20,Jl. Melati No. 150,Bronze,0,0,Palangkaraya
840,Putri Saputra,putri.saputra562@email.com,085158084368,F,1967-11-25,2024-11-18,25,Jl. Pahlawan No. 85,Silver,3,4438339,Mataram
841,Indah Kusuma,indah.kusuma394@email.com,086479346740,F,1977-02-20,2026-04-10,5,Jl. Diponegoro No. 11,Bronze,3,891350,Bekasi
842,Fajar Putri,fajar.putri846@email.com,084793171654,M,1977-07-26,2025-03-11,14,Jl. Pahlawan No. 141,Silver,2,384575,Pekanbaru
843,Ahmad Wijaya,ahmad.wijaya806@email.com,081283850417,M,1981-12-16,2022-03-18,6,Jl. Mawar No. 43,Gold,3,2337598,Bandung
844,Dewi Wijaya,dewi.wijaya382@email.com,088948239995,F,1986-10-24,2024-07-30,22,Jl. Ahmad Yani No. 148,Silver,2,4816736,Manado
845,Kartika Sari,kartika.sari286@email.com,082053540619,F,2002-09-22,2025-09-29,5,Jl. Merdeka No. 112,Bronze,7,11269293,Bekasi
846,Rina Hidayat,rina.hidayat308@email.com,082106565172,F,1990-01-19,2026-01-23,16,Jl. Thamrin No. 143,Bronze,3,2630480,Lampung
847,Joko Nugroho,joko.nugroho518@email.com,086854009954,M,1971-12-18,2022-11-10,29,Jl. Pahlawan No. 108,Silver,3,2973380,Sorong
848,Citra Putri,citra.putri794@email.com,084819542354,F,1995-11-03,2025-06-30,6,Jl. Pahlawan No. 104,Gold,4,5475125,Bandung
849,Pandu Nugroho,pandu.nugroho242@email.com,089580479302,M,1988-02-10,2023-11-15,1,Jl. Pahlawan No. 151,Bronze,4,8018889,Jakarta
850,Hani Hidayat,hani.hidayat613@email.com,081355959916,F,1975-06-06,2025-06-04,8,Jl. Sudirman No. 22,Silver,6,5786392,Yogyakarta
851,Fajar Sari,fajar.sari156@email.com,085259908653,M,1970-12-21,2024-10-05,14,Jl. Merdeka No. 121,Bronze,3,3144050,Pekanbaru
852,Lukman Wibowo,lukman.wibowo90@email.com,081173644819,M,1987-11-19,2025-10-22,12,Jl. Ahmad Yani No. 85,Bronze,7,6769594,Palembang
853,Budi Lestari,budi.lestari844@email.com,089561936242,M,1977-03-13,2026-08-10,1,Jl. Sudirman No. 69,Silver,3,3818040,Jakarta
854,Yusuf Hidayat,yusuf.hidayat267@email.com,083211441979,M,1994-10-28,2022-05-14,5,Jl. Mawar No. 156,Bronze,3,5447607,Bekasi
855,Bella Saputra,bella.saputra830@email.com,087238476297,F,1975-12-16,2023-11-25,28,Jl. Melati No. 79,Bronze,3,2861599,Ambon
856,Nina Utami,nina.utami216@email.com,086328685524,F,1984-11-11,2026-06-15,8,Jl. Thamrin No. 181,Bronze,4,7942367,Yogyakarta
857,Budi Lestari,budi.lestari130@email.com,085610398955,M,1974-02-15,2022-08-30,29,Jl. Gajah Mada No. 177,Bronze,3,3855840,Sorong
858,Sandi Saputra,sandi.saputra566@email.com,084045607582,M,2006-11-22,2022-09-09,14,Jl. Mawar No. 168,Bronze,2,3199831,Pekanbaru
859,Oki Putri,oki.putri874@email.com,088746520609,M,1968-01-27,2022-05-16,12,Jl. Pahlawan No. 48,Gold,4,4512279,Palembang
860,Maya Utami,maya.utami335@email.com,088333160749,F,1993-03-27,2023-10-25,23,Jl. Gajah Mada No. 193,Silver,1,768998,Palu
861,Ahmad Wibowo,ahmad.wibowo499@email.com,082436908247,M,1981-07-03,2022-12-03,26,Jl. Merdeka No. 36,Bronze,4,8994323,Kupang
862,Indah Siregar,indah.siregar790@email.com,089629556261,F,1976-07-02,2026-01-16,7,Jl. Gajah Mada No. 183,Bronze,2,795939,Semarang
863,Kartika Santoso,kartika.santoso152@email.com,087463844769,F,1997-04-07,2024-09-15,4,Jl. Melati No. 101,Gold,3,4351271,Tangerang
864,Pandu Utami,pandu.utami606@email.com,087644843476,M,1967-08-24,2026-06-27,24,Jl. Melati No. 194,Bronze,8,9996142,Denpasar
865,Kartika Santoso,kartika.santoso850@email.com,089066955201,F,2005-02-16,2025-04-21,14,Jl. Mawar No. 156,Silver,1,3963637,Pekanbaru
866,Tika Putri,tika.putri40@email.com,084507855562,F,1984-11-28,2023-06-27,15,Jl. Kenanga No. 66,Bronze,1,583186,Banda Aceh
867,Teguh Putri,teguh.putri3@email.com,082846882161,M,1993-04-13,2023-03-31,2,Jl. Sudirman No. 71,Silver,1,2181700,Bogor
868,Ani Sari,ani.sari615@email.com,083848912787,F,2005-05-25,2026-02-09,28,Jl. Mawar No. 149,Bronze,6,4969339,Ambon
869,Dewi Wibowo,dewi.wibowo182@email.com,081860097617,F,2000-12-11,2024-03-07,8,Jl. Pahlawan No. 21,Bronze,7,6676412,Yogyakarta
870,Sandi Santoso,sandi.santoso300@email.com,088180373015,M,1981-03-22,2022-09-23,4,Jl. Pahlawan No. 42,Gold,7,10935491,Tangerang
871,Hadi Pratama,hadi.pratama709@email.com,081294590834,M,1983-05-18,2026-04-16,4,Jl. Thamrin No. 32,Gold,3,2399537,Tangerang
872,Joko Wijaya,joko.wijaya784@email.com,087233249942,M,1982-03-04,2026-04-27,25,Jl. Sudirman No. 129,Silver,3,3707402,Mataram
873,Rina Wijaya,rina.wijaya86@email.com,085690233579,F,2004-05-26,2025-09-30,16,Jl. Thamrin No. 100,Gold,3,4794668,Lampung
874,Ani Siregar,ani.siregar150@email.com,082469313429,F,1970-02-06,2026-07-06,20,Jl. Melati No. 177,Silver,4,2030400,Palangkaraya
875,Lina Santoso,lina.santoso525@email.com,082728549921,F,1992-02-26,2024-03-08,11,Jl. Thamrin No. 49,Silver,3,4322981,Medan
876,Tika Susanto,tika.susanto507@email.com,087261431746,F,1979-11-25,2022-05-18,23,Jl. Gajah Mada No. 165,Bronze,3,2529089,Palu
877,Budi Nugroho,budi.nugroho681@email.com,089306123389,M,2001-06-01,2022-01-08,7,Jl. Gajah Mada No. 107,Silver,6,8317147,Semarang
878,Maman Wibowo,maman.wibowo534@email.com,085878096289,M,1973-02-20,2022-06-24,15,Jl. Mawar No. 142,Platinum,5,5516244,Banda Aceh
879,Dewi Lestari,dewi.lestari320@email.com,087123079801,F,2005-06-08,2022-03-08,26,Jl. Merdeka No. 28,Bronze,2,1184257,Kupang
880,Eka Susanto,eka.susanto349@email.com,088944559914,F,1989-03-09,2026-07-29,9,Jl. Sudirman No. 136,Bronze,7,2982450,Surabaya
881,Juli Susanto,juli.susanto336@email.com,085724990673,F,1966-01-10,2024-04-13,10,Jl. Sudirman No. 25,Platinum,4,7918982,Malang
882,Kartika Siregar,kartika.siregar820@email.com,081338610352,F,2001-04-19,2023-01-10,4,Jl. Merdeka No. 71,Bronze,3,7887039,Tangerang
883,Umar Siregar,umar.siregar674@email.com,082277950614,M,1999-05-18,2025-11-15,19,Jl. Pahlawan No. 193,Gold,2,3440119,Samarinda
884,Nina Wijaya,nina.wijaya141@email.com,081295268484,F,1982-12-02,2023-11-14,22,Jl. Kenanga No. 2,Bronze,5,9355976,Manado
885,Bella Nugroho,bella.nugroho271@email.com,082063329832,F,1990-09-04,2024-01-10,26,Jl. Gajah Mada No. 44,Bronze,2,2161080,Kupang
886,Ahmad Nugroho,ahmad.nugroho981@email.com,082751962237,M,1973-03-24,2026-02-01,7,Jl. Melati No. 70,Silver,1,1063936,Semarang
887,Sandi Sari,sandi.sari683@email.com,082668342007,M,1992-04-20,2022-05-02,8,Jl. Melati No. 75,Bronze,4,4700522,Yogyakarta
888,Tika Saputra,tika.saputra877@email.com,084820664172,F,1982-04-20,2023-08-13,19,Jl. Pahlawan No. 66,Silver,6,10645899,Samarinda
889,Ani Wijaya,ani.wijaya708@email.com,083882025167,F,1977-12-09,2025-04-24,13,Jl. Thamrin No. 183,Bronze,2,3777140,Padang
890,Budi Susanto,budi.susanto284@email.com,085120590842,M,1990-03-07,2025-11-01,3,Jl. Kenanga No. 1,Silver,2,6324095,Depok
891,Ahmad Saputra,ahmad.saputra151@email.com,084374115502,M,1978-08-05,2023-12-01,4,Jl. Gajah Mada No. 84,Platinum,1,2060808,Tangerang
892,Rina Ramadhan,rina.ramadhan212@email.com,086966615954,F,1977-11-05,2024-06-27,9,Jl. Diponegoro No. 171,Gold,5,3433851,Surabaya
893,Sandi Nugroho,sandi.nugroho444@email.com,082991071729,M,1968-05-01,2024-06-14,9,Jl. Merdeka No. 16,Silver,5,2637264,Surabaya
894,Gita Saputra,gita.saputra182@email.com,085354098761,F,1974-05-09,2023-08-12,4,Jl. Melati No. 17,Silver,4,4186304,Tangerang
895,Juli Ramadhan,juli.ramadhan283@email.com,088900454771,F,1977-12-28,2024-07-09,8,Jl. Pahlawan No. 70,Bronze,5,8094793,Yogyakarta
896,Rudi Siregar,rudi.siregar394@email.com,085011397503,M,1980-11-16,2022-02-05,5,Jl. Sudirman No. 69,Silver,3,4018981,Bekasi
897,Dewi Hidayat,dewi.hidayat414@email.com,081087185982,F,1998-05-24,2025-09-10,28,Jl. Kenanga No. 28,Bronze,2,6090942,Ambon
898,Indah Utami,indah.utami819@email.com,084959218902,F,2000-10-19,2026-04-01,8,Jl. Mawar No. 136,Bronze,12,13460904,Yogyakarta
899,Maman Utami,maman.utami350@email.com,085301240165,M,2000-07-19,2026-04-26,23,Jl. Diponegoro No. 48,Bronze,2,2013974,Palu
900,Nina Hidayat,nina.hidayat644@email.com,087717423384,F,1982-10-07,2026-07-06,23,Jl. Sudirman No. 98,Bronze,4,3924016,Palu
901,Joko Pratama,joko.pratama247@email.com,087581977205,M,1987-08-25,2023-11-20,2,Jl. Mawar No. 59,Bronze,3,4335490,Bogor
902,Dedi Wijaya,dedi.wijaya45@email.com,086175261010,M,1979-07-28,2022-10-08,19,Jl. Pahlawan No. 137,Platinum,4,5394310,Samarinda
903,Eko Ramadhan,eko.ramadhan220@email.com,086233290778,M,1973-04-24,2024-06-22,18,Jl. Sudirman No. 10,Bronze,6,4377310,Banjarmasin
904,Dewi Hidayat,dewi.hidayat349@email.com,084966690762,F,1993-04-03,2025-04-20,21,Jl. Kenanga No. 31,Bronze,4,13308045,Makassar
905,Wulan Sari,wulan.sari706@email.com,084129590603,F,1980-01-16,2025-07-12,24,Jl. Mawar No. 56,Silver,5,6488234,Denpasar
906,Dewi Wijaya,dewi.wijaya1@email.com,083989035292,F,1979-10-09,2025-04-08,17,Jl. Merdeka No. 190,Bronze,4,3973464,Pontianak
907,Kurnia Putri,kurnia.putri47@email.com,084145806843,M,1975-04-24,2026-08-12,6,Jl. Diponegoro No. 54,Bronze,4,3229676,Bandung
908,Oktavia Santoso,oktavia.santoso33@email.com,086171843301,F,1979-10-05,2024-07-09,22,Jl. Ahmad Yani No. 176,Bronze,4,3678915,Manado
909,Hadi Nugroho,hadi.nugroho546@email.com,082805418091,M,1975-06-02,2022-01-16,13,Jl. Sudirman No. 196,Bronze,3,1691584,Padang
910,Fajar Saputra,fajar.saputra171@email.com,089522965428,M,1979-12-27,2024-06-09,4,Jl. Mawar No. 41,Gold,3,1988194,Tangerang
911,Rudi Saputra,rudi.saputra267@email.com,083603958409,M,1993-05-11,2025-06-05,6,Jl. Merdeka No. 51,Bronze,4,4040848,Bandung
912,Sari Nugroho,sari.nugroho923@email.com,081231035712,F,1972-12-05,2025-04-05,3,Jl. Melati No. 29,Silver,5,5462272,Depok
913,Tika Susanto,tika.susanto185@email.com,081543000117,F,1973-01-17,2026-07-31,24,Jl. Merdeka No. 131,Gold,2,1328962,Denpasar
914,Joko Sari,joko.sari96@email.com,086410190878,M,1986-09-18,2022-06-21,18,Jl. Gajah Mada No. 141,Bronze,4,7436950,Banjarmasin
915,Budi Saputra,budi.saputra652@email.com,089973832043,M,1973-04-23,2023-02-25,16,Jl. Thamrin No. 160,Bronze,4,4129023,Lampung
916,Sari Wijaya,sari.wijaya698@email.com,088933774690,F,1985-08-06,2026-04-06,24,Jl. Merdeka No. 9,Silver,5,6905471,Denpasar
917,Ahmad Wibowo,ahmad.wibowo169@email.com,083516165957,M,1966-02-11,2026-01-20,26,Jl. Sudirman No. 177,Bronze,3,1423611,Kupang
918,Rudi Utami,rudi.utami807@email.com,089700921983,M,2006-06-02,2025-01-08,29,Jl. Thamrin No. 91,Bronze,5,9225740,Sorong
919,Teguh Ramadhan,teguh.ramadhan88@email.com,087614306997,M,1983-05-06,2026-03-22,10,Jl. Ahmad Yani No. 126,Silver,4,6622995,Malang
920,Fajar Kusuma,fajar.kusuma808@email.com,085477330907,M,1983-09-20,2026-04-13,27,Jl. Pahlawan No. 121,Bronze,8,6453751,Jayapura
921,Oktavia Santoso,oktavia.santoso268@email.com,084804450991,F,1968-01-22,2025-05-12,2,Jl. Pahlawan No. 89,Silver,8,6295828,Bogor
922,Nanda Susanto,nanda.susanto387@email.com,083418073058,M,1998-03-13,2023-07-18,17,Jl. Diponegoro No. 106,Bronze,2,1423157,Pontianak
923,Rina Putri,rina.putri842@email.com,087772412615,F,1968-06-10,2024-01-27,11,Jl. Merdeka No. 142,Silver,7,7900815,Medan
924,Bella Saputra,bella.saputra629@email.com,087692685951,F,1991-10-28,2023-05-08,7,Jl. Kenanga No. 91,Silver,1,716816,Semarang
925,Yusuf Utami,yusuf.utami63@email.com,086977205339,M,1976-03-03,2024-12-12,21,Jl. Melati No. 32,Gold,2,4188124,Makassar
926,Kurnia Ramadhan,kurnia.ramadhan972@email.com,087329243215,M,2006-03-18,2023-06-14,24,Jl. Diponegoro No. 133,Bronze,5,6342064,Denpasar
927,Teguh Ramadhan,teguh.ramadhan690@email.com,081281451607,M,1982-04-05,2024-03-29,3,Jl. Pahlawan No. 159,Silver,2,4112406,Depok
928,Teguh Lestari,teguh.lestari163@email.com,081088946090,M,1984-07-10,2025-10-03,21,Jl. Pahlawan No. 194,Silver,7,11739785,Makassar
929,Rina Saputra,rina.saputra474@email.com,084751414261,F,1984-05-03,2022-08-02,7,Jl. Pahlawan No. 75,Gold,8,8529833,Semarang
930,Fitri Pratama,fitri.pratama413@email.com,084387264700,F,1983-01-06,2024-02-05,25,Jl. Gajah Mada No. 88,Silver,5,3302435,Mataram
931,Lukman Putri,lukman.putri482@email.com,086915334476,M,1966-11-03,2026-02-02,28,Jl. Pahlawan No. 72,Gold,4,2870257,Ambon
932,Joko Susanto,joko.susanto513@email.com,083228001003,M,1980-09-23,2024-01-25,4,Jl. Ahmad Yani No. 85,Silver,2,325312,Tangerang
933,Rudi Lestari,rudi.lestari349@email.com,085456204585,M,1968-11-23,2025-11-28,27,Jl. Merdeka No. 75,Bronze,5,6631874,Jayapura
934,Irfan Utami,irfan.utami602@email.com,084044608073,M,1977-09-09,2023-12-29,27,Jl. Pahlawan No. 187,Bronze,5,11698856,Jayapura
935,Eko Wijaya,eko.wijaya478@email.com,084381741645,M,2003-08-17,2025-12-27,4,Jl. Melati No. 13,Silver,2,1900637,Tangerang
936,Joko Lestari,joko.lestari138@email.com,081969449751,M,1977-08-07,2025-07-16,3,Jl. Pahlawan No. 9,Silver,8,12445263,Depok
937,Yusuf Utami,yusuf.utami473@email.com,088981674713,M,1985-07-04,2024-10-14,17,Jl. Melati No. 185,Gold,2,461103,Pontianak
938,Ahmad Siregar,ahmad.siregar110@email.com,082782508879,M,1966-01-19,2023-03-04,6,Jl. Melati No. 33,Gold,6,5624134,Bandung
939,Joko Susanto,joko.susanto510@email.com,086212809380,M,1995-11-23,2023-11-15,13,Jl. Gajah Mada No. 157,Silver,5,9534325,Padang
940,Budi Wijaya,budi.wijaya539@email.com,087764694647,M,1969-02-28,2025-05-21,10,Jl. Sudirman No. 139,Bronze,2,722857,Malang
941,Oki Sari,oki.sari775@email.com,089576761471,M,1966-10-05,2023-12-04,16,Jl. Diponegoro No. 44,Gold,6,7034438,Lampung
942,Irfan Lestari,irfan.lestari463@email.com,086476167767,M,1974-02-08,2024-11-01,20,Jl. Gajah Mada No. 108,Bronze,5,10477541,Palangkaraya
943,Bella Susanto,bella.susanto549@email.com,084208964711,F,1983-03-17,2026-02-05,24,Jl. Gajah Mada No. 162,Bronze,3,10922642,Denpasar
944,Hani Nugroho,hani.nugroho532@email.com,083979360096,F,1992-12-02,2024-05-27,13,Jl. Sudirman No. 192,Bronze,7,8397979,Padang
945,Budi Putri,budi.putri400@email.com,083608880839,M,1998-04-12,2022-04-24,28,Jl. Merdeka No. 99,Bronze,4,8801329,Ambon
946,Citra Pratama,citra.pratama224@email.com,086757547124,F,1971-03-25,2023-03-12,24,Jl. Merdeka No. 111,Silver,3,3136255,Denpasar
947,Pandu Lestari,pandu.lestari782@email.com,084875855229,M,2005-08-14,2024-09-21,4,Jl. Kenanga No. 54,Platinum,4,2917657,Tangerang
948,Juli Susanto,juli.susanto6@email.com,089526141003,F,1980-05-18,2022-08-26,2,Jl. Diponegoro No. 88,Bronze,2,1355201,Bogor
949,Sari Susanto,sari.susanto218@email.com,084108943608,F,1973-07-02,2024-12-18,29,Jl. Merdeka No. 27,Silver,4,5284242,Sorong
950,Ani Lestari,ani.lestari595@email.com,084038892181,F,1997-06-19,2022-04-08,27,Jl. Ahmad Yani No. 74,Silver,2,3265868,Jayapura
951,Rudi Hidayat,rudi.hidayat613@email.com,087983455615,M,1975-07-25,2026-07-12,19,Jl. Kenanga No. 147,Gold,2,449033,Samarinda
952,Sari Ramadhan,sari.ramadhan693@email.com,082959373785,F,2003-12-24,2026-04-05,20,Jl. Melati No. 76,Bronze,3,7023098,Palangkaraya
953,Tika Saputra,tika.saputra579@email.com,085737108343,F,1980-03-11,2025-03-10,21,Jl. Merdeka No. 198,Silver,4,2187266,Makassar
954,Tika Lestari,tika.lestari190@email.com,086252864882,F,1976-04-04,2023-02-03,26,Jl. Thamrin No. 199,Platinum,5,5405983,Kupang
955,Tika Sari,tika.sari572@email.com,083031423129,F,2004-12-01,2024-04-15,2,Jl. Pahlawan No. 164,Bronze,3,5005517,Bogor
956,Ani Ramadhan,ani.ramadhan966@email.com,083605890125,F,1978-05-18,2022-12-23,15,Jl. Gajah Mada No. 172,Silver,5,10172872,Banda Aceh
957,Hani Siregar,hani.siregar839@email.com,089508058222,F,2000-01-27,2022-10-11,17,Jl. Merdeka No. 89,Platinum,2,2122409,Pontianak
958,Fajar Siregar,fajar.siregar31@email.com,085927368473,M,2004-07-11,2025-03-05,23,Jl. Kenanga No. 196,Bronze,4,7644511,Palu
959,Pandu Ramadhan,pandu.ramadhan388@email.com,086775517373,M,2000-07-19,2022-07-11,9,Jl. Sudirman No. 56,Bronze,4,6777999,Surabaya
960,Nina Wijaya,nina.wijaya542@email.com,085811161965,F,1974-04-26,2025-11-05,22,Jl. Diponegoro No. 199,Bronze,4,4307827,Manado
961,Joko Lestari,joko.lestari642@email.com,084861149438,M,1984-09-09,2026-05-03,26,Jl. Merdeka No. 43,Bronze,0,0,Kupang
962,Ahmad Santoso,ahmad.santoso930@email.com,089097017443,M,1992-10-13,2024-11-18,22,Jl. Sudirman No. 15,Bronze,2,6520904,Manado
963,Rina Putri,rina.putri844@email.com,084669833820,F,1977-10-11,2022-06-16,3,Jl. Merdeka No. 17,Bronze,5,4026485,Depok
964,Yusuf Ramadhan,yusuf.ramadhan75@email.com,082380371508,M,1983-11-20,2022-06-14,9,Jl. Mawar No. 105,Silver,6,12037727,Surabaya
965,Wawan Nugroho,wawan.nugroho748@email.com,082582098699,M,2005-03-02,2024-04-22,21,Jl. Ahmad Yani No. 70,Bronze,5,8115040,Makassar
966,Oktavia Nugroho,oktavia.nugroho732@email.com,089344824801,F,1990-03-02,2023-07-31,20,Jl. Thamrin No. 186,Bronze,4,7523168,Palangkaraya
967,Eka Lestari,eka.lestari95@email.com,083584703554,F,1966-09-26,2023-12-07,5,Jl. Ahmad Yani No. 6,Bronze,5,7989932,Bekasi
968,Citra Putri,citra.putri960@email.com,089295242396,F,1994-04-03,2023-02-20,7,Jl. Gajah Mada No. 184,Gold,5,4393263,Semarang
969,Nanda Siregar,nanda.siregar476@email.com,081045704406,M,1994-09-03,2022-08-11,13,Jl. Thamrin No. 174,Bronze,5,9141675,Padang
970,Ahmad Saputra,ahmad.saputra526@email.com,082364751383,M,1992-04-27,2023-03-25,4,Jl. Mawar No. 127,Silver,7,8843937,Tangerang
971,Maya Wijaya,maya.wijaya559@email.com,086569405027,F,1993-02-22,2023-03-23,7,Jl. Ahmad Yani No. 152,Bronze,6,11856145,Semarang
972,Wawan Pratama,wawan.pratama45@email.com,085700911461,M,1990-05-17,2022-10-16,2,Jl. Ahmad Yani No. 73,Platinum,4,3517193,Bogor
973,Rudi Putri,rudi.putri548@email.com,088692015091,M,1971-07-16,2023-05-28,22,Jl. Melati No. 44,Gold,5,2167036,Manado
974,Ahmad Wibowo,ahmad.wibowo604@email.com,081783367740,M,1970-08-27,2025-08-01,6,Jl. Diponegoro No. 67,Silver,4,3696676,Bandung
975,Fitri Lestari,fitri.lestari622@email.com,082880899340,F,1996-12-22,2023-11-28,18,Jl. Pahlawan No. 60,Gold,1,2845292,Banjarmasin
976,Eko Wibowo,eko.wibowo419@email.com,085420195482,M,1999-11-11,2022-12-29,17,Jl. Diponegoro No. 147,Silver,2,5731618,Pontianak
977,Sandi Utami,sandi.utami439@email.com,085806046771,M,1999-12-21,2025-04-20,23,Jl. Mawar No. 180,Bronze,5,2288877,Palu
978,Hani Siregar,hani.siregar783@email.com,085304637278,F,1974-01-12,2024-11-27,13,Jl. Melati No. 37,Bronze,2,1918079,Padang
979,Hadi Putri,hadi.putri89@email.com,089556222542,M,1985-11-06,2023-12-17,21,Jl. Gajah Mada No. 4,Silver,2,4535681,Makassar
980,Dewi Ramadhan,dewi.ramadhan75@email.com,081748246572,F,2001-03-24,2024-04-09,9,Jl. Kenanga No. 36,Bronze,1,252829,Surabaya
981,Oktavia Utami,oktavia.utami792@email.com,088223542272,F,2000-10-18,2022-03-22,20,Jl. Diponegoro No. 111,Silver,5,11242596,Palangkaraya
982,Sari Wibowo,sari.wibowo339@email.com,084429037896,F,1973-01-28,2022-11-21,1,Jl. Kenanga No. 178,Silver,4,9077863,Jakarta
983,Wulan Susanto,wulan.susanto134@email.com,087895989342,F,1997-05-21,2023-05-29,23,Jl. Kenanga No. 132,Silver,6,6680898,Palu
984,Dedi Hidayat,dedi.hidayat469@email.com,089743692163,M,2005-09-17,2024-07-14,12,Jl. Mawar No. 24,Bronze,1,2306692,Palembang
985,Joko Siregar,joko.siregar201@email.com,081802132550,M,1993-07-16,2024-04-02,18,Jl. Kenanga No. 116,Bronze,6,8831560,Banjarmasin
986,Yusuf Wijaya,yusuf.wijaya545@email.com,087410114897,M,1994-08-20,2025-07-09,24,Jl. Melati No. 39,Gold,4,7384998,Denpasar
987,Rina Nugroho,rina.nugroho591@email.com,086137440532,F,1973-06-17,2022-11-12,23,Jl. Merdeka No. 165,Silver,3,3840105,Palu
988,Oki Ramadhan,oki.ramadhan54@email.com,088282124062,M,2005-04-12,2025-10-29,6,Jl. Merdeka No. 170,Gold,5,2155857,Bandung
989,Maya Saputra,maya.saputra583@email.com,081164565091,F,1986-11-15,2025-06-22,24,Jl. Sudirman No. 43,Bronze,3,2498325,Denpasar
990,Maman Wibowo,maman.wibowo403@email.com,082692504896,M,1981-03-17,2023-07-04,12,Jl. Thamrin No. 91,Gold,2,2447511,Palembang
991,Fitri Ramadhan,fitri.ramadhan758@email.com,084721043139,F,1973-11-18,2025-07-22,8,Jl. Diponegoro No. 140,Platinum,4,3589012,Yogyakarta
992,Maman Saputra,maman.saputra938@email.com,082408236767,M,1970-11-22,2023-06-18,6,Jl. Melati No. 195,Bronze,2,3423406,Bandung
993,Fitri Siregar,fitri.siregar414@email.com,083983274325,F,1975-10-06,2024-03-07,11,Jl. Gajah Mada No. 136,Silver,6,4335338,Medan
994,Dewi Putri,dewi.putri401@email.com,086880804196,F,1971-09-23,2024-10-30,28,Jl. Merdeka No. 166,Bronze,8,8409916,Ambon
995,Maya Wibowo,maya.wibowo775@email.com,088215987738,F,1966-10-11,2023-10-27,18,Jl. Ahmad Yani No. 58,Bronze,6,3707957,Banjarmasin
996,Wulan Wijaya,wulan.wijaya949@email.com,084575118400,F,1997-10-03,2025-10-15,29,Jl. Mawar No. 154,Bronze,2,327201,Sorong
997,Irfan Sari,irfan.sari276@email.com,084407848229,M,1986-10-08,2025-12-14,27,Jl. Sudirman No. 94,Bronze,3,4965762,Jayapura
998,Citra Pratama,citra.pratama336@email.com,081868859809,F,1971-06-27,2024-07-18,10,Jl. Diponegoro No. 187,Bronze,4,4005497,Malang
999,Pandu Nugroho,pandu.nugroho437@email.com,082362880046,M,1971-04-26,2024-12-10,24,Jl. Merdeka No. 159,Bronze,4,7539696,Denpasar
1000,Eko Hidayat,eko.hidayat363@email.com,086056571297,M,1970-01-25,2026-06-11,25,Jl. Pahlawan No. 158,Silver,2,2036112,Mataram
1001,Wawan Sari,wawan.sari855@email.com,083053053746,M,1968-10-24,2025-02-23,16,Jl. Ahmad Yani No. 93,Bronze,2,726158,Lampung
1002,Maya Kusuma,maya.kusuma935@email.com,087133865128,F,1986-09-26,2022-10-08,29,Jl. Merdeka No. 84,Gold,7,14340423,Sorong
1003,Oktavia Sari,oktavia.sari505@email.com,088327650795,F,1984-03-05,2023-07-27,15,Jl. Melati No. 87,Platinum,7,8867857,Banda Aceh
1004,Sari Ramadhan,sari.ramadhan816@email.com,089017817824,F,2002-07-12,2026-02-09,11,Jl. Kenanga No. 74,Bronze,1,2018858,Medan
1005,Lukman Lestari,lukman.lestari140@email.com,081169231110,M,1992-06-01,2022-06-19,4,Jl. Thamrin No. 79,Bronze,7,11317145,Tangerang
1006,Wawan Ramadhan,wawan.ramadhan659@email.com,084552265343,M,1969-04-05,2023-04-21,29,Jl. Gajah Mada No. 82,Bronze,2,3065650,Sorong
1007,Maman Pratama,maman.pratama649@email.com,084170352066,M,1998-04-21,2022-03-11,16,Jl. Sudirman No. 73,Bronze,4,3780578,Lampung
1008,Maya Lestari,maya.lestari987@email.com,086248817328,F,1996-03-16,2026-01-07,20,Jl. Mawar No. 164,Silver,5,3247925,Palangkaraya
1009,Nina Kusuma,nina.kusuma528@email.com,084022301088,F,1973-06-28,2022-01-14,24,Jl. Gajah Mada No. 74,Bronze,5,9085899,Denpasar
1010,Teguh Putri,teguh.putri828@email.com,084506222455,M,1976-12-18,2026-07-25,26,Jl. Thamrin No. 49,Gold,3,6258301,Kupang
1011,Irfan Lestari,irfan.lestari640@email.com,081397731536,M,1965-11-10,2025-08-14,5,Jl. Pahlawan No. 190,Bronze,5,11783277,Bekasi
1012,Teguh Putri,teguh.putri735@email.com,087668993278,M,1996-03-07,2023-06-22,14,Jl. Gajah Mada No. 7,Silver,2,4083697,Pekanbaru
1013,Maya Sari,maya.sari186@email.com,089159800657,F,1994-03-26,2022-06-28,23,Jl. Mawar No. 119,Bronze,6,15334372,Palu
1014,Sari Ramadhan,sari.ramadhan884@email.com,085435386000,F,1973-07-05,2024-09-17,9,Jl. Thamrin No. 159,Bronze,9,18285789,Surabaya
1015,Maya Siregar,maya.siregar402@email.com,089817982174,F,1980-12-04,2025-02-08,22,Jl. Thamrin No. 184,Bronze,6,10762850,Manado
1016,Sandi Kusuma,sandi.kusuma807@email.com,085420666225,M,1978-04-15,2024-07-25,3,Jl. Thamrin No. 45,Bronze,2,2694155,Depok
1017,Pandu Siregar,pandu.siregar875@email.com,083513314947,M,1992-06-22,2022-07-26,6,Jl. Ahmad Yani No. 61,Silver,5,4302830,Bandung
1018,Joko Siregar,joko.siregar988@email.com,086167646708,M,2006-06-23,2023-10-28,6,Jl. Melati No. 79,Bronze,1,187182,Bandung
1019,Sandi Susanto,sandi.susanto828@email.com,086983240787,M,1996-04-06,2024-08-06,21,Jl. Diponegoro No. 6,Silver,2,5821631,Makassar
1020,Indah Lestari,indah.lestari743@email.com,081500273103,F,1996-10-23,2026-05-07,26,Jl. Mawar No. 155,Gold,2,629658,Kupang
1021,Ani Kusuma,ani.kusuma57@email.com,082422105453,F,1993-02-06,2022-12-24,19,Jl. Kenanga No. 120,Silver,5,7923532,Samarinda
1022,Dewi Putri,dewi.putri975@email.com,082043793884,F,1985-03-19,2025-12-20,16,Jl. Thamrin No. 8,Gold,0,0,Lampung
1023,Fajar Utami,fajar.utami178@email.com,085485945642,M,1968-09-07,2024-03-24,12,Jl. Melati No. 126,Silver,3,6659702,Palembang
1024,Rina Sari,rina.sari216@email.com,089068161730,F,1993-06-22,2025-03-11,17,Jl. Melati No. 92,Bronze,5,11551269,Pontianak
1025,Bella Utami,bella.utami285@email.com,089495401703,F,1967-04-01,2026-03-18,27,Jl. Diponegoro No. 100,Silver,5,3653668,Jayapura
1026,Dewi Nugroho,dewi.nugroho746@email.com,081401876836,F,1975-04-28,2023-12-12,3,Jl. Thamrin No. 165,Silver,5,12415627,Depok
1027,Ani Wijaya,ani.wijaya889@email.com,081828289951,F,1995-05-21,2023-02-12,10,Jl. Kenanga No. 51,Gold,3,1813788,Malang
1028,Putri Wijaya,putri.wijaya624@email.com,085155014085,F,2002-08-03,2025-11-07,7,Jl. Thamrin No. 102,Bronze,2,4115080,Semarang
1029,Fajar Wijaya,fajar.wijaya984@email.com,087272132968,M,1972-11-23,2022-11-19,7,Jl. Mawar No. 193,Silver,4,2737266,Semarang
1030,Eko Lestari,eko.lestari392@email.com,082729567415,M,1970-02-04,2026-03-08,25,Jl. Thamrin No. 47,Bronze,6,6535627,Mataram
1031,Rudi Kusuma,rudi.kusuma203@email.com,081919506215,M,1998-08-08,2023-12-04,24,Jl. Ahmad Yani No. 147,Bronze,2,4969265,Denpasar
1032,Kartika Putri,kartika.putri898@email.com,083237646664,F,1976-08-21,2022-01-28,18,Jl. Thamrin No. 196,Silver,2,2495971,Banjarmasin
1033,Eko Wijaya,eko.wijaya641@email.com,083254069197,M,2000-11-13,2022-02-16,10,Jl. Gajah Mada No. 3,Silver,2,2082223,Malang
1034,Eka Kusuma,eka.kusuma861@email.com,088932259541,F,1989-03-01,2023-08-11,20,Jl. Gajah Mada No. 185,Bronze,2,2392205,Palangkaraya
1035,Ahmad Utami,ahmad.utami132@email.com,087800904085,M,2001-10-12,2026-01-05,7,Jl. Merdeka No. 199,Bronze,7,15755418,Semarang
1036,Dewi Kusuma,dewi.kusuma335@email.com,087612700565,F,1992-06-18,2023-01-26,9,Jl. Pahlawan No. 79,Silver,6,3910051,Surabaya
1037,Irfan Wibowo,irfan.wibowo160@email.com,081110146803,M,1969-12-25,2023-06-16,1,Jl. Mawar No. 14,Bronze,1,2270770,Jakarta
1038,Wulan Kusuma,wulan.kusuma62@email.com,083660409168,F,2000-08-09,2023-04-18,16,Jl. Mawar No. 185,Silver,5,6272650,Lampung
1039,Pandu Saputra,pandu.saputra134@email.com,084870280937,M,1966-07-08,2025-04-24,28,Jl. Gajah Mada No. 82,Bronze,5,9678985,Ambon
1040,Ahmad Putri,ahmad.putri61@email.com,081535559599,M,1983-01-08,2025-12-25,23,Jl. Kenanga No. 93,Gold,1,371788,Palu
1041,Putri Lestari,putri.lestari915@email.com,088674417535,F,1993-06-14,2025-08-03,25,Jl. Kenanga No. 17,Bronze,4,2188365,Mataram
1042,Lina Hidayat,lina.hidayat862@email.com,081457092001,F,1980-05-16,2022-12-20,14,Jl. Ahmad Yani No. 119,Bronze,6,9015518,Pekanbaru
1043,Budi Sari,budi.sari40@email.com,081890000799,M,1972-09-04,2026-04-25,2,Jl. Pahlawan No. 142,Bronze,2,3729338,Bogor
1044,Maya Hidayat,maya.hidayat529@email.com,089773000884,F,1996-03-14,2022-07-04,25,Jl. Merdeka No. 133,Bronze,3,4651185,Mataram
1045,Oktavia Wijaya,oktavia.wijaya998@email.com,085556111786,F,1966-12-04,2025-04-28,5,Jl. Sudirman No. 51,Silver,0,0,Bekasi
1046,Oktavia Wijaya,oktavia.wijaya341@email.com,089032573130,F,1994-12-08,2022-04-21,8,Jl. Gajah Mada No. 136,Platinum,5,5597569,Yogyakarta
1047,Juli Putri,juli.putri202@email.com,081106472872,F,1976-02-23,2024-03-31,26,Jl. Kenanga No. 112,Bronze,9,9123489,Kupang
1048,Oktavia Saputra,oktavia.saputra31@email.com,081878586679,F,2003-05-16,2024-05-29,23,Jl. Melati No. 2,Bronze,4,9007734,Palu
1049,Yusuf Saputra,yusuf.saputra448@email.com,089115926978,M,1993-05-27,2026-08-12,6,Jl. Pahlawan No. 39,Bronze,3,2239899,Bandung
1050,Teguh Putri,teguh.putri59@email.com,089503274263,M,1995-01-02,2022-10-11,27,Jl. Pahlawan No. 107,Bronze,7,11854857,Jayapura
1051,Kartika Ramadhan,kartika.ramadhan458@email.com,087822616916,F,1969-02-02,2022-02-21,19,Jl. Mawar No. 32,Gold,4,2521164,Samarinda
1052,Ahmad Susanto,ahmad.susanto787@email.com,085307967688,M,2002-04-18,2023-06-22,21,Jl. Diponegoro No. 171,Platinum,7,8214131,Makassar
1053,Maman Utami,maman.utami514@email.com,087827476439,M,1981-10-20,2022-03-28,6,Jl. Kenanga No. 128,Gold,3,3200102,Bandung
1054,Wulan Sari,wulan.sari204@email.com,087075558807,F,1979-11-03,2025-08-01,16,Jl. Kenanga No. 143,Silver,5,6220014,Lampung
1055,Pandu Siregar,pandu.siregar294@email.com,085091155518,M,1974-04-16,2022-07-23,13,Jl. Mawar No. 123,Silver,3,1880686,Padang
1056,Joko Wibowo,joko.wibowo216@email.com,087850993986,M,1985-07-06,2026-04-10,6,Jl. Kenanga No. 146,Gold,1,1035404,Bandung
1057,Ani Wijaya,ani.wijaya869@email.com,083836062669,F,1981-03-14,2026-08-12,23,Jl. Merdeka No. 55,Bronze,5,9944970,Palu
1058,Sari Wibowo,sari.wibowo862@email.com,089707742997,F,1970-07-02,2022-08-05,6,Jl. Ahmad Yani No. 25,Gold,8,10055555,Bandung
1059,Joko Pratama,joko.pratama610@email.com,087806290287,M,2004-10-17,2025-12-08,22,Jl. Thamrin No. 29,Bronze,2,833096,Manado
1060,Ani Susanto,ani.susanto988@email.com,086411812236,F,1997-11-19,2025-01-05,27,Jl. Melati No. 36,Bronze,5,7079180,Jayapura
1061,Rudi Siregar,rudi.siregar950@email.com,089516301686,M,1998-09-24,2023-12-31,29,Jl. Melati No. 96,Bronze,5,4105640,Sorong
1062,Umar Kusuma,umar.kusuma48@email.com,087093646265,M,1966-05-18,2026-07-21,2,Jl. Gajah Mada No. 122,Silver,1,484988,Bogor
1063,Irfan Saputra,irfan.saputra94@email.com,083868968361,M,1984-10-13,2022-06-24,19,Jl. Thamrin No. 131,Gold,1,647128,Samarinda
1064,Fitri Lestari,fitri.lestari475@email.com,088936809129,F,2000-09-05,2024-05-17,22,Jl. Merdeka No. 69,Bronze,5,7970083,Manado
1065,Hani Susanto,hani.susanto116@email.com,086818005837,F,1970-10-14,2023-06-14,4,Jl. Merdeka No. 127,Gold,6,3461034,Tangerang
1066,Hadi Nugroho,hadi.nugroho342@email.com,088399650163,M,2000-09-08,2025-10-12,10,Jl. Gajah Mada No. 28,Silver,7,12811157,Malang
1067,Tika Utami,tika.utami300@email.com,083748773178,F,2006-07-06,2026-07-07,28,Jl. Kenanga No. 108,Silver,7,8131354,Ambon
1068,Wulan Saputra,wulan.saputra959@email.com,087922645184,F,1980-12-09,2025-01-24,13,Jl. Merdeka No. 69,Bronze,6,6945432,Padang
1069,Eka Wijaya,eka.wijaya105@email.com,082657579105,F,1974-09-11,2022-01-24,15,Jl. Thamrin No. 92,Silver,3,7447210,Banda Aceh
1070,Pandu Hidayat,pandu.hidayat991@email.com,086248461126,M,1973-01-17,2025-01-24,18,Jl. Melati No. 103,Silver,5,7391398,Banjarmasin
1071,Yusuf Santoso,yusuf.santoso492@email.com,087559313991,M,1973-05-13,2024-06-11,29,Jl. Kenanga No. 148,Bronze,2,1341820,Sorong
1072,Yusuf Wibowo,yusuf.wibowo850@email.com,086361343908,M,1984-02-07,2022-07-02,3,Jl. Kenanga No. 164,Gold,5,8568399,Depok
1073,Pandu Wijaya,pandu.wijaya916@email.com,085296790158,M,1995-12-14,2023-03-13,8,Jl. Thamrin No. 64,Bronze,5,8111985,Yogyakarta
1074,Kartika Sari,kartika.sari850@email.com,084007901950,F,1990-06-25,2022-07-13,17,Jl. Thamrin No. 93,Gold,4,2036953,Pontianak
1075,Juli Nugroho,juli.nugroho440@email.com,086536866413,F,1972-10-04,2023-06-21,5,Jl. Merdeka No. 146,Bronze,5,11246087,Bekasi
1076,Sandi Utami,sandi.utami717@email.com,083707920718,M,1969-09-05,2024-09-18,24,Jl. Melati No. 139,Platinum,4,6248654,Denpasar
1077,Oki Nugroho,oki.nugroho82@email.com,087196997698,M,1974-02-09,2025-02-02,27,Jl. Pahlawan No. 133,Gold,6,7098341,Jayapura
1078,Joko Wibowo,joko.wibowo386@email.com,089363095605,M,1976-07-21,2025-06-28,11,Jl. Melati No. 109,Silver,2,7653215,Medan
1079,Wawan Saputra,wawan.saputra953@email.com,087471326788,M,2000-08-10,2025-06-20,23,Jl. Kenanga No. 80,Silver,1,2457972,Palu
1080,Maman Pratama,maman.pratama114@email.com,081775591300,M,1985-11-02,2023-06-19,19,Jl. Mawar No. 93,Bronze,4,4824454,Samarinda
1081,Bella Pratama,bella.pratama700@email.com,084127585116,F,1995-02-14,2022-05-25,4,Jl. Diponegoro No. 153,Silver,4,6550819,Tangerang
1082,Gita Saputra,gita.saputra129@email.com,087782908070,F,1991-12-21,2023-05-25,11,Jl. Gajah Mada No. 96,Silver,5,6677840,Medan
1083,Putri Santoso,putri.santoso587@email.com,085878596419,F,2003-11-21,2022-02-20,2,Jl. Melati No. 149,Bronze,6,7446873,Bogor
1084,Lukman Siregar,lukman.siregar571@email.com,087929459291,M,1982-12-28,2024-02-08,13,Jl. Pahlawan No. 128,Bronze,3,3222344,Padang
1085,Nina Hidayat,nina.hidayat886@email.com,086859140780,F,1984-06-14,2022-01-30,6,Jl. Mawar No. 88,Silver,5,10430205,Bandung
1086,Wawan Nugroho,wawan.nugroho801@email.com,083613963144,M,1985-04-07,2023-09-24,26,Jl. Pahlawan No. 34,Bronze,11,13197495,Kupang
1087,Indah Utami,indah.utami789@email.com,087093416015,F,1973-11-06,2024-02-20,13,Jl. Ahmad Yani No. 14,Bronze,1,1517996,Padang
1088,Wulan Lestari,wulan.lestari955@email.com,088195219336,F,1968-01-23,2023-04-14,12,Jl. Thamrin No. 48,Bronze,3,9516449,Palembang
1089,Lukman Kusuma,lukman.kusuma711@email.com,088115232441,M,1993-07-16,2026-06-23,25,Jl. Ahmad Yani No. 103,Bronze,5,4977744,Mataram
1090,Wulan Wijaya,wulan.wijaya288@email.com,081429130387,F,1971-02-06,2022-02-26,13,Jl. Gajah Mada No. 129,Gold,5,6275510,Padang
1091,Sari Utami,sari.utami779@email.com,083305755109,F,1989-01-01,2025-08-02,17,Jl. Sudirman No. 122,Silver,4,5553463,Pontianak
1092,Putri Susanto,putri.susanto82@email.com,089339832512,F,1973-04-28,2025-02-18,16,Jl. Mawar No. 4,Gold,3,3450754,Lampung
1093,Oktavia Kusuma,oktavia.kusuma832@email.com,082825310322,F,1981-03-21,2024-04-16,23,Jl. Thamrin No. 187,Bronze,1,165454,Palu
1094,Budi Putri,budi.putri906@email.com,087351061792,M,1979-12-25,2023-05-30,17,Jl. Diponegoro No. 111,Bronze,4,6879722,Pontianak
1095,Sari Santoso,sari.santoso378@email.com,089518642744,F,1987-11-06,2025-02-08,15,Jl. Melati No. 45,Bronze,5,9556655,Banda Aceh
1096,Umar Susanto,umar.susanto371@email.com,082152574890,M,1997-06-09,2023-04-22,25,Jl. Merdeka No. 174,Gold,5,6468957,Mataram
1097,Juli Ramadhan,juli.ramadhan758@email.com,084779805199,F,2006-08-11,2023-08-08,12,Jl. Sudirman No. 36,Gold,7,8710193,Palembang
1098,Rudi Hidayat,rudi.hidayat504@email.com,085659467369,M,2004-12-24,2025-01-05,25,Jl. Mawar No. 199,Bronze,6,8781157,Mataram
1099,Joko Ramadhan,joko.ramadhan171@email.com,083101463976,M,2006-11-24,2025-08-14,10,Jl. Merdeka No. 50,Gold,6,7075741,Malang
1100,Fitri Wibowo,fitri.wibowo671@email.com,083331746291,F,1987-12-01,2024-08-30,3,Jl. Sudirman No. 156,Silver,8,10927140,Depok
1101,Budi Hidayat,budi.hidayat396@email.com,086280852997,M,2005-04-02,2026-01-03,11,Jl. Melati No. 129,Gold,4,7450244,Medan
1102,Wulan Siregar,wulan.siregar37@email.com,084179591386,F,1979-05-01,2023-11-09,8,Jl. Melati No. 18,Silver,2,2295154,Yogyakarta
1103,Oktavia Nugroho,oktavia.nugroho436@email.com,086034775299,F,1997-02-27,2023-08-10,17,Jl. Ahmad Yani No. 66,Gold,4,4014929,Pontianak
1104,Indah Hidayat,indah.hidayat548@email.com,089070278706,F,1999-04-27,2022-04-20,14,Jl. Sudirman No. 122,Silver,3,3390001,Pekanbaru
1105,Rudi Susanto,rudi.susanto703@email.com,082376530899,M,1971-01-21,2025-02-05,26,Jl. Kenanga No. 32,Bronze,1,906264,Kupang
1106,Rina Sari,rina.sari824@email.com,087782954756,F,1999-12-13,2023-06-08,22,Jl. Kenanga No. 136,Silver,5,10017958,Manado
1107,Yusuf Santoso,yusuf.santoso137@email.com,088892047261,M,1995-10-23,2023-10-07,10,Jl. Sudirman No. 71,Gold,3,2371063,Malang
1108,Kurnia Saputra,kurnia.saputra554@email.com,082085051459,M,1970-12-20,2022-03-16,8,Jl. Ahmad Yani No. 34,Gold,5,9200040,Yogyakarta
1109,Wawan Nugroho,wawan.nugroho812@email.com,081443254994,M,1980-04-19,2024-12-03,6,Jl. Sudirman No. 166,Silver,4,3216373,Bandung
1110,Ani Saputra,ani.saputra530@email.com,084969210194,F,2001-04-06,2022-11-18,27,Jl. Kenanga No. 143,Gold,6,4410371,Jayapura
1111,Fajar Wijaya,fajar.wijaya236@email.com,081009073541,M,1972-01-06,2026-07-30,2,Jl. Sudirman No. 178,Silver,3,3613663,Bogor
1112,Nina Saputra,nina.saputra647@email.com,088201523461,F,1966-09-27,2022-04-03,4,Jl. Pahlawan No. 32,Bronze,6,4949765,Tangerang
1113,Lukman Putri,lukman.putri940@email.com,084111729324,M,1970-05-02,2024-02-25,12,Jl. Melati No. 75,Gold,5,6405384,Palembang
1114,Dedi Lestari,dedi.lestari432@email.com,081593790822,M,1968-08-09,2026-03-27,17,Jl. Gajah Mada No. 80,Bronze,2,2046584,Pontianak
1115,Dewi Santoso,dewi.santoso770@email.com,081783313694,F,1966-08-27,2023-02-11,1,Jl. Gajah Mada No. 72,Gold,4,2756735,Jakarta
1116,Oktavia Wibowo,oktavia.wibowo447@email.com,086969721286,F,1966-12-02,2023-11-10,3,Jl. Ahmad Yani No. 24,Bronze,1,659110,Depok
1117,Lina Hidayat,lina.hidayat914@email.com,082212007738,F,1970-12-27,2022-06-27,28,Jl. Mawar No. 139,Bronze,6,6729156,Ambon
1118,Wulan Wibowo,wulan.wibowo536@email.com,083642158798,F,2004-08-02,2023-07-05,19,Jl. Gajah Mada No. 198,Silver,5,7969104,Samarinda
1119,Pandu Saputra,pandu.saputra387@email.com,087965707148,M,1983-09-05,2023-02-19,18,Jl. Thamrin No. 100,Silver,2,3393376,Banjarmasin
1120,Teguh Putri,teguh.putri920@email.com,085803118954,M,2000-09-17,2024-06-06,18,Jl. Melati No. 175,Silver,3,3155569,Banjarmasin
1121,Wulan Wijaya,wulan.wijaya185@email.com,086854132124,F,1988-10-14,2022-03-04,12,Jl. Sudirman No. 146,Bronze,2,774110,Palembang
1122,Ani Susanto,ani.susanto136@email.com,089539473635,F,1973-01-03,2023-04-30,20,Jl. Mawar No. 162,Silver,6,7531077,Palangkaraya
1123,Oki Santoso,oki.santoso967@email.com,087750140985,M,2000-01-25,2022-06-11,10,Jl. Thamrin No. 19,Silver,1,415490,Malang
1124,Kartika Sari,kartika.sari298@email.com,084032531866,F,1994-08-15,2022-08-30,11,Jl. Thamrin No. 125,Bronze,5,6814591,Medan
1125,Dedi Wijaya,dedi.wijaya288@email.com,089984650935,M,2006-09-05,2025-10-10,18,Jl. Kenanga No. 104,Gold,3,4679268,Banjarmasin
1126,Indah Kusuma,indah.kusuma525@email.com,083523872583,F,2003-08-11,2022-10-16,6,Jl. Mawar No. 14,Gold,4,3748225,Bandung
1127,Lina Hidayat,lina.hidayat301@email.com,086896339031,F,2000-06-22,2022-08-04,5,Jl. Merdeka No. 82,Bronze,5,8250588,Bekasi
1128,Ahmad Wibowo,ahmad.wibowo851@email.com,089590196030,M,1973-06-16,2022-10-17,19,Jl. Kenanga No. 5,Gold,3,3181321,Samarinda
1129,Dedi Ramadhan,dedi.ramadhan974@email.com,085521918262,M,1986-07-09,2023-03-26,13,Jl. Thamrin No. 55,Gold,7,6055412,Padang
1130,Putri Kusuma,putri.kusuma909@email.com,088677457907,F,2000-10-11,2022-11-30,17,Jl. Merdeka No. 15,Bronze,8,7161025,Pontianak
1131,Hadi Susanto,hadi.susanto140@email.com,089562815310,M,1993-04-03,2026-01-08,9,Jl. Sudirman No. 100,Gold,2,1331991,Surabaya
1132,Ani Nugroho,ani.nugroho715@email.com,081253411069,F,1987-09-21,2022-05-01,3,Jl. Sudirman No. 148,Bronze,3,2877754,Depok
1133,Yusuf Kusuma,yusuf.kusuma323@email.com,086093529607,M,1971-11-03,2024-08-07,28,Jl. Sudirman No. 192,Gold,4,1698395,Ambon
1134,Hani Wibowo,hani.wibowo584@email.com,081584821121,F,1993-01-27,2026-06-14,28,Jl. Merdeka No. 9,Bronze,3,7028222,Ambon
1135,Tika Pratama,tika.pratama928@email.com,088667408204,F,1965-08-09,2022-01-31,22,Jl. Melati No. 183,Bronze,5,11157617,Manado
1136,Hani Utami,hani.utami424@email.com,083461378531,F,2001-09-15,2022-10-16,21,Jl. Pahlawan No. 89,Bronze,4,8271715,Makassar
1137,Indah Nugroho,indah.nugroho983@email.com,084975831753,F,1991-12-03,2022-08-25,25,Jl. Mawar No. 52,Gold,3,3925474,Mataram
1138,Irfan Siregar,irfan.siregar341@email.com,081195008421,M,1969-01-09,2026-01-25,25,Jl. Gajah Mada No. 199,Silver,6,6511151,Mataram
1139,Hani Ramadhan,hani.ramadhan995@email.com,086840910912,F,1994-05-07,2022-05-21,6,Jl. Ahmad Yani No. 135,Silver,5,7121184,Bandung
1140,Maman Wibowo,maman.wibowo883@email.com,087638602206,M,1998-01-13,2024-05-11,5,Jl. Merdeka No. 191,Bronze,6,6489290,Bekasi
1141,Wawan Sari,wawan.sari516@email.com,086054647130,M,1981-05-18,2026-01-09,8,Jl. Diponegoro No. 98,Gold,5,3977076,Yogyakarta
1142,Maya Siregar,maya.siregar55@email.com,085510235152,F,1968-06-11,2025-01-11,5,Jl. Gajah Mada No. 115,Silver,4,7648022,Bekasi
1143,Citra Pratama,citra.pratama747@email.com,084541853179,F,1978-10-06,2022-11-23,13,Jl. Kenanga No. 9,Silver,4,8178063,Padang
1144,Kartika Wijaya,kartika.wijaya749@email.com,089708288160,F,2005-12-10,2024-10-07,2,Jl. Kenanga No. 27,Gold,6,9543118,Bogor
1145,Dedi Wijaya,dedi.wijaya616@email.com,081082019307,M,1997-07-04,2026-05-15,15,Jl. Gajah Mada No. 76,Silver,4,6113892,Banda Aceh
1146,Maya Santoso,maya.santoso25@email.com,087962066857,F,1976-03-21,2025-12-10,22,Jl. Diponegoro No. 81,Gold,6,8957458,Manado
1147,Citra Ramadhan,citra.ramadhan187@email.com,087725447662,F,1970-11-05,2022-01-02,6,Jl. Merdeka No. 3,Bronze,5,10184688,Bandung
1148,Bella Wijaya,bella.wijaya737@email.com,084996473092,F,1986-04-28,2022-08-16,11,Jl. Gajah Mada No. 168,Silver,1,1207247,Medan
1149,Oktavia Ramadhan,oktavia.ramadhan290@email.com,088880206400,F,1986-01-15,2025-06-18,29,Jl. Sudirman No. 196,Bronze,1,2003480,Sorong
1150,Fajar Nugroho,fajar.nugroho761@email.com,081282449336,M,1968-06-23,2025-02-01,20,Jl. Merdeka No. 101,Bronze,3,1385823,Palangkaraya
1151,Lukman Utami,lukman.utami122@email.com,085307870216,M,1978-12-19,2022-01-25,24,Jl. Gajah Mada No. 33,Gold,3,3173212,Denpasar
1152,Pandu Santoso,pandu.santoso556@email.com,088103623449,M,1983-02-03,2025-06-06,17,Jl. Kenanga No. 158,Gold,2,2123755,Pontianak
1153,Lina Utami,lina.utami349@email.com,081629246754,F,1988-11-19,2023-05-14,25,Jl. Gajah Mada No. 100,Bronze,3,3127240,Mataram
1154,Pandu Nugroho,pandu.nugroho408@email.com,087748222368,M,1965-11-01,2025-03-28,19,Jl. Melati No. 16,Bronze,4,5180619,Samarinda
1155,Oktavia Nugroho,oktavia.nugroho274@email.com,088938293777,F,1980-08-17,2022-04-01,9,Jl. Ahmad Yani No. 149,Silver,6,7497116,Surabaya
1156,Hani Santoso,hani.santoso777@email.com,085970031084,F,1996-08-13,2024-03-15,1,Jl. Gajah Mada No. 3,Bronze,3,1000644,Jakarta
1157,Ani Wijaya,ani.wijaya134@email.com,089155472662,F,1989-06-09,2023-03-12,16,Jl. Thamrin No. 74,Bronze,6,9237056,Lampung
1158,Fitri Lestari,fitri.lestari720@email.com,084346202038,F,1976-11-19,2025-07-09,2,Jl. Diponegoro No. 57,Bronze,3,6607716,Bogor
1159,Dedi Santoso,dedi.santoso659@email.com,083906691687,M,1967-10-02,2026-06-01,24,Jl. Gajah Mada No. 63,Bronze,9,10951950,Denpasar
1160,Rina Hidayat,rina.hidayat394@email.com,086981094465,F,1974-02-03,2022-01-29,8,Jl. Diponegoro No. 35,Silver,1,565822,Yogyakarta
1161,Lukman Siregar,lukman.siregar898@email.com,087232631533,M,1994-06-25,2023-11-17,22,Jl. Kenanga No. 48,Bronze,7,10386152,Manado
1162,Juli Kusuma,juli.kusuma688@email.com,083981630061,F,1979-04-14,2022-04-06,13,Jl. Mawar No. 95,Bronze,1,257494,Padang
1163,Dedi Hidayat,dedi.hidayat130@email.com,082910906833,M,1966-12-20,2024-08-06,15,Jl. Sudirman No. 89,Gold,5,5692751,Banda Aceh
1164,Umar Santoso,umar.santoso102@email.com,083835766081,M,1992-12-06,2023-01-23,6,Jl. Sudirman No. 91,Gold,5,7471975,Bandung
1165,Teguh Lestari,teguh.lestari580@email.com,085700684242,M,1965-11-12,2026-01-20,16,Jl. Sudirman No. 198,Bronze,3,3557327,Lampung
1166,Gita Sari,gita.sari748@email.com,088514580698,F,2000-09-03,2023-11-12,12,Jl. Mawar No. 43,Silver,1,2387184,Palembang
1167,Oki Sari,oki.sari491@email.com,081927486277,M,1968-06-08,2022-04-02,17,Jl. Melati No. 97,Silver,3,2723797,Pontianak
1168,Teguh Siregar,teguh.siregar340@email.com,089819373637,M,1976-09-09,2024-09-09,19,Jl. Sudirman No. 132,Bronze,3,3367240,Samarinda
1169,Fitri Santoso,fitri.santoso302@email.com,083304913884,F,2000-04-20,2022-12-30,2,Jl. Diponegoro No. 35,Silver,2,1825690,Bogor
1170,Budi Hidayat,budi.hidayat671@email.com,081471184735,M,1982-08-09,2023-07-23,3,Jl. Pahlawan No. 93,Silver,1,938487,Depok
1171,Ahmad Ramadhan,ahmad.ramadhan131@email.com,089745050240,M,2005-12-01,2026-02-15,5,Jl. Diponegoro No. 13,Bronze,4,2547373,Bekasi
1172,Joko Wibowo,joko.wibowo871@email.com,084995898546,M,1993-08-12,2022-09-25,5,Jl. Sudirman No. 63,Bronze,0,0,Bekasi
1173,Budi Siregar,budi.siregar428@email.com,085496980355,M,1973-09-03,2026-04-05,25,Jl. Ahmad Yani No. 102,Bronze,4,8859819,Mataram
1174,Nanda Susanto,nanda.susanto471@email.com,086823369735,M,1979-08-15,2025-05-03,26,Jl. Kenanga No. 25,Silver,3,3475237,Kupang
1175,Fajar Utami,fajar.utami613@email.com,085680049096,M,1966-11-06,2025-11-01,3,Jl. Sudirman No. 121,Bronze,1,2236526,Depok
1176,Hadi Lestari,hadi.lestari30@email.com,082132456811,M,1978-02-26,2024-12-23,24,Jl. Melati No. 71,Bronze,3,2469357,Denpasar
1177,Maya Kusuma,maya.kusuma430@email.com,083090995743,F,1970-04-04,2025-03-08,5,Jl. Melati No. 15,Bronze,3,3621834,Bekasi
1178,Nina Wibowo,nina.wibowo718@email.com,081657008304,F,1967-07-08,2024-08-01,13,Jl. Kenanga No. 132,Gold,5,6414910,Padang
1179,Lina Santoso,lina.santoso672@email.com,085450349517,F,1983-05-10,2025-04-05,10,Jl. Pahlawan No. 101,Platinum,4,2232122,Malang
1180,Wulan Utami,wulan.utami353@email.com,085331629733,F,1979-10-14,2026-01-08,7,Jl. Kenanga No. 97,Bronze,3,2970690,Semarang
1181,Fajar Wibowo,fajar.wibowo121@email.com,085674898592,M,1973-07-27,2024-02-29,6,Jl. Thamrin No. 66,Bronze,0,0,Bandung
1182,Eka Siregar,eka.siregar713@email.com,086671768073,F,1986-11-18,2026-02-22,27,Jl. Thamrin No. 26,Silver,4,8535953,Jayapura
1183,Umar Susanto,umar.susanto638@email.com,089290597522,M,2004-02-24,2025-05-01,16,Jl. Thamrin No. 164,Bronze,2,2381156,Lampung
1184,Citra Ramadhan,citra.ramadhan206@email.com,087698884618,F,1989-05-08,2025-03-15,20,Jl. Diponegoro No. 35,Silver,3,3598466,Palangkaraya
1185,Oktavia Kusuma,oktavia.kusuma242@email.com,081965993329,F,1968-06-18,2024-01-19,29,Jl. Ahmad Yani No. 52,Gold,2,4038452,Sorong
1186,Joko Wijaya,joko.wijaya512@email.com,082742329915,M,1988-11-17,2025-12-17,3,Jl. Gajah Mada No. 185,Bronze,6,10358081,Depok
1187,Maya Siregar,maya.siregar816@email.com,087242869869,F,1982-08-11,2025-02-28,23,Jl. Kenanga No. 183,Gold,5,8548585,Palu
1188,Kartika Putri,kartika.putri484@email.com,086458278562,F,1992-06-19,2023-05-07,12,Jl. Pahlawan No. 187,Silver,2,3527588,Palembang
1189,Citra Saputra,citra.saputra352@email.com,086521398271,F,1973-02-06,2023-07-29,7,Jl. Merdeka No. 138,Silver,4,5400807,Semarang
1190,Wawan Pratama,wawan.pratama835@email.com,082467549493,M,1984-09-03,2025-06-20,27,Jl. Pahlawan No. 153,Bronze,6,11570406,Jayapura
1191,Tika Saputra,tika.saputra874@email.com,084962699885,F,1993-03-04,2023-09-11,13,Jl. Merdeka No. 117,Gold,2,6544958,Padang
1192,Eka Putri,eka.putri186@email.com,082652729045,F,2002-02-09,2026-05-11,12,Jl. Ahmad Yani No. 14,Platinum,9,13808553,Palembang
1193,Sari Lestari,sari.lestari120@email.com,082326914126,F,1975-07-27,2023-05-23,7,Jl. Merdeka No. 116,Silver,3,3043319,Semarang
1194,Rudi Putri,rudi.putri662@email.com,085818875650,M,1966-01-18,2025-10-26,4,Jl. Melati No. 92,Gold,2,1446836,Tangerang
1195,Eko Wijaya,eko.wijaya939@email.com,086501214550,M,2000-08-03,2026-02-03,12,Jl. Thamrin No. 54,Bronze,3,1415600,Palembang
1196,Fitri Saputra,fitri.saputra865@email.com,083139131324,F,1994-05-09,2024-11-01,29,Jl. Sudirman No. 128,Bronze,5,4177818,Sorong
1197,Ahmad Susanto,ahmad.susanto152@email.com,087204980367,M,1986-12-27,2024-04-21,17,Jl. Mawar No. 34,Silver,4,5598471,Pontianak
1198,Kartika Saputra,kartika.saputra286@email.com,084912830079,F,1994-01-04,2023-02-04,7,Jl. Merdeka No. 196,Silver,4,6951489,Semarang
1199,Eka Wibowo,eka.wibowo334@email.com,081195980587,F,1969-01-12,2025-01-04,15,Jl. Merdeka No. 39,Bronze,7,7148717,Banda Aceh
1200,Fajar Wijaya,fajar.wijaya868@email.com,085060303335,M,1985-08-22,2023-01-17,10,Jl. Sudirman No. 109,Bronze,5,3360900,Malang
1201,Hani Lestari,hani.lestari408@email.com,085667961988,F,1972-04-25,2026-06-10,23,Jl. Thamrin No. 9,Bronze,1,1337879,Palu
1202,Oki Lestari,oki.lestari401@email.com,084096009333,M,1974-09-25,2023-12-20,12,Jl. Kenanga No. 166,Bronze,5,5225926,Palembang
1203,Hani Pratama,hani.pratama848@email.com,082007733711,F,1988-10-12,2026-01-12,5,Jl. Thamrin No. 39,Silver,5,5474689,Bekasi
1204,Hani Susanto,hani.susanto179@email.com,085301084072,F,1998-10-20,2023-01-25,20,Jl. Gajah Mada No. 122,Silver,4,5631056,Palangkaraya
1205,Nanda Putri,nanda.putri520@email.com,085444253571,M,1992-07-03,2023-04-10,5,Jl. Pahlawan No. 24,Gold,6,11861770,Bekasi
1206,Bella Sari,bella.sari983@email.com,084665927028,F,2003-08-26,2024-03-07,6,Jl. Pahlawan No. 10,Bronze,6,11540420,Bandung
1207,Dewi Kusuma,dewi.kusuma976@email.com,083377788470,F,1987-11-28,2022-07-24,13,Jl. Melati No. 174,Silver,4,916824,Padang
1208,Dedi Wibowo,dedi.wibowo781@email.com,088986617486,M,2005-07-23,2025-09-26,16,Jl. Pahlawan No. 123,Bronze,1,3455038,Lampung
1209,Indah Kusuma,indah.kusuma146@email.com,085090028822,F,1978-12-05,2023-03-06,5,Jl. Melati No. 5,Silver,3,1435371,Bekasi
1210,Indah Kusuma,indah.kusuma836@email.com,084694669911,F,2001-03-23,2025-02-21,12,Jl. Thamrin No. 188,Platinum,3,3447752,Palembang
1211,Bella Saputra,bella.saputra381@email.com,083817883872,F,2004-06-07,2026-08-09,6,Jl. Pahlawan No. 63,Gold,5,5183176,Bandung
1212,Hani Wijaya,hani.wijaya279@email.com,088700802495,F,1972-09-02,2025-08-19,28,Jl. Ahmad Yani No. 27,Gold,7,7220866,Ambon
1213,Sandi Ramadhan,sandi.ramadhan125@email.com,082391392754,M,2000-05-25,2023-04-15,11,Jl. Merdeka No. 169,Bronze,1,2276526,Medan
1214,Fitri Saputra,fitri.saputra409@email.com,086864241036,F,1997-05-22,2022-04-28,22,Jl. Sudirman No. 81,Silver,3,6175627,Manado
1215,Bella Pratama,bella.pratama179@email.com,083833339397,F,2001-02-26,2023-05-30,11,Jl. Gajah Mada No. 23,Bronze,3,3558889,Medan
1216,Citra Wijaya,citra.wijaya279@email.com,089662549536,F,1986-06-14,2026-04-19,19,Jl. Sudirman No. 148,Silver,4,6049740,Samarinda
1217,Wawan Pratama,wawan.pratama190@email.com,085553516275,M,1996-06-26,2025-01-25,15,Jl. Merdeka No. 36,Bronze,4,7312866,Banda Aceh
1218,Pandu Kusuma,pandu.kusuma668@email.com,083130863899,M,1969-10-28,2022-01-31,22,Jl. Thamrin No. 187,Silver,4,2845412,Manado
1219,Lukman Wijaya,lukman.wijaya928@email.com,087028131205,M,1980-12-14,2025-03-16,7,Jl. Melati No. 146,Silver,2,956752,Semarang
1220,Bella Lestari,bella.lestari437@email.com,083078217542,F,1978-02-06,2024-08-29,17,Jl. Sudirman No. 155,Platinum,3,5283287,Pontianak
1221,Fajar Nugroho,fajar.nugroho713@email.com,087964879797,M,1966-08-11,2024-03-08,21,Jl. Melati No. 108,Bronze,0,0,Makassar
1222,Wawan Siregar,wawan.siregar618@email.com,089983763814,M,1984-04-04,2025-11-20,23,Jl. Pahlawan No. 85,Bronze,3,3284261,Palu
1223,Teguh Ramadhan,teguh.ramadhan187@email.com,082001478427,M,2002-11-11,2026-05-28,24,Jl. Thamrin No. 12,Bronze,5,11468277,Denpasar
1224,Nanda Wibowo,nanda.wibowo388@email.com,088044106606,M,1987-08-26,2026-05-06,1,Jl. Ahmad Yani No. 123,Bronze,3,6651885,Jakarta
1225,Ahmad Kusuma,ahmad.kusuma317@email.com,088569945568,M,1994-07-10,2025-02-23,14,Jl. Mawar No. 103,Bronze,1,459988,Pekanbaru
1226,Tika Nugroho,tika.nugroho912@email.com,086787720695,F,1991-04-13,2022-07-02,10,Jl. Merdeka No. 66,Gold,9,7602449,Malang
1227,Ahmad Saputra,ahmad.saputra482@email.com,081855470916,M,1985-12-08,2023-12-24,8,Jl. Kenanga No. 190,Bronze,4,5312229,Yogyakarta
1228,Tika Saputra,tika.saputra113@email.com,082537999481,F,1994-08-03,2023-01-17,20,Jl. Kenanga No. 179,Bronze,4,3848969,Palangkaraya
1229,Gita Santoso,gita.santoso9@email.com,086064824125,F,2002-08-24,2024-01-30,23,Jl. Gajah Mada No. 29,Bronze,2,3360557,Palu
1230,Rudi Saputra,rudi.saputra81@email.com,088959971863,M,1992-05-08,2023-02-27,22,Jl. Kenanga No. 75,Gold,2,2948222,Manado
1231,Wulan Saputra,wulan.saputra254@email.com,089260707155,F,1991-11-14,2023-07-31,12,Jl. Diponegoro No. 79,Silver,6,9720574,Palembang
1232,Lukman Lestari,lukman.lestari251@email.com,088978867456,M,2001-10-19,2024-03-21,4,Jl. Ahmad Yani No. 149,Bronze,7,8988629,Tangerang
1233,Wawan Siregar,wawan.siregar778@email.com,083411010977,M,1981-01-17,2024-04-19,9,Jl. Thamrin No. 58,Bronze,2,784556,Surabaya
1234,Rina Saputra,rina.saputra590@email.com,082157960656,F,1995-12-07,2025-05-24,5,Jl. Diponegoro No. 41,Bronze,0,0,Bekasi
1235,Wawan Nugroho,wawan.nugroho491@email.com,084271406666,M,1976-02-28,2022-05-06,5,Jl. Mawar No. 84,Bronze,7,16408561,Bekasi
1236,Gita Hidayat,gita.hidayat484@email.com,084340393708,F,1991-06-11,2025-12-24,21,Jl. Merdeka No. 63,Bronze,3,5786292,Makassar
1237,Indah Lestari,indah.lestari741@email.com,083623960525,F,1989-02-05,2023-09-16,14,Jl. Kenanga No. 14,Gold,2,2964685,Pekanbaru
1238,Nanda Wijaya,nanda.wijaya885@email.com,087276969882,M,1972-04-24,2026-05-14,5,Jl. Pahlawan No. 92,Silver,2,314759,Bekasi
1239,Gita Pratama,gita.pratama483@email.com,085139671436,F,2005-11-27,2023-11-22,19,Jl. Melati No. 111,Platinum,3,5502557,Samarinda
1240,Wawan Lestari,wawan.lestari566@email.com,082281380475,M,1981-12-12,2022-05-21,7,Jl. Ahmad Yani No. 179,Bronze,4,2878013,Semarang
1241,Hani Wijaya,hani.wijaya50@email.com,084801123392,F,1999-09-12,2023-04-02,3,Jl. Ahmad Yani No. 47,Bronze,3,6821266,Depok
1242,Fitri Siregar,fitri.siregar255@email.com,086132068458,F,1973-01-28,2026-02-26,22,Jl. Mawar No. 75,Bronze,2,1907634,Manado
1243,Gita Ramadhan,gita.ramadhan462@email.com,088121196375,F,1984-04-22,2022-02-08,4,Jl. Melati No. 8,Bronze,5,4751402,Tangerang
1244,Eka Lestari,eka.lestari157@email.com,083808129503,F,1989-10-02,2023-07-29,28,Jl. Mawar No. 113,Gold,2,2057731,Ambon
1245,Rudi Hidayat,rudi.hidayat327@email.com,081251020894,M,1984-04-27,2022-03-18,7,Jl. Diponegoro No. 138,Silver,2,2956604,Semarang
1246,Bella Kusuma,bella.kusuma433@email.com,086973627111,F,2000-10-09,2026-07-28,6,Jl. Thamrin No. 115,Silver,5,1802079,Bandung
1247,Irfan Putri,irfan.putri240@email.com,081040026000,M,1974-10-26,2024-12-01,5,Jl. Merdeka No. 35,Bronze,6,13912905,Bekasi
1248,Irfan Putri,irfan.putri203@email.com,086384338030,M,1979-01-08,2022-01-21,29,Jl. Mawar No. 113,Bronze,4,9605000,Sorong
1249,Pandu Utami,pandu.utami438@email.com,087914730523,M,1965-08-28,2024-01-18,15,Jl. Gajah Mada No. 64,Gold,4,7550141,Banda Aceh
1250,Hadi Hidayat,hadi.hidayat965@email.com,084880552427,M,1978-01-03,2024-01-29,21,Jl. Diponegoro No. 189,Silver,4,1315054,Makassar
1251,Putri Kusuma,putri.kusuma940@email.com,081566119589,F,1978-05-23,2022-03-01,8,Jl. Thamrin No. 139,Bronze,6,7173880,Yogyakarta
1252,Wawan Utami,wawan.utami735@email.com,084423383964,M,1966-02-15,2026-06-21,24,Jl. Ahmad Yani No. 14,Gold,6,6531530,Denpasar
1253,Rudi Wibowo,rudi.wibowo905@email.com,087642014622,M,1991-05-22,2026-01-19,29,Jl. Sudirman No. 122,Silver,5,7036122,Sorong
1254,Kartika Wibowo,kartika.wibowo853@email.com,084703402229,F,1971-10-26,2024-04-27,9,Jl. Ahmad Yani No. 13,Bronze,9,11017608,Surabaya
1255,Umar Wibowo,umar.wibowo348@email.com,084999190263,M,1995-11-05,2022-11-12,15,Jl. Thamrin No. 40,Bronze,7,7578753,Banda Aceh
1256,Wawan Utami,wawan.utami547@email.com,084176118012,M,1989-07-25,2023-12-04,23,Jl. Diponegoro No. 125,Bronze,7,6148207,Palu
1257,Rudi Lestari,rudi.lestari87@email.com,081202491725,M,1976-02-05,2022-06-06,25,Jl. Melati No. 118,Platinum,4,5160251,Mataram
1258,Joko Susanto,joko.susanto941@email.com,089804668445,M,2000-07-26,2025-11-10,12,Jl. Sudirman No. 117,Gold,3,2133358,Palembang
1259,Juli Susanto,juli.susanto155@email.com,082514069522,F,2005-04-20,2026-06-23,2,Jl. Kenanga No. 159,Silver,3,5055014,Bogor
1260,Fitri Lestari,fitri.lestari177@email.com,081753779193,F,1972-08-04,2026-02-14,11,Jl. Mawar No. 100,Silver,6,8053430,Medan
1261,Joko Sari,joko.sari878@email.com,082242368174,M,1975-01-12,2023-01-08,15,Jl. Thamrin No. 29,Bronze,3,6525514,Banda Aceh
1262,Kartika Ramadhan,kartika.ramadhan871@email.com,085115068398,F,2002-11-13,2023-06-18,26,Jl. Diponegoro No. 190,Silver,2,1326508,Kupang
1263,Irfan Hidayat,irfan.hidayat515@email.com,089256853995,M,1993-01-10,2023-09-11,10,Jl. Merdeka No. 70,Bronze,7,9591843,Malang
1264,Ahmad Wibowo,ahmad.wibowo358@email.com,089896472582,M,1989-09-22,2025-06-11,12,Jl. Gajah Mada No. 49,Silver,6,7230073,Palembang
1265,Putri Hidayat,putri.hidayat650@email.com,083825799110,F,1976-07-14,2025-12-08,20,Jl. Thamrin No. 154,Silver,4,3269125,Palangkaraya
1266,Hani Hidayat,hani.hidayat814@email.com,081732276273,F,1996-08-11,2024-07-15,6,Jl. Gajah Mada No. 146,Bronze,2,1304393,Bandung
1267,Citra Siregar,citra.siregar829@email.com,083596679205,F,1999-02-05,2023-12-17,13,Jl. Merdeka No. 168,Bronze,1,1013839,Padang
1268,Fajar Lestari,fajar.lestari978@email.com,082763138690,M,1969-06-28,2022-08-28,10,Jl. Merdeka No. 39,Silver,4,2213389,Malang
1269,Tika Saputra,tika.saputra738@email.com,084489076909,F,1980-08-22,2024-06-11,8,Jl. Pahlawan No. 45,Gold,4,6550216,Yogyakarta
1270,Fitri Santoso,fitri.santoso266@email.com,089706190097,F,1969-06-22,2024-02-12,14,Jl. Melati No. 87,Bronze,6,5334647,Pekanbaru
1271,Eko Putri,eko.putri588@email.com,084654980450,M,1967-01-09,2025-01-07,21,Jl. Thamrin No. 17,Gold,8,8600253,Makassar
1272,Hadi Wibowo,hadi.wibowo768@email.com,084794327780,M,1976-02-12,2022-07-13,5,Jl. Gajah Mada No. 138,Bronze,4,6599289,Bekasi
1273,Sari Saputra,sari.saputra107@email.com,086698204494,F,1990-05-01,2024-10-19,18,Jl. Melati No. 138,Bronze,3,1614622,Banjarmasin
1274,Juli Utami,juli.utami398@email.com,087433122359,F,1965-01-26,2025-10-11,5,Jl. Melati No. 123,Bronze,7,5373483,Bekasi
1275,Rina Pratama,rina.pratama289@email.com,084201278742,F,1989-11-13,2026-02-17,25,Jl. Kenanga No. 112,Silver,4,4818397,Mataram
1276,Lukman Ramadhan,lukman.ramadhan953@email.com,081622042576,M,2004-03-23,2022-08-17,6,Jl. Sudirman No. 50,Bronze,2,1557842,Bandung
1277,Citra Santoso,citra.santoso223@email.com,085779301737,F,2004-05-18,2022-12-01,10,Jl. Mawar No. 131,Gold,6,7344364,Malang
1278,Dedi Nugroho,dedi.nugroho779@email.com,083999214187,M,1993-03-27,2025-06-13,28,Jl. Sudirman No. 189,Silver,2,2324467,Ambon
1279,Joko Siregar,joko.siregar705@email.com,084200292024,M,1991-01-24,2024-05-14,14,Jl. Merdeka No. 16,Bronze,6,4062566,Pekanbaru
1280,Hadi Sari,hadi.sari894@email.com,081413868075,M,1999-07-07,2023-02-01,11,Jl. Gajah Mada No. 162,Bronze,5,7366083,Medan
1281,Kurnia Putri,kurnia.putri2@email.com,089312125622,M,1980-09-23,2024-12-20,29,Jl. Melati No. 177,Bronze,3,2543992,Sorong
1282,Wulan Kusuma,wulan.kusuma62@email.com,087232435041,F,2001-10-02,2026-05-14,22,Jl. Melati No. 179,Bronze,1,761327,Manado
1283,Nina Siregar,nina.siregar904@email.com,085122045743,F,1976-09-07,2023-04-11,8,Jl. Diponegoro No. 124,Bronze,6,11022430,Yogyakarta
1284,Teguh Pratama,teguh.pratama769@email.com,082728683349,M,2005-09-26,2022-08-22,21,Jl. Pahlawan No. 117,Bronze,3,2394871,Makassar
1285,Sari Hidayat,sari.hidayat159@email.com,084397756972,F,1965-02-07,2022-08-11,25,Jl. Diponegoro No. 58,Silver,4,4758938,Mataram
1286,Eko Ramadhan,eko.ramadhan473@email.com,089861808974,M,1979-06-06,2024-11-06,18,Jl. Mawar No. 84,Silver,4,5733679,Banjarmasin
1287,Oki Siregar,oki.siregar45@email.com,083499676025,M,1989-02-21,2024-10-06,16,Jl. Merdeka No. 163,Gold,4,8585908,Lampung
1288,Kurnia Putri,kurnia.putri622@email.com,082759869561,M,2004-03-15,2022-06-03,25,Jl. Mawar No. 129,Silver,5,3883781,Mataram
1289,Tika Saputra,tika.saputra710@email.com,086578769857,F,2006-04-18,2024-12-28,19,Jl. Mawar No. 46,Silver,6,10397966,Samarinda
1290,Fajar Susanto,fajar.susanto409@email.com,087587906813,M,1988-12-27,2024-02-11,13,Jl. Thamrin No. 157,Gold,1,252494,Padang
1291,Fajar Pratama,fajar.pratama608@email.com,085090630363,M,1984-10-17,2023-02-23,15,Jl. Gajah Mada No. 84,Bronze,3,4628219,Banda Aceh
1292,Nina Ramadhan,nina.ramadhan908@email.com,085391495878,F,1993-12-10,2022-01-19,21,Jl. Ahmad Yani No. 161,Bronze,2,2175003,Makassar
1293,Nina Lestari,nina.lestari406@email.com,083080616245,F,1993-10-20,2022-05-09,10,Jl. Melati No. 1,Silver,4,6709371,Malang
1294,Juli Ramadhan,juli.ramadhan703@email.com,087747301617,F,1981-09-12,2024-10-16,22,Jl. Pahlawan No. 71,Bronze,2,3690797,Manado
1295,Yusuf Utami,yusuf.utami249@email.com,082474731513,M,1972-07-15,2023-09-12,17,Jl. Pahlawan No. 188,Silver,6,7519498,Pontianak
1296,Oki Hidayat,oki.hidayat297@email.com,082357369016,M,1999-01-09,2025-04-11,25,Jl. Kenanga No. 43,Silver,2,2359732,Mataram
1297,Ani Pratama,ani.pratama143@email.com,089423201778,F,1967-03-13,2022-08-31,6,Jl. Merdeka No. 102,Bronze,7,12720987,Bandung
1298,Ahmad Wibowo,ahmad.wibowo259@email.com,081951075546,M,1982-09-27,2023-01-02,18,Jl. Melati No. 139,Silver,6,11312682,Banjarmasin
1299,Budi Pratama,budi.pratama634@email.com,087329608508,M,1999-09-08,2023-09-17,16,Jl. Sudirman No. 142,Bronze,3,4820932,Lampung
1300,Ahmad Kusuma,ahmad.kusuma1@email.com,081914201261,M,1988-01-02,2026-06-03,15,Jl. Gajah Mada No. 185,Bronze,6,12112204,Banda Aceh
1301,Dewi Lestari,dewi.lestari209@email.com,086830144919,F,2003-06-21,2026-05-14,29,Jl. Ahmad Yani No. 25,Silver,5,8749268,Sorong
1302,Rudi Sari,rudi.sari54@email.com,089673710819,M,1992-08-19,2023-08-26,22,Jl. Sudirman No. 136,Bronze,4,13624712,Manado
1303,Bella Santoso,bella.santoso910@email.com,083954646054,F,1978-07-12,2025-07-16,4,Jl. Merdeka No. 60,Bronze,4,5957385,Tangerang
1304,Juli Hidayat,juli.hidayat496@email.com,089231502182,F,2003-01-13,2025-05-16,5,Jl. Thamrin No. 78,Gold,3,1721754,Bekasi
1305,Eka Utami,eka.utami626@email.com,087860594026,F,1972-06-12,2022-09-16,25,Jl. Mawar No. 36,Bronze,7,10066665,Mataram
1306,Fitri Kusuma,fitri.kusuma340@email.com,082013233637,F,1972-10-01,2023-01-06,28,Jl. Ahmad Yani No. 113,Silver,4,11891728,Ambon
1307,Putri Hidayat,putri.hidayat702@email.com,088668523948,F,1984-09-10,2024-03-07,16,Jl. Gajah Mada No. 153,Bronze,9,9333624,Lampung
1308,Kartika Kusuma,kartika.kusuma321@email.com,085321195124,F,1979-09-08,2026-08-15,4,Jl. Sudirman No. 36,Bronze,6,11794932,Tangerang
1309,Gita Wijaya,gita.wijaya759@email.com,086365001925,F,2003-01-01,2025-12-07,6,Jl. Thamrin No. 169,Bronze,1,70278,Bandung
1310,Dedi Siregar,dedi.siregar656@email.com,089460701413,M,1995-04-25,2026-05-15,23,Jl. Mawar No. 41,Bronze,1,1184215,Palu
1311,Sari Ramadhan,sari.ramadhan570@email.com,088194528779,F,1980-10-12,2026-02-07,18,Jl. Melati No. 84,Bronze,2,3112763,Banjarmasin
1312,Fitri Ramadhan,fitri.ramadhan321@email.com,085730490498,F,1973-12-28,2023-12-11,27,Jl. Sudirman No. 129,Bronze,2,2693474,Jayapura
1313,Wulan Wijaya,wulan.wijaya542@email.com,085497533469,F,1968-06-02,2022-05-17,15,Jl. Ahmad Yani No. 154,Bronze,6,6351043,Banda Aceh
1314,Oktavia Hidayat,oktavia.hidayat220@email.com,085901185070,F,1979-06-21,2024-08-23,9,Jl. Mawar No. 136,Silver,2,4454805,Surabaya
1315,Dewi Wibowo,dewi.wibowo308@email.com,082973375689,F,1972-06-19,2024-08-02,26,Jl. Ahmad Yani No. 75,Gold,3,4874101,Kupang
1316,Budi Pratama,budi.pratama228@email.com,081838531040,M,1997-09-01,2024-09-27,8,Jl. Melati No. 56,Bronze,3,6286253,Yogyakarta
1317,Irfan Putri,irfan.putri438@email.com,085021545783,M,1998-10-06,2025-08-12,27,Jl. Melati No. 122,Silver,2,2428057,Jayapura
1318,Umar Wijaya,umar.wijaya487@email.com,081843098901,M,1976-08-18,2026-06-15,12,Jl. Ahmad Yani No. 143,Bronze,2,5462350,Palembang
1319,Citra Pratama,citra.pratama419@email.com,083838517397,F,1993-12-10,2022-09-08,6,Jl. Gajah Mada No. 187,Bronze,4,6471828,Bandung
1320,Eko Sari,eko.sari490@email.com,086102384748,M,1987-07-22,2022-08-08,19,Jl. Ahmad Yani No. 98,Bronze,2,2525223,Samarinda
1321,Oktavia Susanto,oktavia.susanto955@email.com,082333121938,F,2002-07-19,2022-11-29,13,Jl. Diponegoro No. 102,Bronze,7,10570926,Padang
1322,Maya Ramadhan,maya.ramadhan625@email.com,089714459187,F,1981-06-02,2024-05-30,26,Jl. Merdeka No. 29,Bronze,4,5412417,Kupang
1323,Putri Putri,putri.putri954@email.com,082461923754,F,1999-04-27,2022-02-04,19,Jl. Sudirman No. 181,Bronze,2,5727688,Samarinda
1324,Rina Hidayat,rina.hidayat400@email.com,088405370349,F,1975-11-10,2023-08-12,29,Jl. Kenanga No. 95,Bronze,5,5736784,Sorong
1325,Putri Pratama,putri.pratama533@email.com,083544062728,F,2001-06-25,2025-12-25,21,Jl. Thamrin No. 37,Bronze,2,800507,Makassar
1326,Sari Lestari,sari.lestari141@email.com,083321206093,F,2005-02-27,2025-09-18,22,Jl. Kenanga No. 116,Gold,6,6946798,Manado
1327,Ani Siregar,ani.siregar938@email.com,089441699194,F,2002-09-10,2026-03-18,11,Jl. Gajah Mada No. 26,Silver,5,5275572,Medan
1328,Pandu Nugroho,pandu.nugroho108@email.com,081356483054,M,1998-07-17,2022-11-24,25,Jl. Diponegoro No. 164,Bronze,4,8768658,Mataram
1329,Nina Wibowo,nina.wibowo625@email.com,083314002068,F,1970-10-08,2022-08-22,18,Jl. Ahmad Yani No. 87,Silver,5,5566262,Banjarmasin
1330,Yusuf Ramadhan,yusuf.ramadhan171@email.com,084579402178,M,2001-11-28,2026-01-14,28,Jl. Mawar No. 120,Silver,4,5374915,Ambon
1331,Kartika Kusuma,kartika.kusuma227@email.com,082604895370,F,1992-10-07,2024-05-20,18,Jl. Gajah Mada No. 191,Silver,2,10148141,Banjarmasin
1332,Rudi Susanto,rudi.susanto690@email.com,082694638707,M,1985-04-05,2026-04-24,1,Jl. Sudirman No. 32,Silver,5,4233677,Jakarta
1333,Ahmad Putri,ahmad.putri315@email.com,089015008408,M,1973-10-16,2024-12-26,28,Jl. Gajah Mada No. 32,Bronze,5,3225460,Ambon
1334,Bella Lestari,bella.lestari548@email.com,084425670637,F,1998-06-27,2025-11-14,2,Jl. Melati No. 184,Bronze,5,3697226,Bogor
1335,Kartika Santoso,kartika.santoso473@email.com,086182239160,F,1984-04-23,2022-10-05,29,Jl. Sudirman No. 88,Gold,3,643430,Sorong
1336,Gita Saputra,gita.saputra223@email.com,088259384311,F,1973-08-03,2024-04-03,25,Jl. Melati No. 185,Silver,5,3841447,Mataram
1337,Irfan Pratama,irfan.pratama8@email.com,087986328381,M,2004-01-23,2026-06-24,8,Jl. Melati No. 83,Platinum,6,3843419,Yogyakarta
1338,Citra Pratama,citra.pratama89@email.com,088089537254,F,1993-11-08,2023-08-21,21,Jl. Pahlawan No. 97,Bronze,3,4102329,Makassar
1339,Tika Kusuma,tika.kusuma298@email.com,086351955883,F,1972-02-13,2023-12-12,12,Jl. Kenanga No. 11,Silver,5,6276740,Palembang
1340,Sandi Nugroho,sandi.nugroho609@email.com,086919368238,M,1966-03-18,2024-07-24,6,Jl. Merdeka No. 88,Gold,1,998458,Bandung
1341,Fitri Sari,fitri.sari837@email.com,082770422751,F,1981-05-03,2024-02-13,3,Jl. Merdeka No. 27,Silver,2,5623547,Depok
1342,Kartika Ramadhan,kartika.ramadhan838@email.com,086581795719,F,1986-09-28,2023-02-24,29,Jl. Ahmad Yani No. 11,Platinum,4,3890067,Sorong
1343,Budi Putri,budi.putri503@email.com,085209622941,M,1999-01-05,2025-02-21,22,Jl. Merdeka No. 68,Bronze,6,12813010,Manado
1344,Gita Saputra,gita.saputra266@email.com,088200221515,F,1971-05-21,2024-11-08,5,Jl. Mawar No. 30,Silver,3,10642625,Bekasi
1345,Wawan Pratama,wawan.pratama589@email.com,084424324949,M,1966-10-14,2023-03-09,26,Jl. Pahlawan No. 127,Bronze,4,9216764,Kupang
1346,Wawan Kusuma,wawan.kusuma522@email.com,089422071492,M,1999-05-20,2024-11-01,6,Jl. Sudirman No. 181,Bronze,5,16840961,Bandung
1347,Sari Susanto,sari.susanto465@email.com,081844158611,F,1973-08-04,2024-07-18,29,Jl. Pahlawan No. 142,Platinum,6,9776241,Sorong
1348,Eko Utami,eko.utami849@email.com,081150816869,M,1982-12-25,2026-08-08,13,Jl. Ahmad Yani No. 54,Silver,5,6237741,Padang
1349,Teguh Nugroho,teguh.nugroho766@email.com,083198891349,M,1995-08-21,2025-01-28,7,Jl. Diponegoro No. 55,Bronze,0,0,Semarang
1350,Oktavia Santoso,oktavia.santoso9@email.com,083598639290,F,1971-04-23,2023-05-30,27,Jl. Kenanga No. 29,Gold,5,4822714,Jayapura
1351,Gita Sari,gita.sari559@email.com,085843504590,F,1991-01-06,2025-07-28,27,Jl. Thamrin No. 90,Bronze,4,6554805,Jayapura
1352,Budi Siregar,budi.siregar891@email.com,089954974666,M,2006-03-28,2022-05-19,9,Jl. Merdeka No. 186,Silver,4,3314331,Surabaya
1353,Oktavia Kusuma,oktavia.kusuma58@email.com,088319287827,F,1982-02-01,2023-07-04,1,Jl. Sudirman No. 145,Bronze,0,0,Jakarta
1354,Lina Utami,lina.utami637@email.com,087941206762,F,2006-02-02,2025-02-02,8,Jl. Sudirman No. 163,Gold,6,5836930,Yogyakarta
1355,Kurnia Sari,kurnia.sari572@email.com,083038689728,M,2002-12-24,2022-02-27,15,Jl. Pahlawan No. 66,Gold,2,2804716,Banda Aceh
1356,Gita Kusuma,gita.kusuma306@email.com,084407845787,F,1970-08-27,2024-02-04,6,Jl. Thamrin No. 75,Bronze,2,2764340,Bandung
1357,Hadi Saputra,hadi.saputra37@email.com,086121400193,M,1999-10-02,2022-08-09,4,Jl. Pahlawan No. 135,Bronze,5,6201686,Tangerang
1358,Gita Santoso,gita.santoso460@email.com,081729436734,F,1974-09-13,2022-01-25,16,Jl. Thamrin No. 200,Bronze,4,11245145,Lampung
1359,Hani Saputra,hani.saputra72@email.com,087748429750,F,1991-12-05,2026-07-02,29,Jl. Diponegoro No. 105,Platinum,1,1039429,Sorong
1360,Ahmad Pratama,ahmad.pratama62@email.com,085706337930,M,2003-06-01,2024-09-01,15,Jl. Diponegoro No. 35,Bronze,1,625602,Banda Aceh
1361,Ahmad Utami,ahmad.utami195@email.com,089738571759,M,2004-08-03,2023-03-19,15,Jl. Mawar No. 44,Bronze,6,9831572,Banda Aceh
1362,Irfan Sari,irfan.sari522@email.com,089914507434,M,2001-01-24,2024-02-19,27,Jl. Pahlawan No. 127,Bronze,1,1138385,Jayapura
1363,Ahmad Utami,ahmad.utami287@email.com,088488196081,M,1985-12-25,2023-06-04,27,Jl. Sudirman No. 127,Bronze,6,12953772,Jayapura
1364,Umar Utami,umar.utami314@email.com,086346712044,M,1965-08-09,2024-08-28,3,Jl. Merdeka No. 38,Gold,3,5223152,Depok
1365,Juli Wibowo,juli.wibowo96@email.com,088077873290,F,1976-06-05,2022-09-27,26,Jl. Merdeka No. 37,Bronze,5,6260010,Kupang
1366,Wawan Hidayat,wawan.hidayat748@email.com,089663024857,M,1974-12-22,2022-06-18,25,Jl. Ahmad Yani No. 79,Silver,6,6063736,Mataram
1367,Putri Siregar,putri.siregar691@email.com,086079363850,F,2004-01-07,2024-02-09,6,Jl. Gajah Mada No. 81,Bronze,2,8255569,Bandung
1368,Sandi Saputra,sandi.saputra308@email.com,085870220303,M,1994-10-27,2025-08-27,3,Jl. Gajah Mada No. 178,Bronze,3,4774437,Depok
1369,Dewi Saputra,dewi.saputra684@email.com,085769303937,F,1971-02-19,2022-09-27,2,Jl. Melati No. 149,Gold,2,2210081,Bogor
1370,Hadi Utami,hadi.utami751@email.com,087071468320,M,1990-12-10,2025-01-11,14,Jl. Mawar No. 143,Bronze,5,10941376,Pekanbaru
1371,Eka Putri,eka.putri539@email.com,086451319739,F,1968-01-17,2024-02-16,15,Jl. Mawar No. 67,Bronze,6,7653867,Banda Aceh
1372,Rudi Wibowo,rudi.wibowo586@email.com,085434678290,M,1970-10-04,2025-02-15,22,Jl. Ahmad Yani No. 159,Gold,5,8402894,Manado
1373,Dedi Saputra,dedi.saputra755@email.com,085185382543,M,1968-07-19,2022-03-31,10,Jl. Pahlawan No. 156,Platinum,5,7249904,Malang
1374,Irfan Utami,irfan.utami523@email.com,087172066739,M,1982-09-09,2023-04-17,11,Jl. Mawar No. 11,Silver,4,7954913,Medan
1375,Joko Lestari,joko.lestari192@email.com,084675130367,M,1985-05-14,2024-04-20,17,Jl. Thamrin No. 17,Platinum,4,2137143,Pontianak
1376,Sandi Ramadhan,sandi.ramadhan2@email.com,084773769720,M,1965-06-11,2022-10-31,24,Jl. Diponegoro No. 1,Bronze,4,7104194,Denpasar
1377,Umar Sari,umar.sari413@email.com,082947497217,M,1983-12-23,2023-05-25,13,Jl. Kenanga No. 29,Silver,5,3486383,Padang
1378,Teguh Sari,teguh.sari259@email.com,085806544941,M,2001-02-04,2026-04-23,19,Jl. Merdeka No. 6,Silver,3,9335563,Samarinda
1379,Oki Lestari,oki.lestari241@email.com,083123741586,M,2005-03-27,2026-02-27,25,Jl. Mawar No. 190,Gold,4,2227270,Mataram
1380,Wulan Santoso,wulan.santoso308@email.com,087121433942,F,1999-12-11,2022-01-19,13,Jl. Ahmad Yani No. 100,Bronze,8,7194342,Padang
1381,Ahmad Siregar,ahmad.siregar701@email.com,081941105018,M,2002-09-09,2026-07-30,20,Jl. Pahlawan No. 31,Gold,3,3116635,Palangkaraya
1382,Rudi Wijaya,rudi.wijaya679@email.com,088068493009,M,1970-06-03,2024-12-07,4,Jl. Ahmad Yani No. 85,Silver,3,4300912,Tangerang
1383,Eka Santoso,eka.santoso71@email.com,082559154043,F,1981-11-01,2025-07-26,7,Jl. Gajah Mada No. 196,Bronze,6,2950611,Semarang
1384,Nina Santoso,nina.santoso612@email.com,086370353498,F,1989-10-20,2023-10-21,15,Jl. Kenanga No. 181,Bronze,1,1140363,Banda Aceh
1385,Nina Nugroho,nina.nugroho564@email.com,085887450229,F,1968-02-02,2026-01-06,5,Jl. Merdeka No. 36,Silver,2,5504806,Bekasi
1386,Teguh Kusuma,teguh.kusuma611@email.com,081004847288,M,1979-09-15,2025-08-29,5,Jl. Pahlawan No. 37,Bronze,4,3732279,Bekasi
1387,Rina Siregar,rina.siregar927@email.com,085878838809,F,1981-12-11,2024-10-14,3,Jl. Diponegoro No. 92,Silver,5,8626702,Depok
1388,Pandu Hidayat,pandu.hidayat9@email.com,082265551829,M,1987-08-01,2023-04-01,6,Jl. Thamrin No. 159,Bronze,7,13261264,Bandung
1389,Umar Susanto,umar.susanto429@email.com,085029830872,M,2000-02-22,2022-08-08,11,Jl. Thamrin No. 162,Platinum,3,3118802,Medan
1390,Tika Santoso,tika.santoso63@email.com,081742569971,F,1990-02-02,2025-09-25,10,Jl. Merdeka No. 68,Bronze,4,6411875,Malang
1391,Budi Wijaya,budi.wijaya470@email.com,081372227306,M,1980-09-05,2025-02-24,5,Jl. Sudirman No. 186,Gold,7,10303806,Bekasi
1392,Irfan Siregar,irfan.siregar360@email.com,081384705811,M,2005-07-03,2025-03-08,5,Jl. Merdeka No. 168,Gold,5,7571583,Bekasi
1393,Ani Nugroho,ani.nugroho979@email.com,088533026492,F,1992-06-08,2024-05-29,24,Jl. Ahmad Yani No. 98,Silver,5,4193593,Denpasar
1394,Fitri Siregar,fitri.siregar650@email.com,086582795032,F,1991-04-28,2024-06-19,5,Jl. Merdeka No. 28,Silver,1,2625758,Bekasi
1395,Hani Santoso,hani.santoso317@email.com,085934491213,F,2005-04-24,2024-10-19,12,Jl. Diponegoro No. 90,Silver,6,6292427,Palembang
1396,Citra Nugroho,citra.nugroho776@email.com,083917953301,F,1975-03-11,2024-12-31,14,Jl. Mawar No. 172,Platinum,5,5072962,Pekanbaru
1397,Oktavia Santoso,oktavia.santoso397@email.com,089310535824,F,1991-12-26,2024-03-13,17,Jl. Pahlawan No. 40,Gold,3,4935576,Pontianak
1398,Citra Siregar,citra.siregar523@email.com,087973074025,F,1991-09-15,2024-06-24,20,Jl. Mawar No. 120,Gold,3,3983038,Palangkaraya
1399,Wawan Santoso,wawan.santoso423@email.com,087486516832,M,1988-01-02,2023-03-02,21,Jl. Melati No. 145,Bronze,4,6565951,Makassar
1400,Eka Kusuma,eka.kusuma55@email.com,081474434332,F,1982-04-10,2023-10-04,8,Jl. Sudirman No. 87,Silver,2,2667625,Yogyakarta
1401,Indah Lestari,indah.lestari263@email.com,081739024459,F,1987-03-12,2026-03-19,24,Jl. Pahlawan No. 169,Silver,2,4147087,Denpasar
1402,Citra Utami,citra.utami201@email.com,089934854204,F,2004-08-25,2022-07-27,4,Jl. Thamrin No. 119,Bronze,2,4797018,Tangerang
1403,Hani Hidayat,hani.hidayat896@email.com,084462995869,F,2002-05-17,2023-11-22,8,Jl. Sudirman No. 136,Silver,3,2842665,Yogyakarta
1404,Sari Santoso,sari.santoso868@email.com,081187872166,F,1981-01-12,2024-04-09,13,Jl. Sudirman No. 42,Gold,4,8410638,Padang
1405,Juli Putri,juli.putri744@email.com,081800960335,F,1982-02-26,2026-03-16,22,Jl. Merdeka No. 31,Silver,5,15520901,Manado
1406,Lukman Lestari,lukman.lestari969@email.com,086324545983,M,1992-01-27,2024-12-17,24,Jl. Thamrin No. 26,Silver,4,1121769,Denpasar
1407,Bella Santoso,bella.santoso108@email.com,087849074822,F,1968-12-07,2022-12-01,7,Jl. Melati No. 152,Silver,5,6985894,Semarang
1408,Dedi Wijaya,dedi.wijaya305@email.com,081501551011,M,1967-01-07,2023-07-20,26,Jl. Sudirman No. 193,Silver,1,1223986,Kupang
1409,Wawan Wibowo,wawan.wibowo47@email.com,084982778388,M,2006-09-14,2026-04-10,15,Jl. Gajah Mada No. 176,Silver,5,14085816,Banda Aceh
1410,Teguh Hidayat,teguh.hidayat652@email.com,087545029775,M,2006-05-28,2025-04-06,4,Jl. Gajah Mada No. 3,Silver,6,7425546,Tangerang
1411,Irfan Nugroho,irfan.nugroho724@email.com,081512732580,M,1986-09-06,2023-04-03,11,Jl. Mawar No. 43,Silver,3,3015127,Medan
1412,Rina Susanto,rina.susanto779@email.com,089831475386,F,1973-08-20,2024-08-23,1,Jl. Diponegoro No. 120,Bronze,2,5329959,Jakarta
1413,Dewi Saputra,dewi.saputra631@email.com,084585393828,F,1997-02-25,2025-02-05,1,Jl. Thamrin No. 52,Silver,7,9917068,Jakarta
1414,Indah Nugroho,indah.nugroho497@email.com,081973604824,F,1972-09-07,2026-05-06,16,Jl. Mawar No. 108,Silver,5,4230994,Lampung
1415,Ahmad Kusuma,ahmad.kusuma741@email.com,086806357653,M,2000-01-22,2023-08-11,26,Jl. Melati No. 9,Bronze,2,7503950,Kupang
1416,Juli Putri,juli.putri988@email.com,081799821452,F,1973-04-13,2026-04-22,26,Jl. Sudirman No. 101,Silver,3,1433331,Kupang
1417,Wulan Ramadhan,wulan.ramadhan467@email.com,086409861789,F,2000-06-28,2024-02-23,25,Jl. Mawar No. 6,Bronze,3,1134485,Mataram
1418,Lina Wijaya,lina.wijaya871@email.com,089295806352,F,1972-04-19,2025-06-23,14,Jl. Thamrin No. 23,Bronze,4,3809633,Pekanbaru
1419,Pandu Siregar,pandu.siregar5@email.com,081041430068,M,1974-07-03,2026-08-14,10,Jl. Diponegoro No. 94,Bronze,7,8475198,Malang
1420,Fitri Hidayat,fitri.hidayat887@email.com,085883178329,F,1972-10-18,2023-03-10,28,Jl. Melati No. 75,Silver,2,5572629,Ambon
1421,Ahmad Santoso,ahmad.santoso829@email.com,085361411616,M,1992-10-26,2022-08-08,10,Jl. Diponegoro No. 12,Bronze,3,6952617,Malang
1422,Citra Saputra,citra.saputra398@email.com,088294082359,F,1988-12-18,2026-01-13,16,Jl. Pahlawan No. 183,Silver,5,4348504,Lampung
1423,Yusuf Wibowo,yusuf.wibowo96@email.com,085308454632,M,1984-09-03,2023-04-22,11,Jl. Merdeka No. 31,Gold,2,1174646,Medan
1424,Putri Saputra,putri.saputra840@email.com,088676128752,F,1974-08-17,2026-04-24,9,Jl. Sudirman No. 82,Bronze,1,3434789,Surabaya
1425,Kartika Susanto,kartika.susanto79@email.com,089185489706,F,1973-09-25,2022-08-16,25,Jl. Mawar No. 85,Gold,4,9049660,Mataram
1426,Joko Lestari,joko.lestari101@email.com,086761123776,M,2001-08-17,2026-04-16,12,Jl. Ahmad Yani No. 40,Bronze,3,4508102,Palembang
1427,Yusuf Nugroho,yusuf.nugroho303@email.com,088674109654,M,1989-01-05,2023-04-11,6,Jl. Pahlawan No. 195,Silver,7,12389846,Bandung
1428,Indah Saputra,indah.saputra367@email.com,085572670663,F,1994-03-02,2024-08-05,25,Jl. Sudirman No. 7,Bronze,6,13208004,Mataram
1429,Teguh Nugroho,teguh.nugroho668@email.com,084232557668,M,1989-05-25,2024-01-11,4,Jl. Mawar No. 171,Silver,1,1698830,Tangerang
1430,Eko Nugroho,eko.nugroho795@email.com,087194633463,M,1979-09-01,2023-09-21,11,Jl. Sudirman No. 78,Silver,2,2352061,Medan
1431,Oktavia Ramadhan,oktavia.ramadhan177@email.com,086722317166,F,1968-03-19,2024-02-25,6,Jl. Pahlawan No. 176,Silver,1,1007458,Bandung
1432,Rudi Kusuma,rudi.kusuma427@email.com,087135836578,M,1984-01-15,2024-11-23,18,Jl. Thamrin No. 3,Bronze,8,8362047,Banjarmasin
1433,Gita Kusuma,gita.kusuma745@email.com,089249974426,F,1978-06-07,2022-05-19,16,Jl. Mawar No. 107,Silver,2,3113065,Lampung
1434,Wulan Kusuma,wulan.kusuma856@email.com,085518813344,F,1992-12-17,2024-12-19,7,Jl. Merdeka No. 68,Silver,6,7243697,Semarang
1435,Tika Ramadhan,tika.ramadhan799@email.com,086305646296,F,1968-12-11,2022-12-28,8,Jl. Merdeka No. 89,Silver,5,8239189,Yogyakarta
1436,Sandi Putri,sandi.putri875@email.com,087225005492,M,1970-06-20,2024-05-06,19,Jl. Ahmad Yani No. 199,Bronze,6,11555993,Samarinda
1437,Maman Saputra,maman.saputra903@email.com,087285140889,M,1995-09-20,2022-04-29,15,Jl. Gajah Mada No. 89,Bronze,4,3233272,Banda Aceh
1438,Citra Lestari,citra.lestari151@email.com,084629583299,F,1980-09-09,2022-02-26,23,Jl. Mawar No. 54,Gold,3,1782390,Palu
1439,Rudi Susanto,rudi.susanto180@email.com,085927294039,M,1968-12-06,2023-01-05,7,Jl. Sudirman No. 28,Silver,6,11659042,Semarang
1440,Lina Ramadhan,lina.ramadhan992@email.com,083112349971,F,1992-10-04,2024-09-30,29,Jl. Pahlawan No. 43,Bronze,7,9360941,Sorong
1441,Fitri Lestari,fitri.lestari275@email.com,083377088151,F,1988-02-10,2025-01-17,29,Jl. Merdeka No. 96,Bronze,2,2965725,Sorong
1442,Pandu Lestari,pandu.lestari31@email.com,084858979878,M,2002-03-06,2023-03-01,1,Jl. Pahlawan No. 146,Silver,3,3037342,Jakarta
1443,Eko Siregar,eko.siregar849@email.com,081332568609,M,1990-05-16,2023-01-13,9,Jl. Pahlawan No. 140,Bronze,1,1248486,Surabaya
1444,Rudi Nugroho,rudi.nugroho83@email.com,086128268873,M,1966-04-26,2026-04-05,29,Jl. Merdeka No. 88,Silver,3,1234952,Sorong
1445,Lukman Lestari,lukman.lestari470@email.com,086083264777,M,1976-07-27,2023-03-04,7,Jl. Ahmad Yani No. 97,Silver,6,9449388,Semarang
1446,Rudi Kusuma,rudi.kusuma938@email.com,083384596013,M,1993-07-08,2023-07-25,19,Jl. Melati No. 57,Platinum,4,4717443,Samarinda
1447,Oki Utami,oki.utami631@email.com,087657378385,M,1968-03-12,2023-06-17,11,Jl. Sudirman No. 179,Silver,9,12836642,Medan
1448,Fajar Nugroho,fajar.nugroho882@email.com,081373690685,M,1996-03-18,2022-11-20,23,Jl. Kenanga No. 31,Gold,4,7342812,Palu
1449,Nanda Ramadhan,nanda.ramadhan129@email.com,088861702173,M,2001-07-02,2023-09-04,2,Jl. Pahlawan No. 116,Bronze,6,9190656,Bogor
1450,Fitri Nugroho,fitri.nugroho365@email.com,085197173007,F,2000-11-10,2022-12-07,28,Jl. Kenanga No. 126,Bronze,4,7329659,Ambon
1451,Ani Nugroho,ani.nugroho309@email.com,084504970480,F,1997-09-14,2022-01-02,24,Jl. Pahlawan No. 192,Bronze,4,9525243,Denpasar
1452,Nina Wibowo,nina.wibowo11@email.com,084961532048,F,1975-01-18,2022-02-14,28,Jl. Kenanga No. 44,Silver,5,9858831,Ambon
1453,Hadi Utami,hadi.utami34@email.com,086495379869,M,1984-04-20,2024-01-31,3,Jl. Melati No. 147,Gold,5,7498226,Depok
1454,Hadi Siregar,hadi.siregar178@email.com,081720578321,M,1977-04-07,2023-12-15,6,Jl. Gajah Mada No. 18,Bronze,8,18417037,Bandung
1455,Kartika Pratama,kartika.pratama232@email.com,089544023886,F,1972-10-24,2022-05-02,28,Jl. Ahmad Yani No. 85,Silver,6,6408878,Ambon
1456,Joko Wibowo,joko.wibowo574@email.com,084364538913,M,1997-09-26,2025-04-04,13,Jl. Kenanga No. 50,Silver,5,5126913,Padang
1457,Irfan Siregar,irfan.siregar607@email.com,082832897650,M,1980-07-06,2023-08-27,6,Jl. Merdeka No. 138,Bronze,6,10434943,Bandung
1458,Eko Kusuma,eko.kusuma166@email.com,085542066249,M,1982-05-03,2026-06-04,27,Jl. Gajah Mada No. 193,Silver,2,2568678,Jayapura
1459,Wulan Lestari,wulan.lestari249@email.com,089448118432,F,1968-02-05,2022-10-02,20,Jl. Pahlawan No. 51,Bronze,4,4186193,Palangkaraya
1460,Juli Lestari,juli.lestari394@email.com,089988966037,F,1975-02-01,2023-07-24,12,Jl. Diponegoro No. 115,Bronze,3,8096201,Palembang
1461,Wawan Kusuma,wawan.kusuma235@email.com,085723925270,M,1993-02-23,2024-03-21,6,Jl. Gajah Mada No. 60,Silver,7,6219584,Bandung
1462,Pandu Wibowo,pandu.wibowo874@email.com,089236929261,M,1985-03-22,2024-08-27,9,Jl. Ahmad Yani No. 99,Bronze,4,4610627,Surabaya
1463,Ahmad Siregar,ahmad.siregar785@email.com,081981694813,M,1972-08-26,2024-05-21,20,Jl. Merdeka No. 147,Silver,3,3360060,Palangkaraya
1464,Kartika Wibowo,kartika.wibowo723@email.com,081454814371,F,1968-04-06,2023-07-08,5,Jl. Gajah Mada No. 177,Bronze,3,3873000,Bekasi
1465,Lina Santoso,lina.santoso791@email.com,081599465828,F,1982-04-24,2022-07-12,11,Jl. Kenanga No. 164,Bronze,4,4915863,Medan
1466,Budi Sari,budi.sari654@email.com,085894791950,M,1996-10-15,2024-06-23,28,Jl. Mawar No. 155,Platinum,6,14874167,Ambon
1467,Indah Wibowo,indah.wibowo242@email.com,084398250825,F,1970-09-18,2022-11-11,5,Jl. Kenanga No. 47,Silver,5,3940540,Bekasi
1468,Lukman Utami,lukman.utami505@email.com,088018179960,M,1996-01-14,2024-09-16,18,Jl. Kenanga No. 51,Platinum,4,7014632,Banjarmasin
1469,Hadi Lestari,hadi.lestari367@email.com,085049106328,M,1992-06-04,2025-02-17,19,Jl. Thamrin No. 88,Bronze,3,4864592,Samarinda
1470,Nina Hidayat,nina.hidayat805@email.com,088663887985,F,1986-11-17,2024-11-30,2,Jl. Melati No. 136,Bronze,3,2516038,Bogor
1471,Maman Susanto,maman.susanto808@email.com,081738309542,M,1995-03-13,2025-12-26,14,Jl. Melati No. 69,Bronze,2,1976624,Pekanbaru
1472,Wawan Utami,wawan.utami799@email.com,082603019928,M,1984-04-28,2024-01-13,6,Jl. Kenanga No. 101,Bronze,2,4754978,Bandung
1473,Hadi Kusuma,hadi.kusuma188@email.com,082742618570,M,1965-02-18,2023-12-19,28,Jl. Ahmad Yani No. 115,Bronze,9,13932860,Ambon
1474,Gita Lestari,gita.lestari93@email.com,081698040624,F,1976-11-01,2023-05-31,25,Jl. Ahmad Yani No. 23,Bronze,6,14007588,Mataram
1475,Yusuf Santoso,yusuf.santoso428@email.com,082694016689,M,2003-12-21,2022-01-28,26,Jl. Mawar No. 11,Bronze,4,3333223,Kupang
1476,Ani Hidayat,ani.hidayat441@email.com,081834105458,F,1968-10-12,2023-12-03,27,Jl. Sudirman No. 123,Gold,4,2472428,Jayapura
1477,Ahmad Susanto,ahmad.susanto779@email.com,089952439235,M,1969-01-24,2025-06-12,8,Jl. Diponegoro No. 63,Bronze,3,3647029,Yogyakarta
1478,Umar Lestari,umar.lestari475@email.com,081402207158,M,1975-05-27,2022-10-03,6,Jl. Kenanga No. 57,Bronze,6,14112053,Bandung
1479,Budi Saputra,budi.saputra675@email.com,085455048748,M,1974-08-16,2024-12-19,1,Jl. Pahlawan No. 72,Bronze,4,2308381,Jakarta
1480,Bella Nugroho,bella.nugroho726@email.com,089329629303,F,1990-05-07,2022-09-23,14,Jl. Merdeka No. 4,Silver,4,7415003,Pekanbaru
1481,Rudi Kusuma,rudi.kusuma846@email.com,081478133604,M,1992-02-15,2023-07-10,7,Jl. Diponegoro No. 106,Bronze,4,3634586,Semarang
1482,Juli Susanto,juli.susanto733@email.com,085720777989,F,1984-03-07,2024-06-10,3,Jl. Gajah Mada No. 71,Gold,2,5249958,Depok
1483,Dewi Siregar,dewi.siregar482@email.com,086849798054,F,1994-03-15,2023-02-07,24,Jl. Pahlawan No. 193,Bronze,9,22605589,Denpasar
1484,Kurnia Lestari,kurnia.lestari285@email.com,089074536399,M,2004-01-27,2023-01-04,10,Jl. Sudirman No. 122,Bronze,1,119707,Malang
1485,Dewi Sari,dewi.sari867@email.com,081810828128,F,1966-02-27,2024-06-22,18,Jl. Ahmad Yani No. 179,Bronze,4,8552508,Banjarmasin
1486,Lukman Sari,lukman.sari274@email.com,083131206829,M,1984-05-25,2024-06-30,8,Jl. Diponegoro No. 69,Bronze,3,3245475,Yogyakarta
1487,Gita Sari,gita.sari584@email.com,081046300897,F,2001-05-15,2024-03-07,27,Jl. Gajah Mada No. 76,Silver,0,0,Jayapura
1488,Hani Saputra,hani.saputra582@email.com,085473047116,F,1973-07-18,2026-04-08,27,Jl. Mawar No. 45,Bronze,6,10657985,Jayapura
1489,Indah Wijaya,indah.wijaya233@email.com,089098746608,F,1965-10-11,2022-01-25,21,Jl. Mawar No. 190,Gold,3,1801029,Makassar
1490,Dedi Saputra,dedi.saputra605@email.com,083591608557,M,1980-06-25,2023-07-25,24,Jl. Merdeka No. 149,Silver,3,2767338,Denpasar
1491,Sari Wijaya,sari.wijaya501@email.com,088022662403,F,1992-01-10,2025-10-08,9,Jl. Sudirman No. 76,Bronze,9,9664280,Surabaya
1492,Indah Putri,indah.putri85@email.com,088972056714,F,1990-12-13,2022-04-15,15,Jl. Pahlawan No. 66,Gold,3,2368499,Banda Aceh
1493,Eka Ramadhan,eka.ramadhan947@email.com,085583346716,F,1979-07-18,2024-03-05,29,Jl. Ahmad Yani No. 178,Bronze,4,4580004,Sorong
1494,Rina Susanto,rina.susanto464@email.com,083988343563,F,1967-01-05,2025-03-15,20,Jl. Kenanga No. 29,Bronze,4,2521361,Palangkaraya
1495,Kartika Santoso,kartika.santoso21@email.com,086309386587,F,2006-09-13,2024-07-19,23,Jl. Pahlawan No. 193,Gold,5,5991116,Palu
1496,Maman Siregar,maman.siregar937@email.com,083186980398,M,1980-08-09,2023-04-12,2,Jl. Diponegoro No. 7,Bronze,6,12605864,Bogor
1497,Gita Santoso,gita.santoso909@email.com,084885929843,F,1995-12-26,2024-04-08,27,Jl. Melati No. 35,Bronze,3,6662026,Jayapura
1498,Pandu Saputra,pandu.saputra795@email.com,089939039251,M,2001-11-09,2024-08-31,29,Jl. Merdeka No. 198,Silver,4,971704,Sorong
1499,Kartika Putri,kartika.putri828@email.com,084549582675,F,1986-11-20,2026-04-06,17,Jl. Pahlawan No. 121,Silver,4,4434484,Pontianak
1500,Gita Hidayat,gita.hidayat711@email.com,088541700116,F,1975-12-17,2026-07-24,22,Jl. Pahlawan No. 7,Silver,5,2062594,Manado
1501,Kartika Wibowo,kartika.wibowo142@email.com,082955976516,F,2005-05-19,2025-10-05,1,Jl. Ahmad Yani No. 166,Gold,5,4160641,Jakarta
1502,Citra Sari,citra.sari401@email.com,081884474406,F,1993-01-14,2024-04-02,28,Jl. Merdeka No. 196,Bronze,1,95278,Ambon
1503,Wawan Siregar,wawan.siregar595@email.com,083496897808,M,1995-04-26,2022-01-31,22,Jl. Melati No. 158,Bronze,2,2246352,Manado
1504,Sandi Wijaya,sandi.wijaya989@email.com,084454368422,M,1991-12-11,2022-11-12,18,Jl. Mawar No. 24,Bronze,6,11228172,Banjarmasin
1505,Umar Saputra,umar.saputra176@email.com,082253858705,M,1984-10-09,2026-08-28,27,Jl. Merdeka No. 53,Silver,3,3648488,Jayapura
1506,Dedi Ramadhan,dedi.ramadhan656@email.com,081082797040,M,1985-05-22,2023-05-02,25,Jl. Ahmad Yani No. 92,Silver,2,405279,Mataram
1507,Oktavia Santoso,oktavia.santoso349@email.com,082886303290,F,1976-02-20,2025-05-11,13,Jl. Merdeka No. 95,Bronze,2,1327414,Padang
1508,Kurnia Putri,kurnia.putri252@email.com,084486324021,M,1982-11-26,2024-11-15,18,Jl. Thamrin No. 178,Silver,4,2897945,Banjarmasin
1509,Rudi Susanto,rudi.susanto881@email.com,084983251570,M,1991-08-17,2022-08-17,18,Jl. Pahlawan No. 163,Bronze,4,2448635,Banjarmasin
1510,Hani Ramadhan,hani.ramadhan885@email.com,081222500976,F,2006-09-19,2023-12-05,4,Jl. Pahlawan No. 167,Gold,5,10988440,Tangerang
1511,Teguh Wijaya,teguh.wijaya48@email.com,085786473236,M,1977-08-25,2022-01-04,11,Jl. Merdeka No. 154,Platinum,7,8471169,Medan
1512,Juli Santoso,juli.santoso645@email.com,083316796568,F,1978-01-17,2022-04-09,15,Jl. Melati No. 164,Gold,5,7177271,Banda Aceh
1513,Rudi Kusuma,rudi.kusuma969@email.com,087556599735,M,1998-03-20,2022-11-04,13,Jl. Merdeka No. 170,Gold,4,7371811,Padang
1514,Eka Sari,eka.sari189@email.com,082183736293,F,2002-06-19,2025-09-13,17,Jl. Sudirman No. 108,Silver,9,8300197,Pontianak
1515,Tika Ramadhan,tika.ramadhan113@email.com,087323256411,F,2003-07-28,2026-01-12,4,Jl. Pahlawan No. 34,Bronze,4,5109495,Tangerang
1516,Teguh Kusuma,teguh.kusuma468@email.com,089833968573,M,1980-10-04,2022-02-04,27,Jl. Thamrin No. 108,Bronze,7,6648843,Jayapura
1517,Indah Hidayat,indah.hidayat667@email.com,086381945214,F,2003-07-21,2023-10-30,7,Jl. Melati No. 175,Gold,5,4771478,Semarang
1518,Ani Wijaya,ani.wijaya147@email.com,082281002335,F,1983-11-22,2022-01-23,6,Jl. Gajah Mada No. 56,Bronze,2,2421284,Bandung
1519,Wawan Wijaya,wawan.wijaya10@email.com,089201122737,M,1994-06-08,2023-04-02,5,Jl. Kenanga No. 116,Bronze,3,3394637,Bekasi
1520,Joko Lestari,joko.lestari941@email.com,088534293329,M,1993-01-05,2025-08-22,13,Jl. Diponegoro No. 97,Bronze,5,12507139,Padang
1521,Bella Pratama,bella.pratama772@email.com,089929920713,F,1992-05-17,2023-04-01,12,Jl. Melati No. 113,Silver,6,6787904,Palembang
1522,Ani Putri,ani.putri151@email.com,085805451813,F,1982-09-18,2024-03-30,28,Jl. Kenanga No. 116,Platinum,4,7815230,Ambon
1523,Teguh Pratama,teguh.pratama203@email.com,085126304863,M,1990-07-05,2025-12-29,9,Jl. Diponegoro No. 110,Bronze,3,4321436,Surabaya
1524,Oktavia Lestari,oktavia.lestari600@email.com,081316496823,F,1998-07-10,2025-07-03,25,Jl. Gajah Mada No. 149,Bronze,5,5206416,Mataram
1525,Fitri Kusuma,fitri.kusuma538@email.com,082661944424,F,1981-03-20,2022-04-14,24,Jl. Thamrin No. 106,Silver,7,4335643,Denpasar
1526,Ahmad Saputra,ahmad.saputra598@email.com,082753125883,M,1969-08-19,2024-03-26,14,Jl. Diponegoro No. 89,Bronze,1,858070,Pekanbaru
1527,Wawan Siregar,wawan.siregar329@email.com,088450925801,M,2000-04-07,2025-05-20,24,Jl. Pahlawan No. 143,Silver,1,804224,Denpasar
1528,Oktavia Lestari,oktavia.lestari125@email.com,086356077885,F,1992-01-10,2024-02-02,6,Jl. Melati No. 45,Bronze,2,1499397,Bandung
1529,Wulan Wibowo,wulan.wibowo541@email.com,084204198805,F,1985-04-20,2022-07-15,8,Jl. Kenanga No. 22,Bronze,7,3806381,Yogyakarta
1530,Oki Santoso,oki.santoso51@email.com,082713245966,M,1969-05-10,2022-01-10,1,Jl. Kenanga No. 186,Silver,5,5626162,Jakarta
1531,Lukman Susanto,lukman.susanto292@email.com,083422460343,M,1979-01-28,2025-09-16,21,Jl. Diponegoro No. 77,Bronze,8,8704417,Makassar
1532,Teguh Utami,teguh.utami864@email.com,087629557099,M,1985-03-21,2024-10-12,19,Jl. Thamrin No. 9,Silver,2,4465662,Samarinda
1533,Kartika Wibowo,kartika.wibowo805@email.com,083994858214,F,1984-03-24,2024-02-25,22,Jl. Ahmad Yani No. 3,Bronze,6,18199986,Manado
1534,Budi Sari,budi.sari584@email.com,089299972993,M,1986-04-01,2023-04-24,6,Jl. Pahlawan No. 110,Silver,0,0,Bandung
1535,Yusuf Hidayat,yusuf.hidayat963@email.com,089735771191,M,1990-03-19,2025-06-24,18,Jl. Gajah Mada No. 103,Silver,5,8341815,Banjarmasin
1536,Dedi Nugroho,dedi.nugroho460@email.com,087939322905,M,1980-11-01,2024-01-17,22,Jl. Pahlawan No. 26,Gold,7,9319909,Manado
1537,Tika Pratama,tika.pratama987@email.com,088607435146,F,2006-12-21,2022-11-10,16,Jl. Merdeka No. 80,Bronze,4,9504359,Lampung
1538,Putri Hidayat,putri.hidayat988@email.com,089901502713,F,1975-06-08,2025-12-26,4,Jl. Diponegoro No. 124,Silver,4,8595777,Tangerang
1539,Maya Wijaya,maya.wijaya202@email.com,083758930598,F,1996-08-16,2022-04-17,1,Jl. Sudirman No. 128,Platinum,3,2053527,Jakarta
1540,Bella Putri,bella.putri990@email.com,081193224162,F,2001-11-06,2022-06-26,14,Jl. Gajah Mada No. 160,Silver,3,4524774,Pekanbaru
1541,Wawan Putri,wawan.putri42@email.com,086110484122,M,1977-04-15,2024-09-18,17,Jl. Thamrin No. 76,Gold,3,2112016,Pontianak
1542,Indah Wibowo,indah.wibowo799@email.com,086458618273,F,2000-10-01,2023-08-10,15,Jl. Pahlawan No. 7,Bronze,4,3208517,Banda Aceh
1543,Eka Utami,eka.utami858@email.com,087315474671,F,1969-01-23,2023-10-08,8,Jl. Gajah Mada No. 20,Silver,1,1177247,Yogyakarta
1544,Sandi Ramadhan,sandi.ramadhan495@email.com,083985330922,M,2000-06-03,2025-11-10,2,Jl. Thamrin No. 138,Silver,2,1139673,Bogor
1545,Kurnia Pratama,kurnia.pratama834@email.com,089905075906,M,1981-01-20,2023-01-30,13,Jl. Gajah Mada No. 131,Bronze,7,5109485,Padang
1546,Sari Susanto,sari.susanto463@email.com,086414115669,F,1971-06-27,2026-02-01,3,Jl. Kenanga No. 101,Silver,2,928627,Depok
1547,Yusuf Ramadhan,yusuf.ramadhan841@email.com,083030638564,M,1968-11-16,2024-03-26,4,Jl. Merdeka No. 73,Bronze,2,2323991,Tangerang
1548,Ahmad Susanto,ahmad.susanto283@email.com,085229306033,M,1984-02-18,2023-10-16,10,Jl. Diponegoro No. 155,Gold,5,9270770,Malang
1549,Hadi Wijaya,hadi.wijaya603@email.com,086938303205,M,1966-11-07,2025-01-10,26,Jl. Thamrin No. 197,Gold,0,0,Kupang
1550,Joko Sari,joko.sari701@email.com,089368828180,M,1999-09-13,2026-08-08,12,Jl. Merdeka No. 169,Bronze,1,1174592,Palembang
1551,Fajar Saputra,fajar.saputra93@email.com,086936231213,M,2003-12-11,2022-11-19,11,Jl. Pahlawan No. 182,Silver,6,9388937,Medan
1552,Joko Pratama,joko.pratama955@email.com,089527458417,M,1973-04-02,2024-05-05,24,Jl. Ahmad Yani No. 68,Gold,3,5440716,Denpasar
1553,Pandu Nugroho,pandu.nugroho993@email.com,089772728905,M,2003-09-16,2024-11-01,2,Jl. Thamrin No. 11,Platinum,4,5482401,Bogor
1554,Yusuf Susanto,yusuf.susanto710@email.com,089500090525,M,1999-12-27,2022-07-09,20,Jl. Diponegoro No. 21,Bronze,3,6591839,Palangkaraya
1555,Oki Saputra,oki.saputra567@email.com,085497027031,M,1986-09-09,2022-07-17,4,Jl. Thamrin No. 103,Bronze,5,2535275,Tangerang
1556,Eko Lestari,eko.lestari818@email.com,085242519385,M,1967-05-15,2024-04-05,21,Jl. Thamrin No. 5,Bronze,6,8463898,Makassar
1557,Ani Nugroho,ani.nugroho304@email.com,084392849534,F,1988-12-09,2023-07-13,16,Jl. Melati No. 174,Gold,7,9522231,Lampung
1558,Irfan Wijaya,irfan.wijaya764@email.com,086464483966,M,1969-05-13,2026-03-18,15,Jl. Mawar No. 100,Platinum,4,4924873,Banda Aceh
1559,Pandu Kusuma,pandu.kusuma373@email.com,081058452078,M,2001-07-01,2023-11-01,8,Jl. Pahlawan No. 19,Silver,6,14816313,Yogyakarta
1560,Ani Kusuma,ani.kusuma222@email.com,089189856335,F,2000-08-01,2024-09-22,12,Jl. Melati No. 103,Bronze,5,8725995,Palembang
1561,Oki Putri,oki.putri850@email.com,085330889036,M,1990-04-14,2024-03-22,2,Jl. Merdeka No. 34,Silver,3,3053745,Bogor
1562,Pandu Hidayat,pandu.hidayat124@email.com,089778061621,M,2004-09-19,2022-01-17,27,Jl. Sudirman No. 43,Bronze,6,8361908,Jayapura
1563,Ahmad Kusuma,ahmad.kusuma348@email.com,089344080961,M,1966-10-09,2022-10-05,12,Jl. Gajah Mada No. 146,Bronze,1,474988,Palembang
1564,Hani Wibowo,hani.wibowo43@email.com,089802702938,F,2006-03-13,2025-03-22,4,Jl. Melati No. 111,Bronze,2,2506758,Tangerang
1565,Lina Siregar,lina.siregar264@email.com,088779561257,F,1983-11-11,2024-10-06,27,Jl. Kenanga No. 36,Bronze,5,4916034,Jayapura
1566,Sari Lestari,sari.lestari527@email.com,081388964867,F,1983-06-08,2025-11-21,10,Jl. Melati No. 5,Silver,2,2762158,Malang
1567,Umar Lestari,umar.lestari217@email.com,086713042241,M,2005-06-17,2023-12-14,13,Jl. Pahlawan No. 41,Gold,2,1710148,Padang
1568,Eka Wijaya,eka.wijaya717@email.com,087044742221,F,1996-01-11,2025-06-16,16,Jl. Merdeka No. 61,Platinum,6,10547324,Lampung
1569,Dewi Utami,dewi.utami32@email.com,082922620445,F,1984-09-14,2022-10-13,14,Jl. Ahmad Yani No. 115,Gold,3,3003141,Pekanbaru
1570,Pandu Siregar,pandu.siregar819@email.com,085270508369,M,1973-04-12,2022-02-02,13,Jl. Gajah Mada No. 130,Bronze,5,4789246,Padang
1571,Nanda Putri,nanda.putri696@email.com,085085062361,M,1969-08-08,2022-01-09,22,Jl. Pahlawan No. 128,Gold,1,2114588,Manado
1572,Nina Santoso,nina.santoso383@email.com,081553829805,F,1993-10-02,2024-12-14,12,Jl. Ahmad Yani No. 78,Bronze,6,8511324,Palembang
1573,Wawan Pratama,wawan.pratama727@email.com,088496167501,M,2001-05-02,2024-06-24,10,Jl. Diponegoro No. 25,Silver,4,3144192,Malang
1574,Oktavia Lestari,oktavia.lestari956@email.com,084158260044,F,1994-02-19,2023-10-16,2,Jl. Melati No. 164,Silver,4,3041162,Bogor
1575,Nina Susanto,nina.susanto440@email.com,086712726232,F,1990-10-07,2026-01-11,10,Jl. Sudirman No. 142,Bronze,5,3423311,Malang
1576,Wulan Nugroho,wulan.nugroho561@email.com,085101030554,F,2000-08-13,2025-07-08,9,Jl. Gajah Mada No. 176,Bronze,3,5689957,Surabaya
1577,Joko Susanto,joko.susanto556@email.com,082139709122,M,1995-12-03,2024-09-06,23,Jl. Merdeka No. 165,Bronze,5,9598358,Palu
1578,Hadi Santoso,hadi.santoso223@email.com,084510619162,M,1992-08-08,2024-01-08,20,Jl. Kenanga No. 179,Bronze,6,6085522,Palangkaraya
1579,Irfan Lestari,irfan.lestari191@email.com,084958067417,M,1983-05-02,2024-04-09,28,Jl. Gajah Mada No. 62,Silver,5,2916454,Ambon
1580,Oktavia Saputra,oktavia.saputra170@email.com,087181729473,F,2006-03-09,2025-04-30,20,Jl. Diponegoro No. 160,Gold,5,5543922,Palangkaraya
1581,Joko Susanto,joko.susanto140@email.com,081783234071,M,2006-03-02,2023-11-24,18,Jl. Kenanga No. 25,Bronze,6,12020051,Banjarmasin
1582,Dedi Saputra,dedi.saputra286@email.com,082259864579,M,1979-03-17,2023-01-22,20,Jl. Diponegoro No. 77,Bronze,4,2704995,Palangkaraya
1583,Yusuf Lestari,yusuf.lestari689@email.com,087370602194,M,2003-01-26,2022-11-02,17,Jl. Gajah Mada No. 22,Bronze,2,2150211,Pontianak
1584,Kartika Kusuma,kartika.kusuma447@email.com,081298242731,F,1968-08-11,2024-03-07,29,Jl. Melati No. 57,Bronze,4,3287475,Sorong
1585,Oki Utami,oki.utami189@email.com,084346134380,M,1978-11-05,2023-05-19,10,Jl. Thamrin No. 127,Bronze,5,2857974,Malang
1586,Gita Putri,gita.putri978@email.com,087006192917,F,1997-12-02,2024-04-28,3,Jl. Ahmad Yani No. 187,Bronze,4,7711987,Depok
1587,Ani Putri,ani.putri817@email.com,085443372171,F,1968-04-13,2024-01-11,18,Jl. Kenanga No. 81,Bronze,2,1826594,Banjarmasin
1588,Eka Ramadhan,eka.ramadhan811@email.com,088336059438,F,1967-11-16,2022-06-23,10,Jl. Merdeka No. 34,Gold,5,9250020,Malang
1589,Ani Ramadhan,ani.ramadhan172@email.com,087133331989,F,1995-06-17,2024-06-08,21,Jl. Pahlawan No. 36,Bronze,5,5785831,Makassar
1590,Pandu Wibowo,pandu.wibowo415@email.com,089513105769,M,1967-04-23,2022-01-29,6,Jl. Pahlawan No. 68,Gold,7,9297801,Bandung
1591,Lukman Lestari,lukman.lestari662@email.com,083517700971,M,1985-10-16,2023-07-02,15,Jl. Sudirman No. 134,Gold,6,10277671,Banda Aceh
1592,Tika Wibowo,tika.wibowo80@email.com,087468590559,F,1982-10-26,2025-12-21,18,Jl. Merdeka No. 151,Silver,3,573597,Banjarmasin
1593,Kartika Santoso,kartika.santoso678@email.com,081891365279,F,2003-12-26,2023-08-01,28,Jl. Pahlawan No. 199,Gold,5,7776492,Ambon
1594,Gita Kusuma,gita.kusuma915@email.com,082636408399,F,1979-10-09,2026-03-07,5,Jl. Thamrin No. 26,Bronze,5,6478644,Bekasi
1595,Eko Pratama,eko.pratama258@email.com,081069937700,M,2000-06-08,2023-08-14,20,Jl. Sudirman No. 47,Silver,2,1731134,Palangkaraya
1596,Fitri Kusuma,fitri.kusuma938@email.com,087432605662,F,2002-09-23,2026-07-31,7,Jl. Thamrin No. 164,Bronze,2,3195129,Semarang
1597,Oktavia Susanto,oktavia.susanto526@email.com,083260679659,F,1996-02-28,2025-11-26,17,Jl. Thamrin No. 53,Bronze,4,7729000,Pontianak
1598,Bella Pratama,bella.pratama535@email.com,085507464649,F,1983-02-13,2025-01-24,22,Jl. Sudirman No. 188,Bronze,5,9672631,Manado
1599,Tika Ramadhan,tika.ramadhan589@email.com,089454805837,F,1984-08-24,2024-03-31,12,Jl. Pahlawan No. 7,Silver,5,11281914,Palembang
1600,Rina Saputra,rina.saputra794@email.com,088717110306,F,2004-05-19,2024-06-27,22,Jl. Diponegoro No. 174,Silver,4,7657816,Manado
1601,Yusuf Wibowo,yusuf.wibowo123@email.com,083332181197,M,1977-07-26,2022-11-12,15,Jl. Kenanga No. 37,Bronze,2,5666561,Banda Aceh
1602,Maya Kusuma,maya.kusuma923@email.com,087470657814,F,1991-06-12,2022-07-22,1,Jl. Ahmad Yani No. 85,Bronze,6,6425001,Jakarta
1603,Kartika Pratama,kartika.pratama103@email.com,086034336864,F,1987-08-12,2026-04-03,25,Jl. Mawar No. 111,Bronze,9,15516493,Mataram
1604,Budi Saputra,budi.saputra829@email.com,085865306369,M,1986-09-26,2024-07-03,17,Jl. Merdeka No. 92,Bronze,4,1940797,Pontianak
1605,Lina Hidayat,lina.hidayat883@email.com,086594352061,F,1974-03-09,2022-08-07,11,Jl. Sudirman No. 198,Silver,3,5264034,Medan
1606,Juli Santoso,juli.santoso417@email.com,089581823770,F,1977-04-17,2026-06-30,5,Jl. Merdeka No. 132,Silver,7,13004353,Bekasi
1607,Putri Wibowo,putri.wibowo982@email.com,086347880260,F,1969-08-01,2026-02-04,2,Jl. Diponegoro No. 12,Gold,2,6036955,Bogor
1608,Indah Kusuma,indah.kusuma178@email.com,088274328171,F,2006-07-02,2024-11-15,7,Jl. Merdeka No. 139,Silver,4,2017738,Semarang
1609,Ahmad Lestari,ahmad.lestari685@email.com,083484150715,M,1969-04-09,2023-07-24,25,Jl. Kenanga No. 198,Bronze,1,226938,Mataram
1610,Yusuf Nugroho,yusuf.nugroho861@email.com,086466359422,M,2001-08-05,2024-09-19,20,Jl. Thamrin No. 143,Bronze,3,4575786,Palangkaraya
1611,Nanda Saputra,nanda.saputra326@email.com,084927202015,M,1998-01-10,2023-07-08,20,Jl. Mawar No. 53,Bronze,3,3542447,Palangkaraya
1612,Putri Hidayat,putri.hidayat656@email.com,081193949527,F,2001-06-16,2022-01-30,17,Jl. Pahlawan No. 1,Bronze,4,2452143,Pontianak
1613,Indah Kusuma,indah.kusuma363@email.com,084275798639,F,1967-04-03,2026-07-15,21,Jl. Gajah Mada No. 134,Bronze,5,14230637,Makassar
1614,Rudi Putri,rudi.putri99@email.com,087269949295,M,1974-01-08,2023-10-02,28,Jl. Ahmad Yani No. 137,Bronze,3,3676810,Ambon
1615,Wulan Pratama,wulan.pratama921@email.com,081682757684,F,1984-02-17,2025-09-06,4,Jl. Merdeka No. 129,Silver,5,10650707,Tangerang
1616,Yusuf Pratama,yusuf.pratama527@email.com,082187359637,M,1998-07-23,2025-08-06,26,Jl. Kenanga No. 108,Bronze,5,6577346,Kupang
1617,Hadi Siregar,hadi.siregar562@email.com,082202379878,M,2006-06-24,2022-03-05,14,Jl. Mawar No. 108,Gold,1,412900,Pekanbaru
1618,Rina Putri,rina.putri394@email.com,082730249599,F,1977-12-01,2024-06-27,4,Jl. Kenanga No. 55,Silver,3,3147905,Tangerang
1619,Nanda Wijaya,nanda.wijaya513@email.com,085937414387,M,1970-08-18,2024-12-20,26,Jl. Thamrin No. 98,Gold,8,4009341,Kupang
1620,Tika Hidayat,tika.hidayat24@email.com,089304594950,F,2000-10-27,2025-06-29,14,Jl. Thamrin No. 61,Bronze,3,4408608,Pekanbaru
1621,Joko Ramadhan,joko.ramadhan969@email.com,083487952241,M,1993-10-17,2022-09-01,16,Jl. Thamrin No. 44,Bronze,6,5654875,Lampung
1622,Budi Susanto,budi.susanto280@email.com,082924235541,M,1992-06-27,2026-06-20,27,Jl. Melati No. 72,Gold,1,1422646,Jayapura
1623,Tika Pratama,tika.pratama456@email.com,087101942794,F,1969-11-26,2023-06-16,23,Jl. Gajah Mada No. 81,Bronze,3,6362987,Palu
1624,Umar Sari,umar.sari216@email.com,085579761918,M,1967-08-24,2025-11-04,20,Jl. Kenanga No. 17,Bronze,4,8592741,Palangkaraya
1625,Umar Lestari,umar.lestari730@email.com,087988717155,M,1997-10-25,2024-01-27,10,Jl. Thamrin No. 104,Gold,4,5977635,Malang
1626,Teguh Hidayat,teguh.hidayat538@email.com,089662494535,M,1993-07-07,2024-11-14,18,Jl. Mawar No. 103,Bronze,7,8394496,Banjarmasin
1627,Wawan Saputra,wawan.saputra806@email.com,089709580819,M,1976-02-21,2022-08-11,22,Jl. Gajah Mada No. 189,Bronze,7,14083589,Manado
1628,Fajar Siregar,fajar.siregar397@email.com,084294309013,M,1999-09-21,2025-08-18,19,Jl. Merdeka No. 167,Gold,9,7659366,Samarinda
1629,Oki Saputra,oki.saputra122@email.com,085497154265,M,2003-01-28,2026-04-07,23,Jl. Kenanga No. 34,Bronze,5,9833485,Palu
1630,Wawan Sari,wawan.sari230@email.com,088943702454,M,2000-10-08,2024-03-04,5,Jl. Ahmad Yani No. 156,Gold,4,5502638,Bekasi
1631,Joko Susanto,joko.susanto472@email.com,085185077893,M,1991-08-11,2022-04-01,11,Jl. Gajah Mada No. 91,Silver,2,4740890,Medan
1632,Sandi Nugroho,sandi.nugroho825@email.com,084778937525,M,1971-03-27,2026-02-23,8,Jl. Sudirman No. 83,Bronze,3,5021459,Yogyakarta
1633,Maman Nugroho,maman.nugroho96@email.com,087548955869,M,1987-03-21,2022-03-09,22,Jl. Kenanga No. 155,Silver,1,1076225,Manado
1634,Teguh Hidayat,teguh.hidayat319@email.com,081898664268,M,1982-05-02,2026-08-11,23,Jl. Sudirman No. 80,Bronze,4,2061839,Palu
1635,Bella Ramadhan,bella.ramadhan813@email.com,081211396443,F,1974-04-21,2022-07-29,23,Jl. Pahlawan No. 138,Platinum,1,2158652,Palu
1636,Maman Ramadhan,maman.ramadhan762@email.com,089750886272,M,1999-10-03,2024-03-16,25,Jl. Mawar No. 116,Silver,2,4047384,Mataram
1637,Fajar Putri,fajar.putri437@email.com,087495614564,M,2005-05-12,2023-09-12,21,Jl. Ahmad Yani No. 106,Platinum,2,1509068,Makassar
1638,Ani Siregar,ani.siregar438@email.com,089391416245,F,1992-12-28,2023-04-20,25,Jl. Merdeka No. 17,Bronze,1,733761,Mataram
1639,Yusuf Pratama,yusuf.pratama214@email.com,084730625955,M,1996-09-22,2023-03-24,16,Jl. Gajah Mada No. 150,Gold,3,2442721,Lampung
1640,Oktavia Susanto,oktavia.susanto240@email.com,084191328995,F,1974-11-15,2025-05-16,6,Jl. Merdeka No. 35,Silver,4,7474092,Bandung
1641,Maman Sari,maman.sari842@email.com,081973963937,M,1984-11-06,2025-12-15,12,Jl. Thamrin No. 77,Bronze,5,7741557,Palembang
1642,Citra Sari,citra.sari598@email.com,082671005087,F,1981-09-08,2025-07-07,12,Jl. Mawar No. 54,Bronze,4,1371358,Palembang
1643,Putri Susanto,putri.susanto354@email.com,087752985220,F,1976-12-04,2024-03-07,9,Jl. Melati No. 73,Silver,4,5279047,Surabaya
1644,Indah Susanto,indah.susanto4@email.com,082445987132,F,1992-02-15,2022-08-24,20,Jl. Thamrin No. 43,Bronze,1,1099326,Palangkaraya
1645,Oki Lestari,oki.lestari234@email.com,087354458743,M,2006-05-04,2022-05-28,18,Jl. Merdeka No. 181,Silver,6,16856692,Banjarmasin
1646,Sandi Utami,sandi.utami606@email.com,084691217634,M,1966-12-05,2023-08-13,15,Jl. Melati No. 104,Bronze,4,7686131,Banda Aceh
1647,Irfan Utami,irfan.utami650@email.com,089716937418,M,1974-07-28,2026-07-21,1,Jl. Kenanga No. 99,Silver,3,2597949,Jakarta
1648,Eko Sari,eko.sari471@email.com,088500107624,M,1991-07-15,2023-01-22,29,Jl. Pahlawan No. 106,Bronze,5,4605680,Sorong
1649,Ahmad Kusuma,ahmad.kusuma179@email.com,084958754554,M,1990-04-09,2026-03-10,11,Jl. Thamrin No. 33,Bronze,8,15410179,Medan
1650,Kurnia Lestari,kurnia.lestari743@email.com,087103045555,M,1967-02-07,2025-01-19,19,Jl. Gajah Mada No. 159,Silver,6,5411343,Samarinda
1651,Sandi Wibowo,sandi.wibowo651@email.com,086602480261,M,1969-06-05,2025-06-12,15,Jl. Pahlawan No. 31,Bronze,8,14018579,Banda Aceh
1652,Yusuf Kusuma,yusuf.kusuma312@email.com,088951986696,M,1987-02-15,2023-05-18,7,Jl. Gajah Mada No. 112,Gold,4,3153461,Semarang
1653,Oki Wibowo,oki.wibowo502@email.com,084228131382,M,2000-07-08,2022-08-14,2,Jl. Pahlawan No. 56,Bronze,4,4197214,Bogor
1654,Maya Siregar,maya.siregar777@email.com,086079690890,F,1986-06-19,2025-07-21,20,Jl. Mawar No. 97,Gold,6,9166627,Palangkaraya
1655,Citra Hidayat,citra.hidayat992@email.com,082388890968,F,1966-04-28,2022-04-03,20,Jl. Thamrin No. 191,Gold,3,2291802,Palangkaraya
1656,Citra Susanto,citra.susanto262@email.com,087010077437,F,1982-05-22,2023-03-03,24,Jl. Thamrin No. 47,Silver,4,3055323,Denpasar
1657,Wawan Santoso,wawan.santoso259@email.com,089268462472,M,1980-04-03,2024-08-18,10,Jl. Ahmad Yani No. 97,Silver,2,2447452,Malang
1658,Nanda Ramadhan,nanda.ramadhan367@email.com,081398551461,M,2002-04-05,2023-08-22,16,Jl. Ahmad Yani No. 179,Silver,3,1687043,Lampung
1659,Rina Sari,rina.sari138@email.com,085329658747,F,1985-04-03,2025-04-22,15,Jl. Merdeka No. 150,Bronze,3,4724777,Banda Aceh
1660,Rudi Nugroho,rudi.nugroho199@email.com,089812274410,M,1992-02-17,2024-06-10,21,Jl. Melati No. 96,Silver,2,2508716,Makassar
1661,Eko Susanto,eko.susanto320@email.com,085657066246,M,1995-04-03,2025-01-02,23,Jl. Sudirman No. 17,Bronze,2,1512693,Palu
1662,Putri Sari,putri.sari16@email.com,083355803910,F,2005-02-26,2022-12-16,14,Jl. Melati No. 117,Bronze,6,8635500,Pekanbaru
1663,Rina Pratama,rina.pratama466@email.com,084603260804,F,1973-06-25,2023-09-09,14,Jl. Pahlawan No. 165,Silver,4,3670639,Pekanbaru
1664,Fajar Wibowo,fajar.wibowo251@email.com,084098758876,M,2002-11-07,2026-08-11,14,Jl. Gajah Mada No. 68,Bronze,2,1229604,Pekanbaru
1665,Ahmad Saputra,ahmad.saputra190@email.com,089342462477,M,1976-04-02,2022-04-19,2,Jl. Merdeka No. 173,Bronze,3,4512320,Bogor
1666,Hadi Hidayat,hadi.hidayat158@email.com,085412256411,M,1971-05-26,2022-07-15,24,Jl. Pahlawan No. 123,Bronze,6,7379504,Denpasar
1667,Citra Hidayat,citra.hidayat20@email.com,088988279593,F,2002-10-05,2026-02-21,11,Jl. Pahlawan No. 64,Bronze,5,4859172,Medan
1668,Fajar Kusuma,fajar.kusuma328@email.com,081560457603,M,1982-01-02,2022-10-07,28,Jl. Thamrin No. 13,Bronze,3,1551045,Ambon
1669,Ahmad Wijaya,ahmad.wijaya78@email.com,086187180392,M,2004-01-28,2026-02-22,22,Jl. Melati No. 79,Bronze,6,7656912,Manado
1670,Irfan Putri,irfan.putri388@email.com,081922031768,M,1988-03-17,2022-12-23,21,Jl. Diponegoro No. 188,Silver,1,185454,Makassar
1671,Nina Ramadhan,nina.ramadhan191@email.com,087445016325,F,1973-04-10,2023-11-14,10,Jl. Ahmad Yani No. 198,Gold,6,4447867,Malang
1672,Nina Utami,nina.utami441@email.com,082844253694,F,1981-10-17,2022-12-21,1,Jl. Ahmad Yani No. 45,Silver,4,2770315,Jakarta
1673,Hani Saputra,hani.saputra641@email.com,084525930958,F,2005-11-16,2024-07-18,25,Jl. Ahmad Yani No. 170,Silver,3,5592895,Mataram
1674,Fitri Lestari,fitri.lestari855@email.com,084326009933,F,1979-06-13,2026-08-28,16,Jl. Gajah Mada No. 177,Bronze,2,1607410,Lampung
1675,Maya Pratama,maya.pratama500@email.com,085972309634,F,2001-02-09,2023-11-12,27,Jl. Diponegoro No. 164,Silver,4,4969903,Jayapura
1676,Nina Hidayat,nina.hidayat256@email.com,082592874896,F,1995-06-08,2023-06-30,4,Jl. Ahmad Yani No. 114,Silver,1,938487,Tangerang
1677,Maya Saputra,maya.saputra575@email.com,089271820759,F,1979-06-07,2023-10-13,24,Jl. Thamrin No. 196,Silver,4,6047949,Denpasar
1678,Hani Kusuma,hani.kusuma155@email.com,082279085185,F,1989-08-19,2023-02-19,10,Jl. Gajah Mada No. 122,Bronze,4,2641506,Malang
1679,Nina Putri,nina.putri278@email.com,088126848017,F,2000-04-11,2025-07-04,24,Jl. Pahlawan No. 141,Bronze,2,5298803,Denpasar
1680,Hani Ramadhan,hani.ramadhan749@email.com,083312409986,F,1991-02-13,2022-02-23,19,Jl. Ahmad Yani No. 145,Bronze,2,1168700,Samarinda
1681,Yusuf Lestari,yusuf.lestari426@email.com,085708063733,M,1999-11-03,2026-04-04,25,Jl. Diponegoro No. 173,Gold,3,3580298,Mataram
1682,Eko Saputra,eko.saputra712@email.com,082983865329,M,1997-11-07,2026-05-20,29,Jl. Merdeka No. 63,Bronze,1,60278,Sorong
1683,Sandi Kusuma,sandi.kusuma794@email.com,085704787996,M,1995-12-06,2022-05-01,13,Jl. Melati No. 158,Bronze,3,1532117,Padang
1684,Sari Siregar,sari.siregar750@email.com,081893380803,F,2000-03-13,2022-02-09,23,Jl. Thamrin No. 32,Platinum,6,10885886,Palu
1685,Gita Lestari,gita.lestari332@email.com,088054244472,F,1993-07-06,2023-09-02,25,Jl. Thamrin No. 192,Silver,6,8220844,Mataram
1686,Oki Wibowo,oki.wibowo940@email.com,084504455827,M,1987-07-07,2023-08-31,23,Jl. Kenanga No. 28,Bronze,5,8691181,Palu
1687,Ani Putri,ani.putri867@email.com,083855911777,F,2001-05-17,2026-08-08,13,Jl. Sudirman No. 47,Silver,4,5203366,Padang
1688,Juli Lestari,juli.lestari689@email.com,085404810295,F,2004-07-15,2022-07-01,15,Jl. Melati No. 58,Bronze,5,4068344,Banda Aceh
1689,Yusuf Wijaya,yusuf.wijaya359@email.com,083453367814,M,1989-02-06,2022-08-03,2,Jl. Sudirman No. 103,Silver,4,3945797,Bogor
1690,Wawan Lestari,wawan.lestari773@email.com,081349197256,M,2002-01-25,2026-02-06,9,Jl. Diponegoro No. 60,Bronze,5,6719721,Surabaya
1691,Gita Nugroho,gita.nugroho211@email.com,084412634618,F,1995-11-26,2024-05-08,22,Jl. Ahmad Yani No. 12,Gold,5,7078276,Manado
1692,Citra Susanto,citra.susanto222@email.com,081161908393,F,1992-08-20,2022-05-26,2,Jl. Ahmad Yani No. 140,Bronze,7,7287451,Bogor
1693,Ani Hidayat,ani.hidayat86@email.com,084314250445,F,2002-11-22,2025-09-02,19,Jl. Merdeka No. 80,Silver,8,12237454,Samarinda
1694,Budi Kusuma,budi.kusuma414@email.com,085291753817,M,1991-07-04,2025-02-24,17,Jl. Sudirman No. 159,Silver,4,3079487,Pontianak
1695,Lukman Kusuma,lukman.kusuma917@email.com,086708555365,M,1977-05-17,2026-04-26,4,Jl. Melati No. 67,Gold,3,4647783,Tangerang
1696,Irfan Pratama,irfan.pratama490@email.com,083883210756,M,1992-01-23,2022-06-02,7,Jl. Mawar No. 152,Bronze,3,1265462,Semarang
1697,Bella Wijaya,bella.wijaya719@email.com,084795718896,F,1995-02-28,2026-06-01,11,Jl. Mawar No. 30,Bronze,5,9068825,Medan
1698,Eko Lestari,eko.lestari928@email.com,084725590860,M,1966-03-10,2023-09-26,22,Jl. Thamrin No. 134,Silver,7,18893706,Manado
1699,Lukman Wijaya,lukman.wijaya648@email.com,086579480153,M,1999-08-28,2022-09-29,4,Jl. Thamrin No. 125,Gold,3,492436,Tangerang
1700,Yusuf Putri,yusuf.putri390@email.com,082841266620,M,1997-06-16,2024-09-02,14,Jl. Kenanga No. 19,Bronze,4,9080376,Pekanbaru
1701,Budi Siregar,budi.siregar674@email.com,089529261412,M,1984-10-04,2024-10-19,21,Jl. Sudirman No. 148,Platinum,6,5937268,Makassar
1702,Joko Ramadhan,joko.ramadhan78@email.com,084049368780,M,1987-05-02,2022-09-01,5,Jl. Sudirman No. 86,Bronze,6,11661675,Bekasi
1703,Pandu Lestari,pandu.lestari417@email.com,087648040334,M,1976-07-03,2024-06-06,22,Jl. Gajah Mada No. 87,Bronze,3,818102,Manado
1704,Fitri Utami,fitri.utami143@email.com,088013666930,F,1984-02-01,2024-10-14,21,Jl. Ahmad Yani No. 125,Silver,3,4009355,Makassar
1705,Rudi Lestari,rudi.lestari539@email.com,086836379694,M,2004-05-17,2025-05-08,18,Jl. Pahlawan No. 155,Bronze,4,5170309,Banjarmasin
1706,Budi Santoso,budi.santoso749@email.com,086758404906,M,2002-11-23,2022-08-06,12,Jl. Mawar No. 90,Gold,4,6599750,Palembang
1707,Gita Pratama,gita.pratama873@email.com,085254263850,F,1997-05-05,2026-05-13,12,Jl. Mawar No. 164,Silver,6,10477634,Palembang
1708,Eka Saputra,eka.saputra376@email.com,085406165428,F,2006-06-13,2022-09-30,13,Jl. Pahlawan No. 3,Bronze,2,1312379,Padang
1709,Dedi Hidayat,dedi.hidayat228@email.com,088810019121,M,1982-02-27,2025-09-01,28,Jl. Melati No. 166,Platinum,5,7726035,Ambon
1710,Fitri Hidayat,fitri.hidayat828@email.com,081022110961,F,1997-08-25,2026-06-01,2,Jl. Pahlawan No. 105,Silver,2,1646534,Bogor
1711,Kurnia Utami,kurnia.utami145@email.com,085328071503,M,1996-03-18,2022-07-25,25,Jl. Pahlawan No. 44,Bronze,5,13508098,Mataram
1712,Eko Pratama,eko.pratama147@email.com,083371741913,M,1975-03-08,2026-06-12,28,Jl. Thamrin No. 45,Silver,5,1225024,Ambon
1713,Ani Sari,ani.sari198@email.com,087852600891,F,1985-03-17,2024-08-22,9,Jl. Merdeka No. 1,Bronze,6,12031377,Surabaya
1714,Umar Hidayat,umar.hidayat912@email.com,084357613488,M,1972-04-12,2025-05-24,15,Jl. Sudirman No. 64,Bronze,3,2698808,Banda Aceh
1715,Maman Putri,maman.putri785@email.com,083542829706,M,1993-03-06,2026-05-16,11,Jl. Merdeka No. 112,Bronze,6,2559638,Medan
1716,Putri Sari,putri.sari30@email.com,083321212528,F,1994-09-08,2025-05-11,2,Jl. Sudirman No. 7,Gold,5,7994082,Bogor
1717,Yusuf Hidayat,yusuf.hidayat80@email.com,087928917961,M,1986-04-10,2025-12-29,28,Jl. Thamrin No. 196,Silver,2,4356085,Ambon
1718,Kurnia Hidayat,kurnia.hidayat751@email.com,081156391160,M,1991-08-10,2025-02-12,16,Jl. Sudirman No. 165,Silver,5,9353900,Lampung
1719,Ahmad Saputra,ahmad.saputra658@email.com,089697040266,M,1987-08-18,2026-03-29,8,Jl. Diponegoro No. 119,Silver,3,5487805,Yogyakarta
1720,Fajar Wijaya,fajar.wijaya456@email.com,088389476592,M,2004-12-23,2026-08-15,8,Jl. Kenanga No. 148,Bronze,4,4111250,Yogyakarta
1721,Sari Pratama,sari.pratama314@email.com,089679509861,F,1988-10-19,2024-10-06,12,Jl. Ahmad Yani No. 48,Silver,4,4687057,Palembang
1722,Pandu Lestari,pandu.lestari306@email.com,087628087488,M,2005-01-23,2025-03-06,14,Jl. Merdeka No. 97,Bronze,7,7267684,Pekanbaru
1723,Oki Pratama,oki.pratama775@email.com,086469075740,M,1980-04-15,2024-07-30,14,Jl. Mawar No. 12,Bronze,6,5773765,Pekanbaru
1724,Eka Nugroho,eka.nugroho574@email.com,085591801596,F,1979-07-22,2022-07-10,14,Jl. Kenanga No. 142,Bronze,3,3232604,Pekanbaru
1725,Hani Ramadhan,hani.ramadhan741@email.com,083636167678,F,1982-04-16,2024-11-14,1,Jl. Kenanga No. 102,Bronze,3,1896263,Jakarta
1726,Oktavia Utami,oktavia.utami898@email.com,084485761415,F,1976-06-26,2024-10-18,27,Jl. Melati No. 73,Silver,6,5645950,Jayapura
1727,Fajar Siregar,fajar.siregar5@email.com,084293348119,M,1978-05-17,2022-12-23,9,Jl. Ahmad Yani No. 21,Bronze,3,2068874,Surabaya
1728,Lukman Wijaya,lukman.wijaya408@email.com,083578494751,M,1986-04-28,2023-11-09,24,Jl. Gajah Mada No. 137,Bronze,5,3914987,Denpasar
1729,Juli Wibowo,juli.wibowo511@email.com,082627035121,F,1989-03-27,2022-02-28,19,Jl. Thamrin No. 72,Bronze,4,11032710,Samarinda
1730,Bella Putri,bella.putri636@email.com,088708728501,F,1979-11-05,2023-03-13,25,Jl. Kenanga No. 75,Bronze,1,167682,Mataram
1731,Dedi Pratama,dedi.pratama232@email.com,085492922930,M,1973-09-13,2025-01-06,21,Jl. Merdeka No. 36,Silver,2,3715905,Makassar
1732,Fitri Siregar,fitri.siregar454@email.com,081678311205,F,2004-10-03,2025-11-14,29,Jl. Mawar No. 76,Platinum,5,7088053,Sorong
1733,Fajar Santoso,fajar.santoso950@email.com,084303253485,M,1991-08-18,2022-06-28,10,Jl. Sudirman No. 92,Silver,4,8613700,Malang
1734,Oki Saputra,oki.saputra227@email.com,085235707397,M,1995-01-13,2023-03-06,20,Jl. Gajah Mada No. 193,Bronze,6,10875410,Palangkaraya
1735,Eko Wibowo,eko.wibowo310@email.com,082538851607,M,1975-09-02,2025-04-15,8,Jl. Thamrin No. 39,Bronze,5,4702563,Yogyakarta
1736,Wawan Santoso,wawan.santoso217@email.com,086264311022,M,1980-11-08,2025-03-26,4,Jl. Kenanga No. 125,Bronze,0,0,Tangerang
1737,Ahmad Santoso,ahmad.santoso664@email.com,086762092117,M,1976-12-19,2022-02-14,21,Jl. Sudirman No. 97,Bronze,3,7874739,Makassar
1738,Maya Susanto,maya.susanto66@email.com,086877517651,F,1982-12-16,2025-10-18,23,Jl. Kenanga No. 80,Bronze,3,3003084,Palu
1739,Tika Lestari,tika.lestari813@email.com,088643478669,F,1979-01-10,2022-10-20,26,Jl. Diponegoro No. 35,Silver,7,7585396,Kupang
1740,Oki Ramadhan,oki.ramadhan78@email.com,086518448096,M,1994-09-25,2024-08-17,21,Jl. Pahlawan No. 75,Bronze,1,1078936,Makassar
1741,Hani Nugroho,hani.nugroho968@email.com,088545986937,F,1972-10-10,2026-05-22,1,Jl. Diponegoro No. 174,Silver,3,2101015,Jakarta
1742,Dedi Ramadhan,dedi.ramadhan439@email.com,082460208715,M,1992-07-23,2024-10-18,15,Jl. Gajah Mada No. 46,Silver,4,9698047,Banda Aceh
1743,Citra Kusuma,citra.kusuma89@email.com,088078118958,F,2001-03-18,2026-05-25,1,Jl. Mawar No. 141,Bronze,4,2554763,Jakarta
1744,Yusuf Santoso,yusuf.santoso117@email.com,086973404391,M,1980-02-22,2022-09-28,5,Jl. Melati No. 175,Gold,9,13729757,Bekasi
1745,Oki Ramadhan,oki.ramadhan344@email.com,082056881682,M,2005-07-07,2024-09-05,27,Jl. Thamrin No. 51,Silver,8,6510244,Jayapura
1746,Umar Pratama,umar.pratama839@email.com,088389326831,M,1969-03-13,2022-11-15,19,Jl. Melati No. 95,Bronze,3,1841110,Samarinda
1747,Citra Wijaya,citra.wijaya23@email.com,081171980779,F,2003-05-07,2022-11-08,10,Jl. Diponegoro No. 117,Gold,3,1681393,Malang
1748,Wawan Utami,wawan.utami715@email.com,081314175063,M,1974-04-23,2025-03-02,18,Jl. Thamrin No. 67,Bronze,5,9581499,Banjarmasin
1749,Maya Lestari,maya.lestari265@email.com,085738557978,F,1995-09-23,2022-09-17,7,Jl. Melati No. 52,Gold,5,7729457,Semarang
1750,Nina Pratama,nina.pratama143@email.com,081177142167,F,1986-04-17,2022-05-27,19,Jl. Sudirman No. 200,Bronze,4,4819857,Samarinda
1751,Oki Utami,oki.utami189@email.com,087146452895,M,1992-07-10,2022-12-02,12,Jl. Diponegoro No. 95,Bronze,6,10035375,Palembang
1752,Sandi Kusuma,sandi.kusuma932@email.com,086364015307,M,1987-04-26,2023-10-10,9,Jl. Gajah Mada No. 173,Bronze,4,8315835,Surabaya
1753,Wulan Nugroho,wulan.nugroho301@email.com,087823331131,F,1998-08-17,2023-06-17,14,Jl. Thamrin No. 43,Bronze,10,13974094,Pekanbaru
1754,Lina Wibowo,lina.wibowo142@email.com,082352491308,F,1984-07-21,2022-02-14,4,Jl. Pahlawan No. 149,Bronze,2,2168550,Tangerang
1755,Kartika Saputra,kartika.saputra689@email.com,083113940020,F,1972-03-27,2023-11-15,18,Jl. Kenanga No. 60,Silver,3,1431987,Banjarmasin
1756,Yusuf Nugroho,yusuf.nugroho899@email.com,081594780135,M,1978-05-22,2026-05-12,19,Jl. Thamrin No. 148,Bronze,2,2216974,Samarinda
1757,Lina Siregar,lina.siregar915@email.com,087414223131,F,1974-04-10,2023-01-17,1,Jl. Melati No. 177,Gold,5,8277530,Jakarta
1758,Lukman Siregar,lukman.siregar899@email.com,085883121540,M,2001-08-28,2024-10-06,12,Jl. Sudirman No. 134,Bronze,4,6001198,Palembang
1759,Rudi Santoso,rudi.santoso138@email.com,085697007311,M,2006-10-17,2023-04-17,7,Jl. Mawar No. 143,Silver,6,8103136,Semarang
1760,Joko Putri,joko.putri949@email.com,088315017360,M,1974-12-02,2025-08-14,15,Jl. Gajah Mada No. 17,Silver,5,6859836,Banda Aceh
1761,Putri Saputra,putri.saputra202@email.com,087529295309,F,1993-01-13,2026-02-03,25,Jl. Diponegoro No. 2,Bronze,3,2518441,Mataram
1762,Fajar Santoso,fajar.santoso941@email.com,082152862731,M,1998-05-17,2022-04-11,27,Jl. Pahlawan No. 65,Silver,4,8832141,Jayapura
1763,Irfan Utami,irfan.utami391@email.com,087036454899,M,1993-11-19,2024-05-16,7,Jl. Sudirman No. 179,Bronze,1,2087872,Semarang
1764,Maman Ramadhan,maman.ramadhan898@email.com,081571577634,M,2003-05-14,2023-06-03,22,Jl. Melati No. 95,Gold,6,9076166,Manado
1765,Tika Susanto,tika.susanto268@email.com,087964854842,F,1972-04-05,2022-04-17,27,Jl. Sudirman No. 145,Gold,3,896970,Jayapura
1766,Bella Wibowo,bella.wibowo299@email.com,082681498779,F,1969-02-11,2022-01-02,21,Jl. Mawar No. 89,Silver,8,14209535,Makassar
1767,Umar Siregar,umar.siregar591@email.com,085448393478,M,1998-12-17,2023-03-20,2,Jl. Ahmad Yani No. 164,Bronze,3,3790972,Bogor
1768,Bella Hidayat,bella.hidayat916@email.com,087480981912,F,1987-07-13,2022-05-11,8,Jl. Sudirman No. 176,Bronze,5,7990204,Yogyakarta
1769,Gita Sari,gita.sari662@email.com,086228012361,F,1971-05-17,2025-09-02,21,Jl. Ahmad Yani No. 118,Bronze,2,1904699,Makassar
1770,Irfan Santoso,irfan.santoso529@email.com,089295286514,M,1965-02-13,2025-08-02,20,Jl. Pahlawan No. 73,Bronze,4,4322893,Palangkaraya
1771,Oktavia Sari,oktavia.sari159@email.com,089111377542,F,1970-10-02,2022-03-15,9,Jl. Sudirman No. 104,Gold,5,6142329,Surabaya
1772,Sandi Susanto,sandi.susanto529@email.com,089280022678,M,1970-02-12,2024-06-11,4,Jl. Pahlawan No. 133,Platinum,3,4802131,Tangerang
1773,Dedi Lestari,dedi.lestari594@email.com,083239036316,M,1989-08-12,2024-08-20,19,Jl. Diponegoro No. 41,Bronze,4,3989848,Samarinda
1774,Bella Susanto,bella.susanto384@email.com,086109255798,F,1986-09-07,2022-02-27,11,Jl. Gajah Mada No. 165,Silver,5,4257006,Medan
1775,Nina Pratama,nina.pratama253@email.com,083186910855,F,1974-09-12,2025-12-16,15,Jl. Ahmad Yani No. 41,Bronze,3,3770266,Banda Aceh
1776,Eko Nugroho,eko.nugroho45@email.com,089875703831,M,1995-06-18,2026-05-10,29,Jl. Gajah Mada No. 139,Gold,4,10089413,Sorong
1777,Nina Sari,nina.sari896@email.com,084334474378,F,1978-01-27,2025-05-23,16,Jl. Merdeka No. 39,Silver,2,2516982,Lampung
1778,Gita Kusuma,gita.kusuma773@email.com,086945302696,F,1994-03-16,2026-08-19,29,Jl. Kenanga No. 144,Gold,6,7256645,Sorong
1779,Kurnia Pratama,kurnia.pratama63@email.com,086001946908,M,1988-12-23,2025-07-30,3,Jl. Thamrin No. 133,Bronze,3,3978267,Depok
1780,Nina Wijaya,nina.wijaya196@email.com,089622808555,F,1999-08-27,2022-01-10,8,Jl. Kenanga No. 121,Bronze,6,9117448,Yogyakarta
1781,Rudi Utami,rudi.utami171@email.com,089375749079,M,2000-12-28,2023-04-04,27,Jl. Mawar No. 121,Bronze,3,7382422,Jayapura
1782,Eko Siregar,eko.siregar132@email.com,082674762035,M,1983-03-11,2024-10-23,25,Jl. Merdeka No. 200,Silver,9,10450752,Mataram
1783,Rudi Siregar,rudi.siregar145@email.com,082196827278,M,1969-01-27,2022-10-27,3,Jl. Diponegoro No. 76,Silver,3,2523824,Depok
1784,Gita Siregar,gita.siregar496@email.com,083017135943,F,1987-12-22,2022-04-17,22,Jl. Kenanga No. 183,Gold,7,4263555,Manado
1785,Wawan Lestari,wawan.lestari727@email.com,087914527549,M,1971-07-12,2024-08-30,21,Jl. Gajah Mada No. 198,Bronze,3,3236854,Makassar
1786,Nina Hidayat,nina.hidayat387@email.com,082007293126,F,2004-12-22,2025-05-28,2,Jl. Ahmad Yani No. 200,Bronze,5,5542727,Bogor
1787,Yusuf Susanto,yusuf.susanto691@email.com,088355760638,M,1975-05-05,2022-11-08,12,Jl. Diponegoro No. 200,Bronze,1,833702,Palembang
1788,Hadi Kusuma,hadi.kusuma265@email.com,085352026782,M,2002-02-25,2022-06-30,27,Jl. Merdeka No. 93,Silver,3,1799780,Jayapura
1789,Hani Saputra,hani.saputra808@email.com,081490869240,F,1972-06-16,2026-04-11,2,Jl. Gajah Mada No. 10,Silver,3,1883535,Bogor
1790,Budi Wijaya,budi.wijaya32@email.com,083164317192,M,1974-07-01,2025-12-22,13,Jl. Thamrin No. 103,Bronze,2,472994,Padang
1791,Kurnia Wibowo,kurnia.wibowo570@email.com,081873201611,M,2003-08-28,2023-11-20,15,Jl. Gajah Mada No. 74,Silver,0,0,Banda Aceh
1792,Nanda Nugroho,nanda.nugroho291@email.com,087745052966,M,2003-03-04,2022-07-02,29,Jl. Mawar No. 146,Bronze,2,2319619,Sorong
1793,Maya Putri,maya.putri397@email.com,088958848294,F,1997-07-21,2025-12-26,29,Jl. Diponegoro No. 40,Bronze,4,9400522,Sorong
1794,Dedi Nugroho,dedi.nugroho150@email.com,085904796921,M,1991-07-12,2022-10-12,23,Jl. Pahlawan No. 138,Bronze,4,2117992,Palu
1795,Sandi Ramadhan,sandi.ramadhan36@email.com,083825353937,M,1965-01-26,2023-08-18,5,Jl. Merdeka No. 140,Bronze,3,7984400,Bekasi
1796,Dedi Hidayat,dedi.hidayat89@email.com,083530716161,M,1989-01-11,2026-03-09,22,Jl. Melati No. 197,Bronze,1,185454,Manado
1797,Fajar Nugroho,fajar.nugroho748@email.com,084115960020,M,1990-11-07,2022-08-23,29,Jl. Diponegoro No. 82,Gold,3,1836391,Sorong
1798,Oki Lestari,oki.lestari929@email.com,081250020376,M,1977-01-03,2026-04-11,23,Jl. Merdeka No. 151,Bronze,3,6060652,Palu
1799,Dedi Sari,dedi.sari829@email.com,089334437368,M,1972-12-01,2024-12-03,15,Jl. Melati No. 12,Bronze,7,6662242,Banda Aceh
1800,Maman Susanto,maman.susanto775@email.com,083933217062,M,1986-09-20,2022-05-13,9,Jl. Kenanga No. 190,Bronze,6,7193502,Surabaya
1801,Hani Ramadhan,hani.ramadhan789@email.com,087088048157,F,1992-02-08,2024-05-04,15,Jl. Thamrin No. 137,Gold,3,5739465,Banda Aceh
1802,Teguh Utami,teguh.utami651@email.com,085581784456,M,1973-03-22,2022-06-18,26,Jl. Kenanga No. 78,Silver,7,11453244,Kupang
1803,Oktavia Wibowo,oktavia.wibowo884@email.com,085285799177,F,1979-02-27,2023-12-13,1,Jl. Merdeka No. 90,Silver,1,1093936,Jakarta
1804,Joko Santoso,joko.santoso620@email.com,087458935790,M,1992-08-07,2025-06-09,28,Jl. Thamrin No. 25,Silver,1,460632,Ambon
1805,Lukman Kusuma,lukman.kusuma418@email.com,084128768918,M,2003-04-16,2024-05-14,22,Jl. Pahlawan No. 125,Bronze,3,7802992,Manado
1806,Teguh Nugroho,teguh.nugroho556@email.com,086225875616,M,1973-11-17,2024-03-26,16,Jl. Diponegoro No. 111,Silver,4,9106643,Lampung
1807,Ani Wijaya,ani.wijaya471@email.com,089264884678,F,1990-11-06,2025-09-02,24,Jl. Thamrin No. 152,Bronze,4,4843920,Denpasar
1808,Nina Saputra,nina.saputra717@email.com,083954020838,F,1997-01-19,2024-11-20,15,Jl. Mawar No. 165,Bronze,3,6352547,Banda Aceh
1809,Kartika Kusuma,kartika.kusuma914@email.com,085297869651,F,2006-10-22,2025-02-01,6,Jl. Ahmad Yani No. 149,Silver,5,6805507,Bandung
1810,Tika Sari,tika.sari489@email.com,087357720900,F,1985-06-20,2022-10-05,4,Jl. Thamrin No. 112,Bronze,1,556816,Tangerang
1811,Maya Hidayat,maya.hidayat983@email.com,085400781301,F,1977-09-12,2025-01-29,1,Jl. Merdeka No. 19,Gold,4,7125540,Jakarta
1812,Dewi Utami,dewi.utami565@email.com,083502730449,F,1989-06-16,2022-08-12,15,Jl. Kenanga No. 18,Platinum,4,5933700,Banda Aceh
1813,Wawan Wibowo,wawan.wibowo546@email.com,082895803682,M,1987-02-18,2024-03-22,12,Jl. Sudirman No. 79,Silver,5,7861378,Palembang
1814,Budi Wibowo,budi.wibowo618@email.com,086083676509,M,1967-01-23,2024-01-10,21,Jl. Ahmad Yani No. 153,Silver,5,8815851,Makassar
1815,Teguh Nugroho,teguh.nugroho51@email.com,083690622447,M,1987-11-15,2024-10-03,18,Jl. Merdeka No. 199,Bronze,5,4170075,Banjarmasin
1816,Ahmad Wijaya,ahmad.wijaya14@email.com,089863987260,M,1974-06-21,2026-02-06,4,Jl. Melati No. 101,Gold,4,2407657,Tangerang
1817,Sandi Hidayat,sandi.hidayat659@email.com,087875068995,M,1966-07-22,2025-03-16,6,Jl. Thamrin No. 47,Bronze,4,9947428,Bandung
1818,Pandu Lestari,pandu.lestari17@email.com,082651164873,M,1972-11-18,2026-08-09,7,Jl. Merdeka No. 4,Silver,6,10994251,Semarang
1819,Gita Santoso,gita.santoso667@email.com,088346909445,F,1981-03-13,2026-07-22,5,Jl. Thamrin No. 67,Silver,2,4711547,Bekasi
1820,Lina Putri,lina.putri715@email.com,088769477561,F,2005-05-01,2026-06-12,16,Jl. Mawar No. 177,Bronze,4,6212986,Lampung
1821,Juli Saputra,juli.saputra796@email.com,089196159879,F,1988-07-22,2025-05-08,22,Jl. Ahmad Yani No. 13,Silver,3,5707038,Manado
1822,Gita Pratama,gita.pratama261@email.com,085576646185,F,1981-06-08,2023-09-15,21,Jl. Pahlawan No. 168,Bronze,4,6834919,Makassar
1823,Lina Siregar,lina.siregar894@email.com,083123961937,F,1977-11-24,2024-11-18,28,Jl. Pahlawan No. 101,Gold,3,4877529,Ambon
1824,Hani Kusuma,hani.kusuma538@email.com,083022927661,F,1994-08-12,2025-09-19,1,Jl. Melati No. 156,Bronze,3,3190070,Jakarta
1825,Pandu Utami,pandu.utami850@email.com,088081661918,M,2000-04-22,2025-06-03,26,Jl. Ahmad Yani No. 63,Gold,3,2949887,Kupang
1826,Wulan Susanto,wulan.susanto782@email.com,086607516082,F,1967-06-01,2025-01-01,11,Jl. Merdeka No. 93,Platinum,3,3041080,Medan
1827,Yusuf Kusuma,yusuf.kusuma751@email.com,084533605888,M,1990-08-06,2023-07-06,18,Jl. Merdeka No. 118,Bronze,5,4174601,Banjarmasin
1828,Yusuf Utami,yusuf.utami458@email.com,088465958999,M,1967-12-15,2025-03-07,7,Jl. Thamrin No. 152,Bronze,4,7380347,Semarang
1829,Ani Putri,ani.putri344@email.com,082508238338,F,1969-07-05,2022-02-28,18,Jl. Gajah Mada No. 10,Silver,1,3755958,Banjarmasin
1830,Lukman Pratama,lukman.pratama320@email.com,086195698079,M,1976-09-04,2025-09-09,1,Jl. Diponegoro No. 17,Bronze,5,8948203,Jakarta
1831,Wulan Hidayat,wulan.hidayat504@email.com,082419966653,F,1979-04-25,2025-11-01,25,Jl. Sudirman No. 185,Silver,5,5836038,Mataram
1832,Eko Kusuma,eko.kusuma282@email.com,086011667728,M,1987-10-01,2025-09-07,8,Jl. Gajah Mada No. 48,Gold,1,5511630,Yogyakarta
1833,Eka Sari,eka.sari684@email.com,082477236888,F,1989-03-26,2025-10-15,14,Jl. Merdeka No. 135,Bronze,4,5036196,Pekanbaru
1834,Teguh Putri,teguh.putri351@email.com,085099803681,M,1987-06-10,2026-01-04,18,Jl. Ahmad Yani No. 162,Silver,5,7200227,Banjarmasin
1835,Yusuf Wibowo,yusuf.wibowo97@email.com,085631660384,M,2002-04-11,2022-06-15,21,Jl. Ahmad Yani No. 89,Gold,5,6384639,Makassar
1836,Hani Susanto,hani.susanto486@email.com,084630110926,F,1967-07-05,2025-12-01,15,Jl. Pahlawan No. 117,Bronze,2,1634932,Banda Aceh
1837,Indah Saputra,indah.saputra851@email.com,087337772725,F,1970-11-11,2022-10-15,4,Jl. Pahlawan No. 185,Silver,2,1392542,Tangerang
1838,Pandu Hidayat,pandu.hidayat527@email.com,088108182561,M,1976-07-01,2022-07-27,29,Jl. Pahlawan No. 41,Bronze,4,3674269,Sorong
1839,Pandu Lestari,pandu.lestari21@email.com,085611736782,M,2003-07-08,2022-06-21,8,Jl. Mawar No. 16,Bronze,3,2408418,Yogyakarta
1840,Maman Susanto,maman.susanto940@email.com,084525691379,M,2002-09-05,2026-08-10,20,Jl. Pahlawan No. 113,Bronze,3,3069637,Palangkaraya
1841,Hadi Utami,hadi.utami544@email.com,085111442203,M,1979-09-18,2023-07-29,7,Jl. Ahmad Yani No. 129,Bronze,3,3893529,Semarang
1842,Lukman Ramadhan,lukman.ramadhan836@email.com,086335601740,M,1974-06-20,2022-04-28,5,Jl. Ahmad Yani No. 94,Bronze,5,3511101,Bekasi
1843,Umar Kusuma,umar.kusuma262@email.com,085864113265,M,1980-02-08,2026-01-19,26,Jl. Gajah Mada No. 197,Bronze,4,5854020,Kupang
1844,Oktavia Kusuma,oktavia.kusuma340@email.com,089694228701,F,1969-02-23,2025-06-02,20,Jl. Ahmad Yani No. 161,Bronze,3,4092258,Palangkaraya
1845,Teguh Wibowo,teguh.wibowo447@email.com,082599927545,M,2006-05-08,2023-02-20,23,Jl. Sudirman No. 10,Silver,1,464988,Palu
1846,Wawan Nugroho,wawan.nugroho17@email.com,082752347669,M,2006-02-11,2022-09-01,16,Jl. Kenanga No. 30,Gold,7,11063430,Lampung
1847,Wulan Kusuma,wulan.kusuma219@email.com,084681788096,F,1986-02-15,2026-05-22,13,Jl. Melati No. 29,Gold,6,6638610,Padang
1848,Yusuf Wijaya,yusuf.wijaya840@email.com,083656665437,M,1997-08-08,2022-04-20,24,Jl. Thamrin No. 26,Silver,4,4606199,Denpasar
1849,Oki Lestari,oki.lestari696@email.com,087272840144,M,1985-08-07,2022-06-04,29,Jl. Mawar No. 30,Silver,3,6475962,Sorong
1850,Eka Lestari,eka.lestari453@email.com,088058646999,F,1993-08-01,2025-10-29,17,Jl. Gajah Mada No. 153,Silver,8,17456592,Pontianak
1851,Nanda Wibowo,nanda.wibowo53@email.com,085244251497,M,1981-05-11,2022-04-26,7,Jl. Merdeka No. 34,Silver,4,5582259,Semarang
1852,Rina Putri,rina.putri909@email.com,089332803804,F,2000-10-02,2024-10-09,18,Jl. Gajah Mada No. 15,Bronze,3,2263239,Banjarmasin
1853,Rina Saputra,rina.saputra665@email.com,084346258017,F,1990-01-08,2026-04-09,15,Jl. Ahmad Yani No. 3,Silver,2,4879605,Banda Aceh
1854,Kurnia Saputra,kurnia.saputra305@email.com,083686217445,M,1994-11-12,2025-11-13,22,Jl. Melati No. 183,Silver,7,17670385,Manado
1855,Pandu Sari,pandu.sari851@email.com,085862600763,M,1967-02-08,2022-07-17,17,Jl. Thamrin No. 19,Bronze,3,3117065,Pontianak
1856,Dewi Putri,dewi.putri559@email.com,082333606165,F,1989-01-04,2023-07-30,8,Jl. Thamrin No. 1,Bronze,3,4767171,Yogyakarta
1857,Nanda Utami,nanda.utami202@email.com,082765552153,M,1967-09-24,2022-12-22,8,Jl. Pahlawan No. 3,Bronze,2,7127596,Yogyakarta
1858,Sandi Putri,sandi.putri768@email.com,088329064643,M,2003-01-15,2024-02-19,24,Jl. Mawar No. 110,Bronze,2,1508616,Denpasar
1859,Budi Santoso,budi.santoso735@email.com,085332913271,M,1970-05-23,2022-09-23,12,Jl. Sudirman No. 112,Bronze,1,1133385,Palembang
1860,Ani Utami,ani.utami107@email.com,081774397042,F,1999-10-11,2025-10-06,21,Jl. Mawar No. 2,Silver,4,4749526,Makassar
1861,Eko Siregar,eko.siregar818@email.com,088054836645,M,1970-10-09,2025-04-11,25,Jl. Gajah Mada No. 67,Gold,2,3151050,Mataram
1862,Wulan Nugroho,wulan.nugroho399@email.com,084533480711,F,1990-06-11,2025-06-17,5,Jl. Kenanga No. 48,Bronze,4,3160116,Bekasi
1863,Citra Putri,citra.putri692@email.com,082828183125,F,1972-12-25,2024-07-02,15,Jl. Kenanga No. 91,Bronze,5,3493698,Banda Aceh
1864,Oki Utami,oki.utami963@email.com,085403455616,M,1993-09-08,2024-02-21,27,Jl. Gajah Mada No. 127,Bronze,3,2986379,Jayapura
1865,Irfan Sari,irfan.sari843@email.com,085263841634,M,1995-12-10,2024-12-10,28,Jl. Thamrin No. 187,Bronze,4,4969702,Ambon
1866,Maya Wijaya,maya.wijaya507@email.com,082822195389,F,1990-07-06,2023-09-01,10,Jl. Diponegoro No. 1,Bronze,5,5890260,Malang
1867,Dedi Utami,dedi.utami179@email.com,085734196845,M,1971-11-10,2024-05-02,15,Jl. Thamrin No. 76,Silver,8,11766512,Banda Aceh
1868,Yusuf Saputra,yusuf.saputra269@email.com,083058138929,M,1991-04-14,2026-02-18,18,Jl. Ahmad Yani No. 100,Bronze,4,4504036,Banjarmasin
1869,Tika Sari,tika.sari565@email.com,085128714209,F,1966-04-13,2024-09-16,29,Jl. Merdeka No. 8,Bronze,2,4602910,Sorong
1870,Sandi Ramadhan,sandi.ramadhan233@email.com,085189867664,M,1979-07-24,2025-08-05,20,Jl. Thamrin No. 200,Platinum,5,12173442,Palangkaraya
1871,Hadi Nugroho,hadi.nugroho287@email.com,081276655738,M,1986-10-08,2024-02-25,2,Jl. Ahmad Yani No. 13,Bronze,9,8493803,Bogor
1872,Wawan Wijaya,wawan.wijaya526@email.com,085968754009,M,1993-03-05,2025-01-17,3,Jl. Mawar No. 32,Silver,4,3539570,Depok
1873,Dedi Sari,dedi.sari55@email.com,087358520704,M,2002-07-21,2024-07-03,4,Jl. Mawar No. 135,Silver,0,0,Tangerang
1874,Tika Nugroho,tika.nugroho640@email.com,083578129028,F,2002-10-15,2023-08-07,29,Jl. Gajah Mada No. 42,Gold,6,8222866,Sorong
1875,Eko Nugroho,eko.nugroho420@email.com,088690256784,M,1982-09-28,2022-08-15,4,Jl. Pahlawan No. 92,Silver,1,2351184,Tangerang
1876,Umar Lestari,umar.lestari79@email.com,083115340169,M,1971-01-14,2025-09-19,18,Jl. Gajah Mada No. 105,Gold,4,5011811,Banjarmasin
1877,Pandu Putri,pandu.putri979@email.com,086808509919,M,1975-10-15,2022-07-12,27,Jl. Thamrin No. 191,Gold,4,2898220,Jayapura
1878,Dewi Saputra,dewi.saputra500@email.com,083178049115,F,2003-07-07,2023-09-17,20,Jl. Sudirman No. 147,Gold,5,8498839,Palangkaraya
1879,Teguh Wibowo,teguh.wibowo909@email.com,083513618547,M,2002-11-19,2025-12-26,23,Jl. Pahlawan No. 136,Platinum,4,6898914,Palu
1880,Budi Wijaya,budi.wijaya79@email.com,087415614391,M,2006-01-16,2023-03-01,25,Jl. Diponegoro No. 175,Silver,5,3840286,Mataram
1881,Oki Putri,oki.putri822@email.com,084597372574,M,1977-07-04,2025-11-16,26,Jl. Sudirman No. 121,Silver,5,5882395,Kupang
1882,Indah Lestari,indah.lestari617@email.com,084585412129,F,1967-05-23,2026-03-25,2,Jl. Diponegoro No. 122,Silver,4,9032948,Bogor
1883,Juli Pratama,juli.pratama350@email.com,088279302094,F,1986-09-08,2026-05-10,17,Jl. Diponegoro No. 175,Silver,3,2779557,Pontianak
1884,Fajar Nugroho,fajar.nugroho158@email.com,082468989438,M,1978-10-21,2023-07-25,28,Jl. Mawar No. 70,Bronze,4,3280591,Ambon
1885,Maman Sari,maman.sari925@email.com,085016044910,M,2005-12-27,2022-05-17,29,Jl. Thamrin No. 181,Bronze,5,7836266,Sorong
1886,Eko Susanto,eko.susanto268@email.com,086832597803,M,1979-10-20,2024-03-20,18,Jl. Sudirman No. 54,Silver,3,7130825,Banjarmasin
1887,Kartika Putri,kartika.putri54@email.com,083590328042,F,1989-04-25,2023-10-05,4,Jl. Merdeka No. 198,Gold,4,3701159,Tangerang
1888,Rina Ramadhan,rina.ramadhan602@email.com,088136525544,F,2004-01-21,2023-11-23,24,Jl. Gajah Mada No. 149,Silver,3,1804644,Denpasar
1889,Kurnia Siregar,kurnia.siregar620@email.com,084720488171,M,2000-12-20,2022-03-07,24,Jl. Sudirman No. 118,Bronze,5,2069287,Denpasar
1890,Maman Ramadhan,maman.ramadhan66@email.com,081885604031,M,1991-07-17,2022-07-10,25,Jl. Kenanga No. 121,Bronze,4,5586284,Mataram
1891,Oktavia Santoso,oktavia.santoso673@email.com,089638060407,F,1973-02-16,2025-11-19,16,Jl. Thamrin No. 79,Bronze,2,1474167,Lampung
1892,Hadi Susanto,hadi.susanto538@email.com,084476252444,M,1971-12-20,2023-07-08,28,Jl. Pahlawan No. 173,Gold,3,3665920,Ambon
1893,Joko Saputra,joko.saputra103@email.com,086626423858,M,1965-02-18,2023-09-24,11,Jl. Ahmad Yani No. 44,Bronze,5,5354009,Medan
1894,Eka Ramadhan,eka.ramadhan251@email.com,088533105096,F,1975-12-09,2022-03-05,22,Jl. Merdeka No. 179,Silver,3,3952205,Manado
1895,Nina Pratama,nina.pratama528@email.com,086739635525,F,1972-11-24,2022-07-06,23,Jl. Ahmad Yani No. 3,Silver,5,6462863,Palu
1896,Dewi Hidayat,dewi.hidayat635@email.com,084035172964,F,1977-10-18,2023-12-21,16,Jl. Diponegoro No. 120,Bronze,3,8521289,Lampung
1897,Eka Hidayat,eka.hidayat639@email.com,089829604691,F,1970-11-21,2023-10-28,27,Jl. Thamrin No. 99,Gold,10,11438826,Jayapura
1898,Ahmad Ramadhan,ahmad.ramadhan274@email.com,085252346522,M,1989-06-20,2023-10-14,7,Jl. Merdeka No. 163,Platinum,1,1048512,Semarang
1899,Sandi Saputra,sandi.saputra960@email.com,089585544957,M,1992-10-22,2024-02-21,23,Jl. Kenanga No. 45,Silver,4,3344039,Palu
1900,Hani Putri,hani.putri96@email.com,084585285530,F,1970-10-09,2024-02-25,18,Jl. Melati No. 194,Bronze,1,3711305,Banjarmasin
1901,Yusuf Utami,yusuf.utami670@email.com,085934042475,M,1984-03-09,2026-05-24,8,Jl. Merdeka No. 97,Bronze,5,5904674,Yogyakarta
1902,Teguh Susanto,teguh.susanto826@email.com,083596341769,M,1991-04-07,2023-07-08,7,Jl. Diponegoro No. 66,Bronze,4,4018239,Semarang
1903,Dewi Susanto,dewi.susanto750@email.com,089750061667,F,1992-10-09,2024-02-20,17,Jl. Pahlawan No. 199,Gold,7,6128913,Pontianak
1904,Fitri Hidayat,fitri.hidayat967@email.com,086711316233,F,2000-03-13,2026-01-29,8,Jl. Merdeka No. 116,Bronze,2,2396481,Yogyakarta
1905,Ani Lestari,ani.lestari926@email.com,089541385123,F,1975-09-21,2023-12-13,28,Jl. Kenanga No. 70,Gold,8,10251474,Ambon
1906,Ani Putri,ani.putri335@email.com,086194888708,F,2003-07-10,2024-05-24,19,Jl. Kenanga No. 25,Gold,3,2580038,Samarinda
1907,Maya Pratama,maya.pratama563@email.com,083246412560,F,1994-02-26,2023-06-14,2,Jl. Merdeka No. 10,Silver,3,4102558,Bogor
1908,Indah Kusuma,indah.kusuma292@email.com,089430468809,F,1994-04-09,2024-11-07,18,Jl. Pahlawan No. 116,Silver,6,4165991,Banjarmasin
1909,Oktavia Santoso,oktavia.santoso874@email.com,088967658407,F,1971-08-23,2025-12-06,14,Jl. Kenanga No. 14,Bronze,2,2390293,Pekanbaru
1910,Wulan Nugroho,wulan.nugroho537@email.com,089355126557,F,1966-04-26,2022-06-15,3,Jl. Sudirman No. 87,Bronze,6,14547814,Depok
1911,Nina Saputra,nina.saputra79@email.com,087464712556,F,1965-11-11,2023-10-30,24,Jl. Merdeka No. 176,Bronze,3,5676432,Denpasar
1912,Juli Hidayat,juli.hidayat711@email.com,089441977143,F,1976-04-10,2026-01-21,19,Jl. Kenanga No. 164,Platinum,3,5042501,Samarinda
1913,Ani Siregar,ani.siregar801@email.com,087051440357,F,1966-11-11,2023-10-26,9,Jl. Kenanga No. 59,Bronze,7,11542289,Surabaya
1914,Bella Kusuma,bella.kusuma575@email.com,082866736710,F,1981-03-26,2025-12-29,27,Jl. Mawar No. 180,Silver,3,2541496,Jayapura
1915,Maman Utami,maman.utami134@email.com,082419222174,M,1984-01-28,2022-09-12,15,Jl. Diponegoro No. 138,Bronze,5,7961640,Banda Aceh
1916,Nina Susanto,nina.susanto809@email.com,089896358359,F,1989-05-17,2026-03-28,6,Jl. Pahlawan No. 195,Silver,5,5162340,Bandung
1917,Tika Putri,tika.putri54@email.com,088177634199,F,1991-09-28,2026-03-14,25,Jl. Diponegoro No. 83,Silver,5,10411380,Mataram
1918,Ahmad Susanto,ahmad.susanto783@email.com,085901855460,M,1966-02-28,2022-06-23,27,Jl. Melati No. 148,Bronze,4,12493894,Jayapura
1919,Citra Utami,citra.utami302@email.com,082584299520,F,1978-01-25,2025-08-21,20,Jl. Mawar No. 118,Bronze,1,1074326,Palangkaraya
1920,Putri Santoso,putri.santoso151@email.com,082814460577,F,1989-06-14,2023-03-19,29,Jl. Ahmad Yani No. 78,Silver,2,2150503,Sorong
1921,Yusuf Hidayat,yusuf.hidayat757@email.com,084086925393,M,2003-07-24,2024-11-07,13,Jl. Diponegoro No. 27,Silver,3,3433348,Padang
1922,Irfan Putri,irfan.putri732@email.com,084874817961,M,1991-02-16,2024-06-19,12,Jl. Mawar No. 57,Gold,4,6633173,Palembang
1923,Juli Hidayat,juli.hidayat178@email.com,088194938012,F,1994-08-14,2024-01-02,28,Jl. Thamrin No. 100,Bronze,5,11336989,Ambon
1924,Oktavia Sari,oktavia.sari924@email.com,087895370352,F,1967-09-20,2025-11-27,11,Jl. Mawar No. 68,Silver,3,7664370,Medan
1925,Wulan Hidayat,wulan.hidayat860@email.com,082435731500,F,2006-04-10,2023-08-11,22,Jl. Kenanga No. 91,Gold,5,6123158,Manado
1926,Oktavia Utami,oktavia.utami399@email.com,087295266486,F,1966-04-16,2026-08-19,9,Jl. Melati No. 122,Bronze,4,3442376,Surabaya
1927,Eka Santoso,eka.santoso83@email.com,087206881263,F,1991-08-12,2024-09-10,28,Jl. Diponegoro No. 77,Bronze,3,3074459,Ambon
1928,Putri Utami,putri.utami603@email.com,089728740274,F,1978-01-20,2025-08-27,7,Jl. Merdeka No. 147,Gold,4,5628520,Semarang
1929,Pandu Pratama,pandu.pratama763@email.com,086426225421,M,1997-03-08,2024-01-02,13,Jl. Diponegoro No. 135,Platinum,2,6211976,Padang
1930,Nina Pratama,nina.pratama694@email.com,087062852437,F,1976-04-28,2023-12-02,8,Jl. Merdeka No. 162,Silver,4,8319531,Yogyakarta
1931,Budi Hidayat,budi.hidayat72@email.com,089847331983,M,2001-12-03,2022-03-01,15,Jl. Diponegoro No. 79,Silver,4,9052547,Banda Aceh
1932,Nina Wijaya,nina.wijaya606@email.com,088454337824,F,2003-09-19,2025-05-13,3,Jl. Gajah Mada No. 21,Bronze,3,1139428,Depok
1933,Maman Sari,maman.sari437@email.com,085623535663,M,1993-05-13,2026-03-14,7,Jl. Ahmad Yani No. 121,Bronze,4,3487044,Semarang
1934,Teguh Ramadhan,teguh.ramadhan685@email.com,085295224675,M,1991-09-16,2025-08-19,25,Jl. Mawar No. 188,Silver,5,8887851,Mataram
1935,Maya Sari,maya.sari382@email.com,084058080287,F,2004-01-24,2022-10-29,29,Jl. Gajah Mada No. 104,Bronze,4,6601337,Sorong
1936,Ani Sari,ani.sari169@email.com,084012419787,F,1969-05-23,2025-06-21,21,Jl. Diponegoro No. 1,Silver,4,11448642,Makassar
1937,Sandi Saputra,sandi.saputra493@email.com,083922334868,M,1985-05-27,2022-02-05,10,Jl. Kenanga No. 137,Bronze,4,8916836,Malang
1938,Dedi Hidayat,dedi.hidayat545@email.com,086963775877,M,1969-04-03,2023-12-28,2,Jl. Merdeka No. 79,Bronze,3,4169780,Bogor
1939,Hani Putri,hani.putri751@email.com,082458503016,F,1970-05-15,2025-04-24,18,Jl. Ahmad Yani No. 117,Bronze,4,7045747,Banjarmasin
1940,Eka Santoso,eka.santoso106@email.com,084100996604,F,2003-05-10,2023-11-02,7,Jl. Melati No. 124,Silver,5,5770046,Semarang
1941,Citra Sari,citra.sari948@email.com,087429139034,F,1991-07-10,2025-10-28,24,Jl. Ahmad Yani No. 25,Bronze,8,4043206,Denpasar
1942,Nanda Wijaya,nanda.wijaya364@email.com,087503081844,M,1977-01-05,2025-10-12,17,Jl. Diponegoro No. 69,Gold,8,10267120,Pontianak
1943,Kartika Sari,kartika.sari959@email.com,087605506578,F,1987-04-20,2022-06-10,27,Jl. Thamrin No. 178,Bronze,2,5403176,Jayapura
1944,Kartika Siregar,kartika.siregar592@email.com,087539149856,F,2004-01-26,2026-07-11,20,Jl. Sudirman No. 44,Platinum,2,2249184,Palangkaraya
1945,Kartika Pratama,kartika.pratama354@email.com,081763707572,F,1972-07-15,2024-11-28,26,Jl. Melati No. 53,Gold,4,2181636,Kupang
1946,Wawan Putri,wawan.putri913@email.com,089766252977,M,2001-02-18,2024-12-26,10,Jl. Merdeka No. 51,Platinum,9,10048702,Malang
1947,Kurnia Wibowo,kurnia.wibowo622@email.com,086038208776,M,1981-03-23,2023-01-23,13,Jl. Thamrin No. 27,Silver,3,2570088,Padang
1948,Tika Nugroho,tika.nugroho946@email.com,081436389523,F,1968-10-24,2023-05-11,24,Jl. Sudirman No. 132,Bronze,5,7573636,Denpasar
1949,Gita Hidayat,gita.hidayat91@email.com,081844570258,F,1983-12-13,2022-06-28,3,Jl. Sudirman No. 86,Gold,7,10189625,Depok
1950,Lina Putri,lina.putri40@email.com,081815224793,F,1969-06-08,2022-04-21,28,Jl. Ahmad Yani No. 76,Bronze,3,4507701,Ambon
1951,Sari Wijaya,sari.wijaya910@email.com,088474969870,F,1971-01-20,2025-12-29,22,Jl. Gajah Mada No. 158,Silver,3,5093163,Manado
1952,Kartika Nugroho,kartika.nugroho820@email.com,086606765335,F,1992-04-24,2026-02-27,14,Jl. Ahmad Yani No. 31,Silver,5,3967205,Pekanbaru
1953,Yusuf Lestari,yusuf.lestari927@email.com,087863147808,M,1991-10-28,2022-10-17,4,Jl. Gajah Mada No. 40,Bronze,6,9289554,Tangerang
1954,Citra Siregar,citra.siregar996@email.com,088046823725,F,1971-01-14,2026-02-11,20,Jl. Kenanga No. 24,Bronze,3,3731152,Palangkaraya
1955,Hadi Ramadhan,hadi.ramadhan145@email.com,081540933236,M,1972-07-18,2022-10-02,9,Jl. Sudirman No. 163,Gold,6,7571742,Surabaya
1956,Maya Kusuma,maya.kusuma798@email.com,081627110756,F,1989-10-19,2026-05-21,21,Jl. Melati No. 50,Silver,3,5784811,Makassar
1957,Tika Utami,tika.utami583@email.com,081989537086,F,1965-01-12,2022-06-26,23,Jl. Gajah Mada No. 127,Bronze,2,1291017,Palu
1958,Umar Ramadhan,umar.ramadhan32@email.com,088925439539,M,1977-03-05,2022-04-11,15,Jl. Melati No. 87,Silver,3,1710046,Banda Aceh
1959,Kurnia Utami,kurnia.utami625@email.com,082501727423,M,1994-02-05,2025-02-13,7,Jl. Ahmad Yani No. 86,Bronze,4,4315721,Semarang
1960,Maman Ramadhan,maman.ramadhan953@email.com,087511206670,M,2006-01-23,2026-07-03,17,Jl. Merdeka No. 98,Bronze,4,3490210,Pontianak
1961,Hadi Utami,hadi.utami802@email.com,087344122367,M,1981-01-14,2023-01-08,27,Jl. Mawar No. 103,Silver,5,4519411,Jayapura
1962,Bella Susanto,bella.susanto515@email.com,086714376755,F,1981-02-21,2022-02-17,19,Jl. Pahlawan No. 177,Bronze,2,1197528,Samarinda
1963,Eko Siregar,eko.siregar825@email.com,081577832961,M,2005-06-14,2023-11-06,13,Jl. Melati No. 144,Bronze,6,9292439,Padang
1964,Maya Pratama,maya.pratama244@email.com,081318123463,F,2004-10-27,2025-11-28,14,Jl. Pahlawan No. 169,Platinum,2,1768526,Pekanbaru
1965,Eka Siregar,eka.siregar819@email.com,082641495985,F,1966-02-04,2025-04-26,5,Jl. Ahmad Yani No. 124,Gold,8,18331632,Bekasi
1966,Oktavia Siregar,oktavia.siregar220@email.com,083185879531,F,2001-10-01,2022-06-13,29,Jl. Diponegoro No. 85,Bronze,4,6480151,Sorong
1967,Rina Lestari,rina.lestari574@email.com,086539856155,F,1985-12-08,2026-04-17,26,Jl. Sudirman No. 151,Silver,6,9397182,Kupang
1968,Kurnia Nugroho,kurnia.nugroho316@email.com,082891932076,M,1968-06-08,2025-02-27,26,Jl. Melati No. 62,Silver,3,4820253,Kupang
1969,Pandu Nugroho,pandu.nugroho747@email.com,081949456961,M,1968-10-11,2025-08-02,7,Jl. Pahlawan No. 127,Bronze,4,9430002,Semarang
1970,Rina Utami,rina.utami789@email.com,088729545019,F,2005-09-24,2024-04-07,17,Jl. Pahlawan No. 177,Silver,6,8918873,Pontianak
1971,Nanda Utami,nanda.utami894@email.com,084804937484,M,1999-11-06,2025-09-18,22,Jl. Melati No. 43,Silver,1,600602,Manado
1972,Eko Sari,eko.sari43@email.com,086767488473,M,1980-06-07,2022-11-12,7,Jl. Melati No. 187,Bronze,5,4545688,Semarang
1973,Putri Siregar,putri.siregar626@email.com,089371278100,F,1996-09-01,2025-08-01,14,Jl. Ahmad Yani No. 83,Gold,3,5902784,Pekanbaru
1974,Sandi Hidayat,sandi.hidayat589@email.com,087334835775,M,2001-06-27,2023-07-29,24,Jl. Thamrin No. 21,Bronze,0,0,Denpasar
1975,Dedi Nugroho,dedi.nugroho163@email.com,087393250879,M,1986-10-21,2023-12-07,11,Jl. Melati No. 182,Bronze,7,13000501,Medan
1976,Citra Ramadhan,citra.ramadhan396@email.com,085967087982,F,2005-05-17,2025-12-16,3,Jl. Mawar No. 83,Silver,9,13232701,Depok
1977,Yusuf Lestari,yusuf.lestari275@email.com,087928334358,M,1981-06-08,2024-05-19,16,Jl. Gajah Mada No. 82,Bronze,1,414351,Lampung
1978,Nina Hidayat,nina.hidayat543@email.com,087867016014,F,2004-07-15,2022-08-17,29,Jl. Diponegoro No. 185,Bronze,6,7248037,Sorong
1979,Wawan Putri,wawan.putri856@email.com,085768518699,M,1997-03-02,2026-02-17,12,Jl. Diponegoro No. 10,Bronze,1,1119385,Palembang
1980,Tika Nugroho,tika.nugroho149@email.com,084200212544,F,1974-03-09,2025-08-02,21,Jl. Ahmad Yani No. 198,Silver,0,0,Makassar
1981,Sandi Saputra,sandi.saputra533@email.com,088586167369,M,1968-10-21,2025-02-07,14,Jl. Pahlawan No. 168,Silver,2,2546988,Pekanbaru
1982,Teguh Santoso,teguh.santoso567@email.com,081021509464,M,1978-04-10,2022-01-17,9,Jl. Gajah Mada No. 57,Bronze,6,5128341,Surabaya
1983,Nanda Utami,nanda.utami498@email.com,086780684787,M,1990-07-24,2024-12-15,29,Jl. Ahmad Yani No. 70,Bronze,5,7348666,Sorong
1984,Nanda Putri,nanda.putri912@email.com,087173665159,M,1990-01-20,2022-11-12,19,Jl. Ahmad Yani No. 192,Gold,3,2984742,Samarinda
1985,Eka Nugroho,eka.nugroho212@email.com,088702200640,F,2005-06-24,2022-04-09,5,Jl. Kenanga No. 147,Bronze,6,7179584,Bekasi
1986,Teguh Wibowo,teguh.wibowo948@email.com,083932605274,M,1993-12-21,2024-04-17,12,Jl. Melati No. 94,Silver,4,5737869,Palembang
1987,Dedi Siregar,dedi.siregar804@email.com,083819041690,M,1985-12-28,2024-01-02,29,Jl. Melati No. 63,Gold,2,7764448,Sorong
1988,Oktavia Pratama,oktavia.pratama937@email.com,085976642492,F,2000-03-03,2023-10-18,28,Jl. Thamrin No. 107,Bronze,8,7249622,Ambon
1989,Maya Nugroho,maya.nugroho405@email.com,085305823632,F,1982-05-24,2024-11-14,21,Jl. Melati No. 157,Silver,4,5614619,Makassar
1990,Sandi Wibowo,sandi.wibowo961@email.com,083168410620,M,2001-12-19,2022-06-18,11,Jl. Mawar No. 124,Bronze,3,4018400,Medan
1991,Fajar Lestari,fajar.lestari813@email.com,084353306624,M,1982-05-04,2025-11-10,22,Jl. Gajah Mada No. 53,Silver,3,2623904,Manado
1992,Indah Lestari,indah.lestari251@email.com,088061324763,F,1998-11-25,2022-12-31,18,Jl. Kenanga No. 122,Bronze,8,5840752,Banjarmasin
1993,Nina Pratama,nina.pratama493@email.com,085375463795,F,1985-10-02,2026-05-17,13,Jl. Gajah Mada No. 78,Silver,4,2260531,Padang
1994,Gita Ramadhan,gita.ramadhan483@email.com,088117803255,F,1979-07-18,2023-09-19,27,Jl. Sudirman No. 87,Gold,4,2718847,Jayapura
1995,Fajar Susanto,fajar.susanto628@email.com,085525899856,M,2002-05-25,2026-08-27,1,Jl. Pahlawan No. 178,Bronze,1,865702,Jakarta
1996,Nanda Putri,nanda.putri53@email.com,083851816053,M,1994-08-04,2025-04-30,12,Jl. Sudirman No. 32,Gold,2,3714327,Palembang
1997,Oktavia Nugroho,oktavia.nugroho247@email.com,083848475240,F,1983-10-09,2023-04-14,28,Jl. Ahmad Yani No. 178,Silver,7,8298970,Ambon
1998,Hadi Pratama,hadi.pratama261@email.com,081446085584,M,1997-06-13,2024-08-17,12,Jl. Gajah Mada No. 70,Silver,3,2644213,Palembang
1999,Juli Wijaya,juli.wijaya479@email.com,088151942315,F,1986-11-12,2024-12-29,13,Jl. Thamrin No. 61,Gold,6,8352295,Padang
2000,Lina Pratama,lina.pratama765@email.com,087862518727,F,2002-06-16,2022-02-06,18,Jl. Mawar No. 93,Gold,5,8807154,Banjarmasin
2001,Pandu Saputra,pandu.saputra656@email.com,086125685798,M,1998-05-21,2022-11-15,2,Jl. Thamrin No. 62,Bronze,4,6307840,Bogor
2002,Oktavia Santoso,oktavia.santoso411@email.com,084076559327,F,1994-02-09,2022-02-07,10,Jl. Ahmad Yani No. 187,Platinum,4,7354141,Malang
2003,Hani Hidayat,hani.hidayat586@email.com,089769207015,F,1987-12-11,2025-02-12,4,Jl. Diponegoro No. 128,Gold,4,9122161,Tangerang
2004,Maya Santoso,maya.santoso845@email.com,082667752863,F,1966-04-20,2024-08-03,4,Jl. Merdeka No. 20,Bronze,8,9946402,Tangerang
2005,Budi Utami,budi.utami587@email.com,085438606305,M,1967-07-15,2024-06-16,4,Jl. Melati No. 111,Silver,3,2581742,Tangerang
2006,Teguh Pratama,teguh.pratama160@email.com,088722894648,M,1971-07-23,2025-10-24,11,Jl. Kenanga No. 200,Bronze,1,1090850,Medan
2007,Oktavia Saputra,oktavia.saputra439@email.com,086326415525,F,1987-04-26,2023-05-27,22,Jl. Gajah Mada No. 181,Silver,4,5415729,Manado
2008,Bella Nugroho,bella.nugroho552@email.com,086215802895,F,1973-03-18,2024-07-19,2,Jl. Sudirman No. 55,Bronze,8,9587518,Bogor
2009,Dewi Utami,dewi.utami195@email.com,089792349306,F,1965-02-09,2025-06-07,7,Jl. Mawar No. 80,Bronze,9,11425159,Semarang
2010,Wulan Putri,wulan.putri730@email.com,087733547599,F,1979-06-16,2024-04-09,14,Jl. Mawar No. 197,Gold,1,4001300,Pekanbaru
2011,Kurnia Sari,kurnia.sari937@email.com,084096313304,M,1965-11-02,2023-02-06,1,Jl. Gajah Mada No. 199,Silver,5,7426994,Jakarta
2012,Sari Wibowo,sari.wibowo998@email.com,088944833838,F,1966-09-06,2024-03-09,5,Jl. Thamrin No. 172,Bronze,6,10173695,Bekasi
2013,Tika Hidayat,tika.hidayat885@email.com,086971465781,F,1969-03-17,2026-05-14,23,Jl. Kenanga No. 27,Bronze,3,1392241,Palu
2014,Fajar Putri,fajar.putri642@email.com,083824691843,M,1975-02-09,2026-07-02,26,Jl. Gajah Mada No. 41,Gold,5,11641054,Kupang
2015,Eko Lestari,eko.lestari826@email.com,085202410531,M,2006-09-19,2026-06-06,16,Jl. Gajah Mada No. 159,Gold,4,8184105,Lampung
2016,Kartika Nugroho,kartika.nugroho937@email.com,081922430745,F,2005-05-13,2025-07-12,9,Jl. Gajah Mada No. 176,Gold,3,7331512,Surabaya
2017,Juli Siregar,juli.siregar792@email.com,088285480060,F,1998-02-26,2022-08-13,3,Jl. Sudirman No. 55,Bronze,4,3212633,Depok
2018,Gita Sari,gita.sari212@email.com,083318745459,F,1986-03-02,2025-11-08,1,Jl. Kenanga No. 56,Bronze,5,9656381,Jakarta
2019,Rina Hidayat,rina.hidayat509@email.com,085033402196,F,1999-05-28,2022-07-24,25,Jl. Ahmad Yani No. 98,Silver,3,2406731,Mataram
2020,Ahmad Wijaya,ahmad.wijaya249@email.com,086685004204,M,1998-04-07,2025-09-17,9,Jl. Merdeka No. 25,Bronze,9,15168266,Surabaya
2021,Fitri Sari,fitri.sari521@email.com,088635209458,F,1965-04-01,2024-03-08,7,Jl. Ahmad Yani No. 120,Gold,4,4967503,Semarang
2022,Wawan Santoso,wawan.santoso995@email.com,083334156174,M,1995-07-04,2025-09-16,14,Jl. Mawar No. 97,Bronze,5,6233263,Pekanbaru
2023,Ani Nugroho,ani.nugroho68@email.com,088028751007,F,1995-12-27,2025-09-01,14,Jl. Thamrin No. 25,Bronze,5,11649851,Pekanbaru
2024,Lukman Sari,lukman.sari673@email.com,082287649949,M,1990-09-02,2024-11-23,17,Jl. Melati No. 100,Gold,4,4511135,Pontianak
2025,Budi Putri,budi.putri305@email.com,088105341906,M,1975-07-28,2026-08-21,29,Jl. Pahlawan No. 66,Silver,8,8091795,Sorong
2026,Juli Wijaya,juli.wijaya331@email.com,083928011361,F,1970-07-02,2025-06-09,19,Jl. Pahlawan No. 65,Silver,5,4460001,Samarinda
2027,Wawan Susanto,wawan.susanto235@email.com,082281479941,M,1996-11-01,2026-03-18,23,Jl. Gajah Mada No. 170,Platinum,3,2900516,Palu
2028,Bella Wijaya,bella.wijaya103@email.com,086101683320,F,1988-09-19,2022-05-22,18,Jl. Melati No. 37,Silver,4,5722900,Banjarmasin
2029,Ani Nugroho,ani.nugroho69@email.com,083569941420,F,1972-06-08,2022-12-25,9,Jl. Pahlawan No. 187,Bronze,4,7714325,Surabaya
2030,Fitri Saputra,fitri.saputra434@email.com,089697669234,F,1973-03-04,2022-01-08,26,Jl. Melati No. 117,Bronze,3,2020719,Kupang
2031,Rina Santoso,rina.santoso377@email.com,083341772427,F,1979-04-25,2025-05-20,5,Jl. Melati No. 77,Bronze,4,3217392,Bekasi
2032,Ahmad Saputra,ahmad.saputra87@email.com,087356628828,M,1980-06-28,2024-07-07,12,Jl. Gajah Mada No. 65,Bronze,2,2243628,Palembang
2033,Nanda Wijaya,nanda.wijaya930@email.com,081379791622,M,1970-05-02,2022-11-30,1,Jl. Melati No. 63,Bronze,5,4506764,Jakarta
2034,Lina Sari,lina.sari13@email.com,085001757953,F,1995-10-19,2025-04-08,21,Jl. Gajah Mada No. 195,Gold,0,0,Makassar
2035,Dewi Nugroho,dewi.nugroho197@email.com,085435233776,F,1996-12-01,2022-06-16,16,Jl. Pahlawan No. 129,Bronze,2,2224794,Lampung
2036,Wawan Hidayat,wawan.hidayat5@email.com,082417165721,M,1981-12-13,2022-09-23,3,Jl. Pahlawan No. 65,Silver,2,2077872,Depok
2037,Umar Lestari,umar.lestari573@email.com,082111827970,M,1980-08-13,2023-03-04,11,Jl. Melati No. 117,Silver,2,2816503,Medan
2038,Oktavia Nugroho,oktavia.nugroho398@email.com,082201797635,F,1992-01-01,2025-09-28,28,Jl. Ahmad Yani No. 84,Gold,3,3982978,Ambon
2039,Hani Wibowo,hani.wibowo234@email.com,081969796227,F,1995-04-02,2025-08-01,3,Jl. Ahmad Yani No. 149,Silver,3,2547391,Depok
2040,Kartika Siregar,kartika.siregar799@email.com,085296351529,F,1981-06-04,2024-10-20,25,Jl. Melati No. 72,Gold,4,9756445,Mataram
2041,Wawan Hidayat,wawan.hidayat95@email.com,089550537585,M,1978-02-18,2024-06-17,23,Jl. Pahlawan No. 6,Gold,2,2848075,Palu
2042,Fitri Nugroho,fitri.nugroho838@email.com,089116506114,F,2003-10-12,2024-07-20,2,Jl. Mawar No. 106,Gold,2,591422,Bogor
2043,Eko Santoso,eko.santoso903@email.com,087225877191,M,1995-07-10,2025-03-25,16,Jl. Ahmad Yani No. 173,Silver,3,3061082,Lampung
2044,Kartika Nugroho,kartika.nugroho171@email.com,083476543467,F,2001-08-05,2024-11-14,5,Jl. Ahmad Yani No. 130,Bronze,3,5621949,Bekasi
2045,Irfan Lestari,irfan.lestari390@email.com,082790410196,M,1997-05-22,2025-05-31,1,Jl. Pahlawan No. 98,Silver,2,6622071,Jakarta
2046,Pandu Wijaya,pandu.wijaya562@email.com,083045941286,M,1973-07-26,2024-11-29,7,Jl. Kenanga No. 197,Gold,3,6363247,Semarang
2047,Oktavia Nugroho,oktavia.nugroho670@email.com,088840095562,F,1994-01-25,2024-02-07,20,Jl. Thamrin No. 97,Bronze,3,3869537,Palangkaraya
2048,Tika Kusuma,tika.kusuma805@email.com,081366785845,F,1993-02-22,2026-03-07,29,Jl. Mawar No. 195,Bronze,3,7438659,Sorong
2049,Dewi Kusuma,dewi.kusuma677@email.com,084405796467,F,1991-03-06,2025-05-07,18,Jl. Pahlawan No. 139,Platinum,7,15697967,Banjarmasin
2050,Lukman Putri,lukman.putri248@email.com,081614599226,M,1977-11-25,2023-04-20,6,Jl. Kenanga No. 151,Gold,0,0,Bandung
2051,Indah Saputra,indah.saputra855@email.com,089365097434,F,1990-12-01,2026-06-01,1,Jl. Kenanga No. 67,Silver,1,252494,Jakarta
2052,Oki Lestari,oki.lestari449@email.com,086977683066,M,1973-04-11,2025-09-02,12,Jl. Thamrin No. 154,Bronze,1,84707,Palembang
2053,Teguh Pratama,teguh.pratama392@email.com,086432708817,M,1968-01-26,2024-09-14,8,Jl. Melati No. 143,Bronze,5,5540866,Yogyakarta
2054,Kartika Putri,kartika.putri784@email.com,084364259725,F,2002-11-25,2022-08-27,4,Jl. Ahmad Yani No. 43,Bronze,4,7915654,Tangerang
2055,Eka Sari,eka.sari421@email.com,085861955359,F,1985-04-15,2022-01-14,26,Jl. Gajah Mada No. 8,Bronze,5,6145785,Kupang
2056,Sari Sari,sari.sari696@email.com,081774924874,F,1999-07-01,2024-07-03,21,Jl. Diponegoro No. 185,Silver,5,6263569,Makassar
2057,Hadi Wijaya,hadi.wijaya637@email.com,089175757940,M,1995-01-03,2022-06-03,8,Jl. Melati No. 103,Platinum,2,2876308,Yogyakarta
2058,Wawan Utami,wawan.utami484@email.com,088631023970,M,1973-09-26,2025-09-17,19,Jl. Thamrin No. 133,Bronze,6,8642043,Samarinda
2059,Kurnia Utami,kurnia.utami817@email.com,082755318059,M,1984-10-12,2026-07-08,6,Jl. Kenanga No. 29,Bronze,1,293478,Bandung
2060,Juli Hidayat,juli.hidayat779@email.com,085323439657,F,1965-04-07,2024-05-24,4,Jl. Merdeka No. 5,Bronze,9,19070472,Tangerang
2061,Hadi Sari,hadi.sari154@email.com,085032960128,M,1986-11-03,2023-10-02,16,Jl. Thamrin No. 175,Bronze,3,7553078,Lampung
2062,Dedi Susanto,dedi.susanto970@email.com,082166474434,M,1988-05-12,2024-09-28,29,Jl. Pahlawan No. 71,Silver,8,10974892,Sorong
2063,Dedi Santoso,dedi.santoso896@email.com,087298430107,M,1990-07-05,2023-07-06,28,Jl. Merdeka No. 200,Bronze,5,7780102,Ambon
2064,Oki Ramadhan,oki.ramadhan175@email.com,084544364423,M,1993-05-09,2025-03-15,22,Jl. Diponegoro No. 185,Bronze,6,7281485,Manado
2065,Sari Siregar,sari.siregar955@email.com,081810199665,F,1983-12-18,2023-12-01,25,Jl. Merdeka No. 147,Platinum,1,1294256,Mataram
2066,Eka Siregar,eka.siregar548@email.com,085339917130,F,2000-04-13,2025-11-11,8,Jl. Merdeka No. 23,Gold,5,3305833,Yogyakarta
2067,Oktavia Lestari,oktavia.lestari78@email.com,084022346220,F,1973-07-16,2023-04-15,5,Jl. Kenanga No. 163,Bronze,6,4959905,Bekasi
2068,Nanda Santoso,nanda.santoso624@email.com,089484412553,M,2001-07-16,2022-08-07,24,Jl. Thamrin No. 8,Silver,4,6938193,Denpasar
2069,Citra Lestari,citra.lestari563@email.com,082515400302,F,1972-09-05,2022-04-05,5,Jl. Diponegoro No. 59,Silver,5,4318009,Bekasi
2070,Ani Wibowo,ani.wibowo489@email.com,087809630204,F,2006-04-25,2025-03-24,9,Jl. Melati No. 42,Silver,0,0,Surabaya
2071,Maman Sari,maman.sari440@email.com,084617727633,M,1985-02-03,2024-02-01,21,Jl. Kenanga No. 166,Bronze,5,9450847,Makassar
2072,Wulan Kusuma,wulan.kusuma959@email.com,087268463642,F,1994-06-27,2026-06-01,1,Jl. Sudirman No. 80,Gold,3,2895995,Jakarta
2073,Sari Utami,sari.utami163@email.com,082655618998,F,1980-10-14,2026-08-21,15,Jl. Gajah Mada No. 154,Bronze,1,1417646,Banda Aceh
2074,Dedi Kusuma,dedi.kusuma461@email.com,088685430487,M,2001-08-24,2025-08-30,10,Jl. Mawar No. 44,Gold,8,12585379,Malang
2075,Juli Putri,juli.putri881@email.com,089146417926,F,1977-11-11,2023-09-19,21,Jl. Melati No. 127,Bronze,4,4864605,Makassar
2076,Lina Nugroho,lina.nugroho315@email.com,084462090379,F,1990-12-28,2023-11-23,4,Jl. Ahmad Yani No. 137,Silver,4,2448710,Tangerang
2077,Eka Hidayat,eka.hidayat32@email.com,084096649888,F,1991-01-21,2025-04-05,16,Jl. Kenanga No. 74,Bronze,8,5585881,Lampung
2078,Pandu Susanto,pandu.susanto131@email.com,086015631101,M,1979-08-14,2024-09-16,12,Jl. Pahlawan No. 178,Silver,9,13063207,Palembang
2079,Fajar Pratama,fajar.pratama423@email.com,081991832025,M,1974-01-08,2025-05-01,9,Jl. Kenanga No. 195,Bronze,2,3333096,Surabaya
2080,Bella Siregar,bella.siregar248@email.com,084052624141,F,1986-03-15,2025-10-22,4,Jl. Mawar No. 48,Gold,5,7139275,Tangerang
2081,Juli Siregar,juli.siregar586@email.com,089639436133,F,1996-06-14,2023-06-14,3,Jl. Sudirman No. 134,Bronze,5,7263738,Depok
2082,Irfan Pratama,irfan.pratama314@email.com,081702587538,M,1982-08-26,2024-12-16,20,Jl. Kenanga No. 138,Silver,7,10197946,Palangkaraya
2083,Wulan Saputra,wulan.saputra957@email.com,082515744164,F,1995-08-26,2024-04-30,22,Jl. Kenanga No. 6,Silver,4,4946709,Manado
2084,Pandu Utami,pandu.utami799@email.com,086309771909,M,1984-08-24,2026-02-28,6,Jl. Gajah Mada No. 3,Bronze,6,10578789,Bandung
2085,Fajar Lestari,fajar.lestari995@email.com,083732264757,M,2001-01-23,2022-02-02,19,Jl. Pahlawan No. 77,Gold,3,3640118,Samarinda
2086,Citra Wibowo,citra.wibowo463@email.com,087456358646,F,1984-05-05,2025-08-13,27,Jl. Diponegoro No. 189,Silver,4,7396817,Jayapura
2087,Indah Ramadhan,indah.ramadhan255@email.com,085831584547,F,1983-03-21,2026-01-03,2,Jl. Kenanga No. 127,Silver,6,6259443,Bogor
2088,Pandu Nugroho,pandu.nugroho637@email.com,086138726130,M,1982-10-08,2026-07-20,12,Jl. Diponegoro No. 176,Silver,4,4857335,Palembang
2089,Kurnia Pratama,kurnia.pratama706@email.com,082489321225,M,2002-03-26,2023-03-11,28,Jl. Melati No. 121,Silver,9,11486600,Ambon
2090,Maman Nugroho,maman.nugroho253@email.com,083067605394,M,1997-02-08,2023-05-24,7,Jl. Ahmad Yani No. 88,Bronze,4,5418828,Semarang
2091,Budi Kusuma,budi.kusuma184@email.com,085950065922,M,1984-02-28,2024-05-16,8,Jl. Mawar No. 65,Bronze,5,9683663,Yogyakarta
2092,Gita Susanto,gita.susanto236@email.com,082489669674,F,1975-01-08,2024-07-28,27,Jl. Gajah Mada No. 19,Bronze,2,2331279,Jayapura
2093,Joko Wibowo,joko.wibowo726@email.com,085680545493,M,1971-01-16,2023-10-31,5,Jl. Gajah Mada No. 84,Silver,5,6511764,Bekasi
2094,Bella Utami,bella.utami280@email.com,081652343126,F,2005-12-02,2023-07-01,19,Jl. Ahmad Yani No. 88,Bronze,5,9411285,Samarinda
2095,Dedi Lestari,dedi.lestari90@email.com,085860167420,M,1988-06-28,2022-11-17,20,Jl. Diponegoro No. 131,Gold,2,1882709,Palangkaraya
2096,Sandi Utami,sandi.utami256@email.com,089099990631,M,2002-02-28,2022-06-04,17,Jl. Merdeka No. 90,Silver,9,10452727,Pontianak
2097,Lukman Lestari,lukman.lestari896@email.com,083020550735,M,1969-10-23,2026-04-10,9,Jl. Gajah Mada No. 178,Bronze,4,14513264,Surabaya
2098,Lina Nugroho,lina.nugroho982@email.com,083789989848,F,1992-04-06,2024-03-14,4,Jl. Ahmad Yani No. 105,Bronze,7,9289984,Tangerang
2099,Dewi Susanto,dewi.susanto894@email.com,082857896619,F,1969-11-22,2022-10-02,14,Jl. Gajah Mada No. 34,Bronze,2,5107650,Pekanbaru
2100,Rudi Saputra,rudi.saputra57@email.com,088768202942,M,1967-05-05,2023-10-03,3,Jl. Pahlawan No. 153,Bronze,6,9406303,Depok
2101,Lukman Putri,lukman.putri44@email.com,083546317206,M,1992-01-17,2023-03-18,22,Jl. Sudirman No. 12,Bronze,4,11072768,Manado
2102,Nina Susanto,nina.susanto498@email.com,083393448393,F,1978-10-05,2022-04-13,4,Jl. Melati No. 153,Bronze,3,3270293,Tangerang
2103,Maya Ramadhan,maya.ramadhan117@email.com,087477910927,F,1980-09-17,2024-03-01,4,Jl. Melati No. 188,Bronze,3,4757845,Tangerang
2104,Nina Siregar,nina.siregar677@email.com,087834203692,F,1987-11-02,2022-04-04,20,Jl. Gajah Mada No. 103,Silver,5,4305858,Palangkaraya
2105,Oki Nugroho,oki.nugroho973@email.com,083097125761,M,1967-01-16,2024-12-09,6,Jl. Merdeka No. 186,Silver,4,2264859,Bandung
2106,Lukman Nugroho,lukman.nugroho361@email.com,087098746030,M,1977-08-07,2025-07-18,5,Jl. Merdeka No. 120,Silver,2,1704429,Bekasi
2107,Umar Putri,umar.putri976@email.com,082594413644,M,1990-10-15,2026-04-24,2,Jl. Ahmad Yani No. 89,Platinum,1,177996,Bogor
2108,Pandu Nugroho,pandu.nugroho270@email.com,083423644265,M,1981-07-16,2022-06-12,29,Jl. Pahlawan No. 98,Silver,0,0,Sorong
2109,Oktavia Pratama,oktavia.pratama87@email.com,087120270725,F,1986-08-04,2025-02-23,3,Jl. Gajah Mada No. 111,Bronze,3,6802873,Depok
2110,Maya Putri,maya.putri939@email.com,082885042034,F,1970-09-02,2023-05-25,10,Jl. Kenanga No. 38,Bronze,6,16755874,Malang
2111,Fajar Pratama,fajar.pratama810@email.com,081918814085,M,1992-06-25,2023-12-10,17,Jl. Mawar No. 181,Bronze,3,2684365,Pontianak
2112,Ahmad Ramadhan,ahmad.ramadhan571@email.com,083066013953,M,1989-08-23,2022-07-23,7,Jl. Kenanga No. 42,Gold,3,5772940,Semarang
2113,Nanda Hidayat,nanda.hidayat106@email.com,085911627190,M,1974-01-28,2024-09-11,18,Jl. Merdeka No. 36,Platinum,4,4103540,Banjarmasin
2114,Kartika Pratama,kartika.pratama605@email.com,085262979827,F,1968-06-10,2025-09-09,1,Jl. Melati No. 191,Silver,8,16021862,Jakarta
2115,Wawan Wibowo,wawan.wibowo533@email.com,087485408769,M,2005-08-08,2024-04-02,16,Jl. Thamrin No. 80,Bronze,6,9990056,Lampung
2116,Gita Santoso,gita.santoso226@email.com,081255288477,F,1983-04-17,2026-06-23,7,Jl. Merdeka No. 149,Bronze,2,4291190,Semarang
2117,Maman Kusuma,maman.kusuma504@email.com,088361013521,M,2004-04-01,2023-09-22,20,Jl. Sudirman No. 113,Platinum,6,5906624,Palangkaraya
2118,Kartika Hidayat,kartika.hidayat635@email.com,086130988790,F,1989-03-17,2026-03-26,14,Jl. Sudirman No. 134,Silver,3,3919410,Pekanbaru
2119,Fitri Kusuma,fitri.kusuma414@email.com,081239172973,F,1993-06-21,2022-11-14,11,Jl. Thamrin No. 33,Bronze,0,0,Medan
2120,Joko Siregar,joko.siregar480@email.com,085095053279,M,1988-07-24,2022-03-21,10,Jl. Thamrin No. 93,Bronze,3,3820050,Malang
2121,Rina Lestari,rina.lestari872@email.com,083701677843,F,1981-02-17,2022-03-31,24,Jl. Melati No. 4,Bronze,2,2387062,Denpasar
2122,Maya Saputra,maya.saputra185@email.com,085840813520,F,1999-02-28,2025-12-24,2,Jl. Melati No. 142,Bronze,3,5645608,Bogor
2123,Putri Ramadhan,putri.ramadhan819@email.com,086126906498,F,2002-09-13,2022-03-10,20,Jl. Sudirman No. 84,Bronze,7,13903051,Palangkaraya
2124,Wulan Pratama,wulan.pratama160@email.com,081063622074,F,1983-05-10,2025-02-03,27,Jl. Thamrin No. 67,Silver,1,222494,Jayapura
2125,Kurnia Sari,kurnia.sari251@email.com,089024314650,M,1977-12-03,2024-03-15,18,Jl. Diponegoro No. 119,Bronze,5,10558487,Banjarmasin
2126,Bella Putri,bella.putri157@email.com,084273767810,F,1999-01-23,2022-08-14,3,Jl. Kenanga No. 105,Bronze,4,6886198,Depok
2127,Ahmad Hidayat,ahmad.hidayat854@email.com,084196989649,M,1970-09-19,2026-05-22,15,Jl. Sudirman No. 149,Gold,6,10497145,Banda Aceh
2128,Maman Wibowo,maman.wibowo744@email.com,087383188973,M,2003-03-10,2025-09-09,13,Jl. Melati No. 142,Silver,8,8617311,Padang
2129,Lukman Wijaya,lukman.wijaya96@email.com,089889553782,M,1981-02-09,2023-03-28,2,Jl. Sudirman No. 29,Gold,3,2625725,Bogor
2130,Lukman Santoso,lukman.santoso652@email.com,085792514268,M,1979-03-11,2022-06-25,11,Jl. Kenanga No. 172,Bronze,6,5077030,Medan
2131,Oktavia Santoso,oktavia.santoso763@email.com,086954508052,F,1991-01-19,2024-01-10,17,Jl. Sudirman No. 76,Silver,1,2369184,Pontianak
2132,Rina Putri,rina.putri829@email.com,088762037121,F,1977-02-09,2022-02-14,3,Jl. Pahlawan No. 70,Bronze,4,2405970,Depok
2133,Fajar Nugroho,fajar.nugroho810@email.com,085529698639,M,1995-10-09,2025-09-16,11,Jl. Ahmad Yani No. 7,Bronze,10,14954751,Medan
2134,Indah Hidayat,indah.hidayat461@email.com,089605868752,F,2002-10-17,2025-07-08,20,Jl. Diponegoro No. 64,Silver,4,8541541,Palangkaraya
2135,Oki Susanto,oki.susanto646@email.com,082290463712,M,1970-03-27,2023-08-15,20,Jl. Merdeka No. 99,Bronze,4,5636321,Palangkaraya
2136,Pandu Utami,pandu.utami720@email.com,085490273545,M,1987-04-03,2024-07-12,26,Jl. Mawar No. 102,Bronze,3,4236903,Kupang
2137,Dedi Santoso,dedi.santoso303@email.com,081406394502,M,1990-11-11,2025-05-19,18,Jl. Gajah Mada No. 58,Bronze,1,4716860,Banjarmasin
2138,Juli Santoso,juli.santoso410@email.com,087706293552,F,1993-05-17,2023-07-30,2,Jl. Kenanga No. 133,Silver,8,9011453,Bogor
2139,Rina Wijaya,rina.wijaya828@email.com,081457515727,F,2006-04-13,2022-01-25,15,Jl. Merdeka No. 117,Silver,3,6013855,Banda Aceh
2140,Dedi Nugroho,dedi.nugroho321@email.com,085453761971,M,1979-11-16,2026-04-17,16,Jl. Melati No. 27,Bronze,2,1569287,Lampung
2141,Rudi Wijaya,rudi.wijaya285@email.com,083646075263,M,1992-01-02,2025-12-11,19,Jl. Thamrin No. 24,Bronze,3,3104998,Samarinda
2142,Citra Utami,citra.utami287@email.com,081976888677,F,2002-07-15,2023-11-16,12,Jl. Diponegoro No. 171,Silver,4,4657773,Palembang
2143,Tika Susanto,tika.susanto235@email.com,085762680550,F,1986-06-06,2025-12-07,14,Jl. Merdeka No. 55,Silver,3,2207092,Pekanbaru
2144,Hani Siregar,hani.siregar712@email.com,083506573122,F,1968-05-20,2026-03-31,1,Jl. Pahlawan No. 161,Bronze,3,3398200,Jakarta
2145,Gita Susanto,gita.susanto490@email.com,082960059942,F,1972-12-20,2026-01-09,13,Jl. Sudirman No. 117,Bronze,5,7365273,Padang
2146,Nina Susanto,nina.susanto741@email.com,084943847715,F,1997-08-23,2023-07-14,5,Jl. Melati No. 90,Gold,3,1764509,Bekasi
2147,Kartika Ramadhan,kartika.ramadhan832@email.com,085692203566,F,1974-08-22,2025-06-27,8,Jl. Sudirman No. 62,Bronze,1,505658,Yogyakarta
2148,Eko Siregar,eko.siregar960@email.com,085438325369,M,2003-07-15,2024-09-13,25,Jl. Merdeka No. 94,Bronze,10,6007298,Mataram
2149,Sandi Wibowo,sandi.wibowo129@email.com,084079915074,M,1985-08-20,2026-08-17,8,Jl. Pahlawan No. 35,Bronze,5,4793192,Yogyakarta
2150,Tika Sari,tika.sari310@email.com,082720753389,F,1988-05-13,2023-01-20,20,Jl. Kenanga No. 137,Silver,8,8069878,Palangkaraya
2151,Ani Wijaya,ani.wijaya370@email.com,083087343928,F,2005-11-11,2025-09-19,10,Jl. Diponegoro No. 154,Silver,3,5359262,Malang
2152,Eka Nugroho,eka.nugroho977@email.com,085144122672,F,1999-07-13,2022-07-22,23,Jl. Gajah Mada No. 83,Bronze,4,9285012,Palu
2153,Maman Santoso,maman.santoso50@email.com,083863923625,M,1989-01-01,2022-12-22,20,Jl. Sudirman No. 171,Silver,7,8697070,Palangkaraya
2154,Dedi Wibowo,dedi.wibowo867@email.com,087809326293,M,1969-07-03,2024-05-18,11,Jl. Diponegoro No. 144,Bronze,2,2788288,Medan
2155,Wulan Ramadhan,wulan.ramadhan237@email.com,081005185412,F,1973-02-28,2022-06-17,17,Jl. Melati No. 132,Bronze,5,6522612,Pontianak
2156,Teguh Wibowo,teguh.wibowo53@email.com,087033909407,M,1989-10-20,2025-09-25,10,Jl. Thamrin No. 51,Silver,1,1366896,Malang
2157,Dedi Santoso,dedi.santoso506@email.com,083697656248,M,1981-09-04,2025-09-24,9,Jl. Pahlawan No. 93,Platinum,5,5454604,Surabaya
2158,Citra Lestari,citra.lestari140@email.com,084774359072,F,1969-09-18,2022-09-16,5,Jl. Merdeka No. 106,Bronze,2,5138341,Bekasi
2159,Teguh Susanto,teguh.susanto394@email.com,089861078025,M,1983-02-16,2026-08-11,13,Jl. Diponegoro No. 8,Bronze,3,6572053,Padang
2160,Indah Utami,indah.utami245@email.com,086107893726,F,2005-07-20,2025-11-14,4,Jl. Kenanga No. 152,Bronze,5,8308769,Tangerang
2161,Nina Hidayat,nina.hidayat592@email.com,083862274245,F,1974-04-26,2023-05-15,1,Jl. Kenanga No. 188,Bronze,4,3871792,Jakarta
2162,Maman Kusuma,maman.kusuma412@email.com,088752601806,M,1974-11-26,2024-12-28,26,Jl. Sudirman No. 45,Bronze,1,964148,Kupang
2163,Rudi Lestari,rudi.lestari866@email.com,084693997543,M,2004-10-11,2025-05-24,9,Jl. Thamrin No. 81,Bronze,4,7167774,Surabaya
2164,Indah Hidayat,indah.hidayat985@email.com,087999911001,F,1998-05-25,2025-11-01,10,Jl. Melati No. 112,Silver,6,5198179,Malang
2165,Dedi Hidayat,dedi.hidayat264@email.com,089694337425,M,1979-01-14,2023-04-01,26,Jl. Melati No. 7,Bronze,0,0,Kupang
2166,Putri Wijaya,putri.wijaya609@email.com,084817272136,F,1985-12-12,2023-11-15,27,Jl. Mawar No. 136,Bronze,5,5288079,Jayapura
2167,Hadi Siregar,hadi.siregar17@email.com,086305919104,M,1971-12-05,2025-03-27,12,Jl. Thamrin No. 30,Bronze,2,5211677,Palembang
2168,Maya Susanto,maya.susanto521@email.com,082275419402,F,1974-04-11,2023-03-20,1,Jl. Melati No. 2,Bronze,5,4812436,Jakarta
2169,Lina Ramadhan,lina.ramadhan789@email.com,083453500806,F,2001-08-15,2025-04-22,20,Jl. Kenanga No. 92,Platinum,2,2462742,Palangkaraya
2170,Lina Wijaya,lina.wijaya463@email.com,081366525669,F,1974-05-24,2025-08-10,19,Jl. Sudirman No. 123,Silver,2,1761095,Samarinda
2171,Oktavia Santoso,oktavia.santoso985@email.com,086820309284,F,1998-07-05,2025-12-26,7,Jl. Mawar No. 111,Bronze,6,11650390,Semarang
2172,Nanda Sari,nanda.sari32@email.com,084420867094,M,1975-04-07,2026-02-04,10,Jl. Melati No. 11,Bronze,6,7108570,Malang
2173,Budi Susanto,budi.susanto644@email.com,083002904954,M,1974-10-06,2025-12-03,17,Jl. Thamrin No. 29,Bronze,3,3715485,Pontianak
2174,Rina Sari,rina.sari236@email.com,088371319661,F,1975-11-15,2022-06-20,7,Jl. Gajah Mada No. 196,Gold,2,2019947,Semarang
2175,Eka Kusuma,eka.kusuma632@email.com,089686596267,F,1973-01-03,2024-08-24,1,Jl. Ahmad Yani No. 36,Silver,5,12213613,Jakarta
2176,Citra Saputra,citra.saputra715@email.com,084814031358,F,1975-08-20,2026-01-07,22,Jl. Pahlawan No. 84,Bronze,1,1177247,Manado
2177,Lina Pratama,lina.pratama907@email.com,081346879004,F,1966-01-12,2025-11-02,3,Jl. Melati No. 30,Silver,3,1197030,Depok
2178,Eka Kusuma,eka.kusuma14@email.com,086196068428,F,1978-12-02,2022-12-21,14,Jl. Merdeka No. 116,Bronze,3,4872454,Pekanbaru
2179,Maman Santoso,maman.santoso3@email.com,082179647263,M,2006-09-08,2026-03-08,5,Jl. Mawar No. 85,Gold,0,0,Bekasi
2180,Pandu Utami,pandu.utami621@email.com,082702504786,M,2000-01-28,2022-10-17,19,Jl. Sudirman No. 109,Gold,5,5206248,Samarinda
2181,Wulan Saputra,wulan.saputra313@email.com,081039727359,F,1995-12-22,2025-02-17,27,Jl. Diponegoro No. 1,Bronze,3,4757660,Jayapura
2182,Indah Wijaya,indah.wijaya271@email.com,087787271794,F,1971-07-13,2024-03-08,1,Jl. Merdeka No. 8,Silver,2,3577447,Jakarta
2183,Juli Utami,juli.utami338@email.com,085702919159,F,2000-01-04,2023-11-10,24,Jl. Pahlawan No. 77,Bronze,2,562009,Denpasar
2184,Fitri Sari,fitri.sari122@email.com,082540453562,F,1973-05-04,2025-04-15,1,Jl. Gajah Mada No. 5,Silver,5,6770315,Jakarta
2185,Wulan Lestari,wulan.lestari792@email.com,081838128496,F,1971-12-24,2024-05-01,23,Jl. Gajah Mada No. 42,Silver,4,4513641,Palu
2186,Fitri Susanto,fitri.susanto813@email.com,085017720320,F,1975-03-22,2025-11-27,8,Jl. Gajah Mada No. 129,Gold,2,5379892,Yogyakarta
2187,Rudi Ramadhan,rudi.ramadhan944@email.com,088357745485,M,1984-04-12,2025-07-26,15,Jl. Mawar No. 104,Bronze,2,3902431,Banda Aceh
2188,Gita Lestari,gita.lestari937@email.com,086689216022,F,1971-02-04,2022-04-06,12,Jl. Melati No. 176,Bronze,3,3868620,Palembang
2189,Rudi Nugroho,rudi.nugroho412@email.com,081173417196,M,2000-09-06,2025-01-17,23,Jl. Sudirman No. 114,Bronze,7,3774118,Palu
2190,Joko Santoso,joko.santoso724@email.com,083022447926,M,1999-09-01,2024-01-05,9,Jl. Melati No. 111,Bronze,8,13131334,Surabaya
2191,Eka Kusuma,eka.kusuma983@email.com,088433890033,F,1988-12-11,2023-03-27,20,Jl. Kenanga No. 47,Bronze,3,4658966,Palangkaraya
2192,Tika Saputra,tika.saputra622@email.com,081379088056,F,1993-08-20,2023-10-20,15,Jl. Diponegoro No. 115,Platinum,5,8175746,Banda Aceh
2193,Ahmad Susanto,ahmad.susanto995@email.com,085908271575,M,1986-08-14,2026-04-03,10,Jl. Ahmad Yani No. 84,Silver,6,6507562,Malang
2194,Dedi Saputra,dedi.saputra585@email.com,085074176889,M,2001-06-17,2025-01-30,1,Jl. Sudirman No. 90,Silver,2,3960640,Jakarta
2195,Hadi Wijaya,hadi.wijaya535@email.com,082614740244,M,1977-07-23,2023-02-25,25,Jl. Merdeka No. 132,Bronze,3,1240999,Mataram
2196,Nina Ramadhan,nina.ramadhan651@email.com,081976165691,F,1973-11-17,2022-05-25,24,Jl. Mawar No. 72,Bronze,1,2276526,Denpasar
2197,Eko Susanto,eko.susanto655@email.com,085838906966,M,2001-10-25,2026-02-05,8,Jl. Sudirman No. 163,Gold,3,1539601,Yogyakarta
2198,Maya Siregar,maya.siregar694@email.com,084559365646,F,1979-04-17,2026-05-23,2,Jl. Melati No. 94,Silver,4,8512006,Bogor
2199,Rina Ramadhan,rina.ramadhan479@email.com,082042443262,F,1981-04-19,2025-01-23,4,Jl. Kenanga No. 3,Silver,2,3732463,Tangerang
2200,Hani Nugroho,hani.nugroho871@email.com,088833430046,F,2004-10-20,2023-08-06,19,Jl. Ahmad Yani No. 81,Bronze,5,4971983,Samarinda
2201,Juli Hidayat,juli.hidayat928@email.com,084557688727,F,1993-07-19,2022-03-30,4,Jl. Pahlawan No. 35,Bronze,4,5324247,Tangerang
2202,Juli Ramadhan,juli.ramadhan112@email.com,088255785738,F,1993-06-19,2023-09-02,8,Jl. Merdeka No. 188,Bronze,8,6168258,Yogyakarta
2203,Tika Ramadhan,tika.ramadhan978@email.com,085527712344,F,2004-09-11,2023-03-05,17,Jl. Kenanga No. 181,Silver,4,4737349,Pontianak
2204,Lina Sari,lina.sari229@email.com,087429047487,F,1993-09-25,2023-10-06,28,Jl. Pahlawan No. 171,Platinum,4,4089601,Ambon
2205,Oki Nugroho,oki.nugroho40@email.com,081904158966,M,1978-05-22,2023-09-26,17,Jl. Mawar No. 167,Silver,1,1713830,Pontianak
2206,Oktavia Saputra,oktavia.saputra674@email.com,089699630656,F,2005-04-11,2025-11-06,4,Jl. Merdeka No. 126,Silver,4,6096370,Tangerang
2207,Oki Lestari,oki.lestari729@email.com,087446957805,M,1977-04-23,2022-11-01,6,Jl. Ahmad Yani No. 4,Bronze,4,7250623,Bandung
2208,Pandu Lestari,pandu.lestari342@email.com,089775554684,M,1986-03-18,2025-05-22,19,Jl. Thamrin No. 58,Bronze,8,19846851,Samarinda
2209,Oki Pratama,oki.pratama712@email.com,085805557892,M,1994-04-11,2022-11-21,7,Jl. Kenanga No. 116,Bronze,4,3340812,Semarang
2210,Irfan Kusuma,irfan.kusuma77@email.com,086549180165,M,1982-08-16,2023-05-19,5,Jl. Kenanga No. 85,Gold,5,4776446,Bekasi
2211,Nanda Pratama,nanda.pratama38@email.com,085470865599,M,1993-01-05,2023-12-07,12,Jl. Sudirman No. 121,Bronze,4,5375073,Palembang
2212,Pandu Hidayat,pandu.hidayat819@email.com,082682029245,M,1988-10-09,2026-06-12,9,Jl. Thamrin No. 28,Silver,3,6159874,Surabaya
2213,Yusuf Wijaya,yusuf.wijaya774@email.com,084374536615,M,1995-11-24,2022-10-30,21,Jl. Pahlawan No. 84,Bronze,5,5848981,Makassar
2214,Dewi Siregar,dewi.siregar243@email.com,083715795548,F,1974-09-21,2022-12-12,5,Jl. Gajah Mada No. 99,Bronze,6,7465852,Bekasi
2215,Sari Susanto,sari.susanto379@email.com,089330423104,F,1965-05-12,2023-05-24,12,Jl. Kenanga No. 86,Bronze,5,2578455,Palembang
2216,Gita Susanto,gita.susanto499@email.com,088181890625,F,1965-08-16,2024-05-27,11,Jl. Diponegoro No. 60,Silver,5,3326738,Medan
2217,Nina Wibowo,nina.wibowo695@email.com,088831789409,F,2003-01-09,2025-03-26,7,Jl. Merdeka No. 8,Silver,6,12121119,Semarang
2218,Oki Lestari,oki.lestari18@email.com,083944852558,M,1974-07-19,2026-01-16,13,Jl. Thamrin No. 16,Silver,5,2568306,Padang
2219,Kartika Ramadhan,kartika.ramadhan621@email.com,085454423190,F,1971-08-25,2024-03-31,1,Jl. Mawar No. 7,Gold,6,4596396,Jakarta
2220,Maman Ramadhan,maman.ramadhan599@email.com,084643607171,M,1967-01-07,2022-12-20,4,Jl. Ahmad Yani No. 80,Silver,3,5308370,Tangerang
2221,Nina Lestari,nina.lestari746@email.com,089907271295,F,1972-07-06,2022-12-02,16,Jl. Diponegoro No. 176,Bronze,3,2341344,Lampung
2222,Wawan Susanto,wawan.susanto942@email.com,081630097240,M,2003-03-19,2022-05-29,21,Jl. Merdeka No. 87,Bronze,6,6802813,Makassar
2223,Citra Kusuma,citra.kusuma129@email.com,084798729163,F,1967-01-18,2024-05-05,6,Jl. Melati No. 60,Silver,4,2748633,Bandung
2224,Indah Kusuma,indah.kusuma636@email.com,087698687820,F,1968-06-10,2026-05-16,15,Jl. Mawar No. 189,Silver,3,5382912,Banda Aceh
2225,Fitri Siregar,fitri.siregar155@email.com,085281347687,F,1968-07-07,2022-10-25,18,Jl. Pahlawan No. 148,Silver,5,5972821,Banjarmasin
2226,Indah Saputra,indah.saputra332@email.com,089079001925,F,1988-09-19,2024-05-08,23,Jl. Mawar No. 105,Bronze,6,13042742,Palu
2227,Ani Ramadhan,ani.ramadhan712@email.com,087990605521,F,1981-08-05,2026-08-28,14,Jl. Gajah Mada No. 46,Bronze,5,6812342,Pekanbaru
2228,Rudi Sari,rudi.sari561@email.com,082120433390,M,1981-08-16,2025-11-24,15,Jl. Mawar No. 1,Gold,2,2028248,Banda Aceh
2229,Nina Pratama,nina.pratama89@email.com,084956866299,F,1994-01-14,2024-08-16,16,Jl. Melati No. 79,Bronze,1,891264,Lampung
2230,Yusuf Kusuma,yusuf.kusuma737@email.com,089895739751,M,1974-07-22,2026-06-20,17,Jl. Pahlawan No. 66,Bronze,5,3968240,Pontianak
2231,Ahmad Pratama,ahmad.pratama965@email.com,082822119567,M,1969-11-17,2024-10-06,7,Jl. Gajah Mada No. 100,Silver,6,5456826,Semarang
2232,Sari Sari,sari.sari860@email.com,087019050057,F,1977-02-23,2026-06-16,1,Jl. Ahmad Yani No. 121,Platinum,5,6133666,Jakarta
2233,Citra Kusuma,citra.kusuma902@email.com,082127465845,F,1998-04-04,2025-04-08,15,Jl. Melati No. 176,Bronze,5,6239735,Banda Aceh
2234,Indah Wijaya,indah.wijaya619@email.com,088219468565,F,1966-02-19,2024-03-27,27,Jl. Melati No. 6,Silver,4,2925922,Jayapura
2235,Eko Nugroho,eko.nugroho410@email.com,084858650518,M,1997-12-22,2025-11-18,1,Jl. Gajah Mada No. 44,Bronze,7,13238129,Jakarta
2236,Dewi Susanto,dewi.susanto232@email.com,086261057489,F,1983-01-10,2024-08-23,2,Jl. Melati No. 149,Bronze,2,1691627,Bogor
2237,Wulan Saputra,wulan.saputra423@email.com,089947436896,F,1974-11-10,2025-12-03,15,Jl. Merdeka No. 84,Platinum,4,8260494,Banda Aceh
2238,Budi Siregar,budi.siregar481@email.com,085750814737,M,1965-01-22,2025-03-14,27,Jl. Melati No. 189,Bronze,6,13607070,Jayapura
2239,Ahmad Pratama,ahmad.pratama579@email.com,083033904777,M,1987-11-10,2022-11-01,2,Jl. Diponegoro No. 181,Silver,3,4093055,Bogor
2240,Budi Wijaya,budi.wijaya374@email.com,087328080348,M,1976-10-16,2025-10-13,1,Jl. Mawar No. 173,Silver,5,4531025,Jakarta
2241,Hani Wibowo,hani.wibowo767@email.com,089537381761,F,1985-10-28,2024-05-14,20,Jl. Ahmad Yani No. 66,Gold,2,4963196,Palangkaraya
2242,Nanda Kusuma,nanda.kusuma686@email.com,083785055092,M,2004-12-09,2025-09-20,13,Jl. Merdeka No. 73,Bronze,3,875324,Padang
2243,Dewi Pratama,dewi.pratama41@email.com,088949071459,F,1978-08-10,2026-01-12,25,Jl. Sudirman No. 49,Bronze,6,14736832,Mataram
2244,Rudi Utami,rudi.utami790@email.com,087905984635,M,1990-12-19,2026-06-19,14,Jl. Pahlawan No. 137,Bronze,6,8458700,Pekanbaru
2245,Ani Wibowo,ani.wibowo91@email.com,087261225164,F,1986-08-25,2023-10-18,17,Jl. Kenanga No. 169,Bronze,1,66222,Pontianak
2246,Rina Hidayat,rina.hidayat81@email.com,086476222673,F,1990-09-17,2026-01-21,20,Jl. Kenanga No. 157,Bronze,5,4576699,Palangkaraya
2247,Irfan Wibowo,irfan.wibowo291@email.com,084154530661,M,1997-07-06,2023-11-23,26,Jl. Gajah Mada No. 114,Bronze,4,4580556,Kupang
2248,Ani Lestari,ani.lestari188@email.com,086404945999,F,2000-07-07,2025-03-28,20,Jl. Diponegoro No. 82,Bronze,5,9375534,Palangkaraya
2249,Tika Wijaya,tika.wijaya933@email.com,087589476823,F,1970-12-02,2022-08-27,4,Jl. Pahlawan No. 174,Bronze,2,4373726,Tangerang
2250,Wulan Putri,wulan.putri847@email.com,087772626503,F,1969-04-12,2022-12-06,27,Jl. Sudirman No. 129,Silver,4,6578968,Jayapura
2251,Rudi Susanto,rudi.susanto960@email.com,084261424564,M,2006-05-23,2023-02-11,23,Jl. Thamrin No. 38,Silver,0,0,Palu
2252,Indah Kusuma,indah.kusuma9@email.com,086720390760,F,1996-11-05,2025-06-15,12,Jl. Melati No. 42,Gold,7,5984973,Palembang
2253,Sari Wibowo,sari.wibowo875@email.com,086505786272,F,2004-03-03,2026-01-10,4,Jl. Ahmad Yani No. 156,Silver,2,6179717,Tangerang
2254,Oktavia Hidayat,oktavia.hidayat254@email.com,089312803499,F,1983-03-19,2022-01-11,13,Jl. Sudirman No. 124,Silver,2,3228090,Padang
2255,Putri Utami,putri.utami81@email.com,082967143136,F,1970-05-14,2023-01-05,29,Jl. Mawar No. 87,Silver,2,407272,Sorong
2256,Lina Utami,lina.utami886@email.com,087952088903,F,1976-07-15,2025-06-26,5,Jl. Kenanga No. 139,Silver,7,3469756,Bekasi
2257,Kartika Hidayat,kartika.hidayat777@email.com,081297517576,F,1997-05-15,2023-11-06,9,Jl. Ahmad Yani No. 2,Bronze,2,4596020,Surabaya
2258,Wawan Susanto,wawan.susanto986@email.com,087880825032,M,1965-12-11,2024-05-01,7,Jl. Thamrin No. 179,Bronze,0,0,Semarang
2259,Wawan Putri,wawan.putri28@email.com,081476225616,M,1980-09-20,2024-02-11,9,Jl. Ahmad Yani No. 136,Bronze,5,6098609,Surabaya
2260,Putri Lestari,putri.lestari944@email.com,084810009104,F,1987-07-04,2024-05-14,8,Jl. Gajah Mada No. 105,Silver,6,5364639,Yogyakarta
2261,Eka Susanto,eka.susanto477@email.com,089711150892,F,1980-01-26,2025-12-07,5,Jl. Pahlawan No. 86,Silver,4,2992020,Bekasi
2262,Maman Putri,maman.putri134@email.com,089262671689,M,1967-03-23,2024-02-15,4,Jl. Diponegoro No. 64,Bronze,5,5789295,Tangerang
2263,Fitri Utami,fitri.utami424@email.com,085990541829,F,1996-02-18,2025-08-25,29,Jl. Ahmad Yani No. 117,Gold,1,943162,Sorong
2264,Nina Putri,nina.putri79@email.com,084000157095,F,1971-03-21,2022-05-09,28,Jl. Mawar No. 140,Gold,3,1316154,Ambon
2265,Sari Utami,sari.utami327@email.com,086578336452,F,1990-07-03,2022-04-08,26,Jl. Kenanga No. 131,Bronze,5,6682671,Kupang
2266,Maya Putri,maya.putri304@email.com,089933123409,F,1985-12-27,2024-06-05,12,Jl. Merdeka No. 43,Silver,1,3232978,Palembang
2267,Maman Kusuma,maman.kusuma391@email.com,089269212519,M,1998-12-18,2022-12-17,3,Jl. Kenanga No. 70,Bronze,2,2031640,Depok
2268,Fitri Sari,fitri.sari905@email.com,085449600498,F,1999-05-15,2022-11-17,17,Jl. Thamrin No. 12,Bronze,7,9451167,Pontianak
2269,Hadi Wibowo,hadi.wibowo812@email.com,084714604888,M,2000-08-03,2025-01-11,20,Jl. Diponegoro No. 191,Bronze,4,2838798,Palangkaraya
2270,Irfan Wibowo,irfan.wibowo130@email.com,088677889851,M,1998-07-10,2024-02-21,14,Jl. Mawar No. 140,Bronze,3,3345597,Pekanbaru
2271,Sari Susanto,sari.susanto148@email.com,087567796507,F,1986-03-16,2026-05-12,22,Jl. Pahlawan No. 8,Silver,5,7589670,Manado
2272,Ahmad Sari,ahmad.sari276@email.com,084192791245,M,2000-04-27,2024-07-08,16,Jl. Pahlawan No. 47,Silver,5,5711678,Lampung
2273,Joko Hidayat,joko.hidayat378@email.com,083063038826,M,1987-11-23,2025-07-20,21,Jl. Gajah Mada No. 109,Bronze,4,6613784,Makassar
2274,Rudi Nugroho,rudi.nugroho339@email.com,086209647296,M,1967-01-09,2026-01-01,21,Jl. Melati No. 92,Silver,3,2051949,Makassar
2275,Gita Santoso,gita.santoso652@email.com,081543587330,F,1994-04-24,2026-05-09,5,Jl. Melati No. 89,Gold,3,3927125,Bekasi
2276,Ani Hidayat,ani.hidayat745@email.com,085170235520,F,1981-01-25,2022-12-01,23,Jl. Gajah Mada No. 88,Bronze,5,10845575,Palu
2277,Rina Lestari,rina.lestari461@email.com,089517194964,F,1979-10-26,2026-06-06,24,Jl. Merdeka No. 76,Bronze,5,5854750,Denpasar
2278,Putri Sari,putri.sari653@email.com,086521133946,F,1988-10-14,2022-05-22,18,Jl. Mawar No. 60,Silver,5,3459450,Banjarmasin
2279,Maya Lestari,maya.lestari950@email.com,089150889539,F,1982-09-22,2023-09-01,1,Jl. Pahlawan No. 128,Silver,5,11751742,Jakarta
2280,Hadi Susanto,hadi.susanto291@email.com,086713571316,M,1969-12-06,2025-07-01,6,Jl. Melati No. 120,Gold,3,3860889,Bandung
2281,Ani Santoso,ani.santoso630@email.com,085980701214,F,1975-04-22,2024-05-16,22,Jl. Ahmad Yani No. 9,Bronze,6,9910210,Manado
2282,Umar Lestari,umar.lestari967@email.com,084085550927,M,1968-02-05,2023-02-27,11,Jl. Diponegoro No. 63,Silver,2,5006237,Medan
2283,Eko Putri,eko.putri778@email.com,082614569295,M,1996-02-28,2024-10-30,24,Jl. Melati No. 58,Bronze,0,0,Denpasar
2284,Sari Lestari,sari.lestari554@email.com,083893341441,F,2000-02-02,2023-10-19,2,Jl. Sudirman No. 94,Gold,3,4824717,Bogor
2285,Rudi Hidayat,rudi.hidayat470@email.com,081090949567,M,1977-06-13,2026-07-14,27,Jl. Mawar No. 126,Bronze,2,2581988,Jayapura
2286,Citra Pratama,citra.pratama636@email.com,086875905601,F,2003-07-22,2024-01-20,13,Jl. Kenanga No. 171,Gold,5,5000747,Padang
2287,Putri Pratama,putri.pratama377@email.com,086766437294,F,2004-10-12,2023-12-04,19,Jl. Diponegoro No. 177,Silver,2,3955532,Samarinda
2288,Wawan Susanto,wawan.susanto527@email.com,088902057026,M,1993-02-10,2022-06-19,21,Jl. Sudirman No. 144,Bronze,7,7432477,Makassar
2289,Fitri Susanto,fitri.susanto956@email.com,084261200703,F,1988-03-26,2022-09-26,11,Jl. Pahlawan No. 167,Bronze,1,260834,Medan
2290,Yusuf Ramadhan,yusuf.ramadhan930@email.com,086902405487,M,1970-05-27,2023-01-14,23,Jl. Ahmad Yani No. 182,Bronze,4,6079170,Palu
2291,Budi Utami,budi.utami395@email.com,089081873937,M,1973-08-21,2022-03-24,7,Jl. Mawar No. 52,Bronze,8,6648821,Semarang
2292,Lukman Santoso,lukman.santoso248@email.com,085025209532,M,1988-11-28,2026-08-12,7,Jl. Thamrin No. 189,Platinum,5,5695790,Semarang
2293,Ani Susanto,ani.susanto447@email.com,086298063721,F,2002-04-25,2022-12-21,23,Jl. Merdeka No. 148,Bronze,4,3329423,Palu
2294,Dedi Wibowo,dedi.wibowo676@email.com,086002631803,M,1988-12-27,2022-03-21,18,Jl. Mawar No. 147,Bronze,1,227829,Banjarmasin
2295,Ahmad Hidayat,ahmad.hidayat140@email.com,083814955011,M,2003-05-03,2024-09-06,27,Jl. Thamrin No. 84,Bronze,3,4967526,Jayapura
2296,Dedi Sari,dedi.sari820@email.com,085197875893,M,1970-02-07,2025-05-02,29,Jl. Ahmad Yani No. 129,Silver,8,14899647,Sorong
2297,Citra Putri,citra.putri181@email.com,089128198900,F,2004-07-23,2025-05-15,7,Jl. Pahlawan No. 140,Bronze,4,4209380,Semarang
2298,Sandi Putri,sandi.putri120@email.com,081647411821,M,1973-02-25,2026-08-06,10,Jl. Thamrin No. 159,Bronze,4,10546196,Malang
2299,Teguh Wijaya,teguh.wijaya880@email.com,081147617239,M,1970-05-19,2022-03-22,8,Jl. Kenanga No. 135,Platinum,3,2164805,Yogyakarta
2300,Umar Sari,umar.sari694@email.com,087065217872,M,1969-10-13,2024-12-17,21,Jl. Gajah Mada No. 41,Bronze,4,7635749,Makassar
2301,Wawan Wibowo,wawan.wibowo687@email.com,081931828243,M,1997-03-03,2022-03-15,19,Jl. Gajah Mada No. 101,Platinum,8,9780260,Samarinda
2302,Eko Nugroho,eko.nugroho501@email.com,085254215023,M,1992-11-13,2023-04-24,5,Jl. Mawar No. 22,Bronze,5,4301418,Bekasi
2303,Umar Siregar,umar.siregar813@email.com,088570861873,M,2004-02-17,2022-07-08,19,Jl. Ahmad Yani No. 10,Bronze,1,861915,Samarinda
2304,Eko Putri,eko.putri909@email.com,085235279131,M,1975-01-25,2023-02-26,24,Jl. Ahmad Yani No. 68,Silver,3,6970870,Denpasar
2305,Ani Nugroho,ani.nugroho401@email.com,082481516227,F,1998-08-25,2023-06-09,3,Jl. Mawar No. 117,Bronze,1,1110178,Depok
2306,Nanda Susanto,nanda.susanto78@email.com,088840503950,M,1994-03-08,2025-08-30,28,Jl. Diponegoro No. 31,Bronze,6,9749259,Ambon
2307,Sandi Ramadhan,sandi.ramadhan996@email.com,084303573261,M,1969-02-21,2026-01-31,17,Jl. Gajah Mada No. 198,Gold,6,8468969,Pontianak
2308,Ani Putri,ani.putri791@email.com,081883793757,F,2004-07-28,2025-03-20,25,Jl. Pahlawan No. 103,Gold,4,2863458,Mataram
2309,Ahmad Pratama,ahmad.pratama884@email.com,086999650102,M,1982-07-20,2025-05-29,20,Jl. Kenanga No. 63,Gold,3,2557185,Palangkaraya
2310,Joko Putri,joko.putri111@email.com,084516685756,M,1968-01-16,2024-08-02,23,Jl. Merdeka No. 149,Bronze,6,4833321,Palu
2311,Kurnia Ramadhan,kurnia.ramadhan187@email.com,086223550582,M,1991-04-08,2025-02-19,2,Jl. Diponegoro No. 8,Silver,5,3823181,Bogor
2312,Kartika Siregar,kartika.siregar903@email.com,083371077130,F,1996-05-10,2026-05-13,18,Jl. Kenanga No. 167,Bronze,3,4015070,Banjarmasin
2313,Kartika Lestari,kartika.lestari146@email.com,089114662784,F,2001-08-06,2022-01-11,24,Jl. Melati No. 178,Bronze,7,8884951,Denpasar
2314,Sari Pratama,sari.pratama116@email.com,084304101042,F,1987-06-28,2023-07-16,24,Jl. Kenanga No. 108,Silver,6,7175414,Denpasar
2315,Lukman Sari,lukman.sari556@email.com,088346261022,M,1980-07-16,2022-12-05,28,Jl. Diponegoro No. 102,Gold,1,1110563,Ambon
2316,Fajar Putri,fajar.putri242@email.com,087061034396,M,1967-05-23,2022-02-04,18,Jl. Mawar No. 94,Silver,4,3855359,Banjarmasin
2317,Nina Siregar,nina.siregar492@email.com,082141383060,F,1998-07-24,2023-07-15,26,Jl. Pahlawan No. 60,Bronze,5,5194754,Kupang
2318,Fajar Santoso,fajar.santoso354@email.com,084823643757,M,1971-08-11,2023-04-12,13,Jl. Kenanga No. 114,Bronze,6,7318068,Padang
2319,Eko Hidayat,eko.hidayat106@email.com,088628947857,M,1984-01-17,2024-11-17,12,Jl. Ahmad Yani No. 21,Bronze,4,5582672,Palembang
2320,Umar Wijaya,umar.wijaya914@email.com,081293955985,M,1978-12-13,2023-10-01,23,Jl. Pahlawan No. 138,Bronze,3,1861192,Palu
2321,Lukman Saputra,lukman.saputra529@email.com,083609501059,M,1989-02-03,2023-02-11,1,Jl. Pahlawan No. 192,Silver,2,3667243,Jakarta
2322,Kartika Pratama,kartika.pratama932@email.com,082108979346,F,1982-07-12,2025-07-15,23,Jl. Pahlawan No. 129,Platinum,5,6322241,Palu
2323,Rina Utami,rina.utami92@email.com,089541137907,F,1979-08-15,2026-05-15,9,Jl. Merdeka No. 51,Bronze,1,975825,Surabaya
2324,Kartika Hidayat,kartika.hidayat807@email.com,082821028996,F,1987-11-14,2025-03-06,11,Jl. Merdeka No. 60,Platinum,2,1645611,Medan
2325,Dedi Lestari,dedi.lestari795@email.com,087539772068,M,1973-03-16,2025-08-10,14,Jl. Kenanga No. 121,Gold,0,0,Pekanbaru
2326,Eko Ramadhan,eko.ramadhan823@email.com,086186857522,M,1993-12-28,2026-01-28,28,Jl. Melati No. 60,Silver,4,3228645,Ambon
2327,Wawan Pratama,wawan.pratama809@email.com,083514604433,M,2005-08-01,2025-10-22,27,Jl. Ahmad Yani No. 8,Silver,4,3878238,Jayapura
2328,Pandu Ramadhan,pandu.ramadhan194@email.com,081082723317,M,1999-02-03,2022-03-09,12,Jl. Ahmad Yani No. 136,Silver,4,899041,Palembang
2329,Gita Wibowo,gita.wibowo708@email.com,082803767845,F,1994-01-01,2024-08-28,24,Jl. Mawar No. 147,Bronze,5,2734599,Denpasar
2330,Dewi Hidayat,dewi.hidayat292@email.com,086957969875,F,2003-06-09,2023-01-07,26,Jl. Kenanga No. 85,Bronze,2,2359467,Kupang
2331,Sandi Wibowo,sandi.wibowo487@email.com,082472293115,M,1987-07-05,2025-11-30,23,Jl. Melati No. 2,Platinum,5,7873825,Palu
2332,Pandu Siregar,pandu.siregar210@email.com,086458483030,M,1969-11-15,2026-01-11,24,Jl. Mawar No. 149,Silver,3,5465837,Denpasar
2333,Kartika Lestari,kartika.lestari836@email.com,085992067081,F,1985-11-04,2023-04-25,6,Jl. Ahmad Yani No. 188,Silver,4,9485011,Bandung
2334,Citra Ramadhan,citra.ramadhan14@email.com,081444270728,F,1968-02-15,2022-04-05,22,Jl. Kenanga No. 73,Silver,2,3699172,Manado
2335,Oktavia Saputra,oktavia.saputra278@email.com,082210500728,F,1980-01-28,2026-02-19,3,Jl. Ahmad Yani No. 45,Silver,3,5400087,Depok
2336,Maman Susanto,maman.susanto656@email.com,086210943992,M,1974-09-07,2026-05-04,12,Jl. Thamrin No. 173,Silver,2,2148612,Palembang
2337,Lina Wibowo,lina.wibowo128@email.com,083832723152,F,1996-10-18,2025-09-10,13,Jl. Merdeka No. 36,Bronze,3,3754433,Padang
2338,Maya Hidayat,maya.hidayat85@email.com,083406760661,F,1995-02-27,2024-07-23,21,Jl. Sudirman No. 135,Gold,6,7381340,Makassar
2339,Bella Ramadhan,bella.ramadhan955@email.com,085303682052,F,2003-05-03,2024-12-04,29,Jl. Kenanga No. 31,Bronze,5,6151467,Sorong
2340,Dewi Wijaya,dewi.wijaya730@email.com,083790164688,F,1981-05-13,2024-04-01,10,Jl. Sudirman No. 150,Gold,9,11374102,Malang
2341,Budi Utami,budi.utami750@email.com,088591124457,M,1988-05-06,2024-07-25,19,Jl. Mawar No. 55,Platinum,8,12142028,Samarinda
2342,Fitri Putri,fitri.putri691@email.com,088421742187,F,1995-05-18,2026-01-17,16,Jl. Mawar No. 2,Bronze,3,4659546,Lampung
2343,Fajar Pratama,fajar.pratama89@email.com,089722194873,M,1986-02-06,2022-12-20,8,Jl. Thamrin No. 194,Bronze,2,1611911,Yogyakarta
2344,Tika Lestari,tika.lestari422@email.com,084126791506,F,1991-11-13,2025-06-12,2,Jl. Thamrin No. 139,Bronze,1,5801235,Bogor
2345,Umar Putri,umar.putri65@email.com,087055333487,M,2006-06-15,2025-03-15,27,Jl. Pahlawan No. 195,Gold,7,7378410,Jayapura
2346,Eko Utami,eko.utami763@email.com,083028884825,M,1965-04-22,2022-01-03,23,Jl. Kenanga No. 6,Bronze,4,6274642,Palu
2347,Sandi Sari,sandi.sari770@email.com,088443930537,M,1998-11-17,2022-05-05,25,Jl. Pahlawan No. 193,Gold,5,4172306,Mataram
2348,Hadi Santoso,hadi.santoso241@email.com,087164111454,M,1967-10-17,2026-06-28,16,Jl. Ahmad Yani No. 139,Bronze,3,9644089,Lampung
2349,Fitri Lestari,fitri.lestari294@email.com,086756603973,F,1968-08-26,2023-12-13,14,Jl. Gajah Mada No. 114,Bronze,6,7872455,Pekanbaru
2350,Maya Pratama,maya.pratama165@email.com,083156696866,F,1970-10-17,2023-07-20,22,Jl. Mawar No. 151,Bronze,4,2285540,Manado
2351,Tika Pratama,tika.pratama342@email.com,084284422449,F,1967-04-10,2026-07-10,1,Jl. Thamrin No. 16,Bronze,6,6237191,Jakarta
2352,Oki Lestari,oki.lestari762@email.com,086393143785,M,1978-03-28,2022-04-30,8,Jl. Thamrin No. 96,Platinum,3,2945343,Yogyakarta
2353,Joko Santoso,joko.santoso794@email.com,088816915762,M,1967-08-25,2026-01-05,20,Jl. Merdeka No. 188,Bronze,5,9387954,Palangkaraya
2354,Citra Saputra,citra.saputra279@email.com,087292059685,F,1974-11-05,2023-12-04,17,Jl. Mawar No. 95,Bronze,2,5355850,Pontianak
2355,Sari Putri,sari.putri26@email.com,089855573028,F,2005-10-19,2026-04-06,16,Jl. Gajah Mada No. 54,Bronze,0,0,Lampung
2356,Wulan Siregar,wulan.siregar237@email.com,082107551706,F,1973-08-14,2023-02-02,7,Jl. Thamrin No. 137,Gold,4,4154934,Semarang
2357,Fitri Utami,fitri.utami917@email.com,086236063884,F,1979-08-05,2024-11-30,25,Jl. Thamrin No. 48,Bronze,8,4902663,Mataram
2358,Eko Santoso,eko.santoso845@email.com,084802533859,M,1979-12-16,2026-07-17,8,Jl. Merdeka No. 140,Silver,3,2135427,Yogyakarta
2359,Eka Ramadhan,eka.ramadhan457@email.com,085342815588,F,1967-04-24,2023-05-30,7,Jl. Diponegoro No. 49,Bronze,4,5836321,Semarang
2360,Eko Ramadhan,eko.ramadhan288@email.com,086871797310,M,1997-04-18,2025-01-05,21,Jl. Sudirman No. 33,Bronze,2,2111796,Makassar
2361,Sari Ramadhan,sari.ramadhan104@email.com,083909976170,F,1994-04-15,2023-07-06,1,Jl. Mawar No. 108,Silver,3,1921618,Jakarta
2362,Sari Santoso,sari.santoso379@email.com,086826304530,F,2005-07-10,2025-08-29,29,Jl. Ahmad Yani No. 187,Gold,4,6717086,Sorong
2363,Eko Pratama,eko.pratama636@email.com,083872118600,M,1999-04-15,2025-09-25,16,Jl. Pahlawan No. 75,Bronze,3,2229013,Lampung
2364,Fajar Ramadhan,fajar.ramadhan439@email.com,086171906064,M,1977-11-20,2024-07-11,27,Jl. Thamrin No. 135,Platinum,4,3319125,Jayapura
2365,Wawan Santoso,wawan.santoso480@email.com,081907212585,M,1994-10-20,2025-05-20,8,Jl. Gajah Mada No. 6,Bronze,2,6891754,Yogyakarta
2366,Yusuf Sari,yusuf.sari988@email.com,089936526354,M,2002-11-14,2026-04-01,12,Jl. Merdeka No. 33,Bronze,3,3526022,Palembang
2367,Nina Saputra,nina.saputra654@email.com,085453123216,F,2006-09-13,2026-02-17,29,Jl. Mawar No. 58,Platinum,0,0,Sorong
2368,Nina Nugroho,nina.nugroho545@email.com,082840660406,F,2001-10-22,2023-09-02,3,Jl. Thamrin No. 144,Silver,3,4866334,Depok
2369,Ahmad Putri,ahmad.putri878@email.com,087312325287,M,1976-05-05,2023-11-17,17,Jl. Thamrin No. 40,Bronze,6,15063457,Pontianak
2370,Tika Utami,tika.utami587@email.com,082780831544,F,1993-05-07,2023-05-11,13,Jl. Kenanga No. 155,Bronze,6,5021314,Padang
2371,Wulan Hidayat,wulan.hidayat329@email.com,086523313458,F,2000-10-12,2023-02-16,1,Jl. Gajah Mada No. 112,Silver,3,8189249,Jakarta
2372,Gita Wijaya,gita.wijaya33@email.com,081230104469,F,1997-08-07,2022-04-30,16,Jl. Sudirman No. 5,Silver,3,5612667,Lampung
2373,Gita Saputra,gita.saputra997@email.com,086015425828,F,1979-11-24,2024-02-10,22,Jl. Pahlawan No. 169,Silver,6,5221953,Manado
2374,Hadi Kusuma,hadi.kusuma275@email.com,083423565290,M,1983-09-15,2023-02-23,24,Jl. Kenanga No. 17,Bronze,3,1552364,Denpasar
2375,Ani Utami,ani.utami11@email.com,087525761668,F,1972-01-20,2025-04-03,4,Jl. Pahlawan No. 185,Platinum,2,2350293,Tangerang
2376,Rudi Putri,rudi.putri312@email.com,089329853360,M,1974-07-10,2026-03-08,28,Jl. Sudirman No. 124,Platinum,3,3474317,Ambon
2377,Yusuf Ramadhan,yusuf.ramadhan941@email.com,087076664228,M,1977-08-04,2025-05-12,1,Jl. Gajah Mada No. 164,Gold,8,10452910,Jakarta
2378,Ahmad Hidayat,ahmad.hidayat279@email.com,087092268944,M,1996-04-23,2026-03-19,12,Jl. Kenanga No. 77,Bronze,7,11458181,Palembang
2379,Gita Susanto,gita.susanto763@email.com,088351005928,F,1993-09-02,2025-01-10,8,Jl. Thamrin No. 129,Gold,7,15018903,Yogyakarta
2380,Maman Saputra,maman.saputra454@email.com,089134363120,M,1970-09-07,2023-12-08,14,Jl. Mawar No. 114,Bronze,5,4830422,Pekanbaru
2381,Rudi Hidayat,rudi.hidayat621@email.com,088814311396,M,1981-06-02,2026-07-28,8,Jl. Melati No. 82,Silver,4,7360035,Yogyakarta
2382,Oki Kusuma,oki.kusuma47@email.com,088185765200,M,1968-03-08,2023-10-25,24,Jl. Ahmad Yani No. 101,Gold,1,455330,Denpasar
2383,Kurnia Siregar,kurnia.siregar542@email.com,082417238860,M,1979-06-09,2023-09-03,8,Jl. Sudirman No. 48,Gold,3,7545644,Yogyakarta
2384,Maya Santoso,maya.santoso6@email.com,081193303039,F,1997-08-03,2023-04-27,27,Jl. Gajah Mada No. 80,Bronze,4,12836078,Jayapura
2385,Maya Saputra,maya.saputra489@email.com,087023095493,F,2002-01-07,2023-09-06,1,Jl. Mawar No. 71,Bronze,3,9555866,Jakarta
2386,Dedi Saputra,dedi.saputra347@email.com,084240805183,M,1976-02-26,2023-01-17,3,Jl. Kenanga No. 175,Bronze,3,3767804,Depok
2387,Lina Sari,lina.sari72@email.com,081190758672,F,1997-12-23,2024-04-17,26,Jl. Ahmad Yani No. 32,Bronze,3,5256742,Kupang
2388,Irfan Putri,irfan.putri733@email.com,088136121063,M,1999-07-23,2022-09-26,12,Jl. Merdeka No. 26,Gold,2,3822524,Palembang
2389,Kartika Susanto,kartika.susanto347@email.com,083069832083,F,1966-03-19,2026-04-19,1,Jl. Melati No. 3,Bronze,2,6269135,Jakarta
2390,Dedi Kusuma,dedi.kusuma987@email.com,083327774460,M,1987-08-04,2023-08-26,28,Jl. Gajah Mada No. 144,Bronze,5,5629620,Ambon
2391,Yusuf Hidayat,yusuf.hidayat936@email.com,082604931554,M,2002-02-07,2025-03-09,20,Jl. Gajah Mada No. 87,Bronze,4,7283725,Palangkaraya
2392,Wawan Putri,wawan.putri84@email.com,087449607767,M,1991-09-15,2025-03-26,27,Jl. Mawar No. 20,Bronze,3,2444424,Jayapura
2393,Lukman Lestari,lukman.lestari770@email.com,082570413237,M,1978-12-06,2025-05-08,5,Jl. Mawar No. 180,Bronze,4,2405591,Bekasi
2394,Citra Kusuma,citra.kusuma781@email.com,086131254431,F,1978-03-03,2023-03-27,19,Jl. Kenanga No. 91,Bronze,4,3808108,Samarinda
2395,Budi Lestari,budi.lestari54@email.com,084551266859,M,1981-01-22,2026-04-30,28,Jl. Mawar No. 174,Bronze,5,3591780,Ambon
2396,Putri Pratama,putri.pratama734@email.com,087223260921,F,1987-07-05,2025-02-12,17,Jl. Melati No. 2,Bronze,3,2877727,Pontianak
2397,Dedi Susanto,dedi.susanto739@email.com,089730916800,M,1991-12-05,2023-01-07,29,Jl. Diponegoro No. 16,Platinum,9,13037498,Sorong
2398,Citra Saputra,citra.saputra121@email.com,087675956756,F,1970-03-04,2024-10-01,11,Jl. Merdeka No. 165,Bronze,2,2257561,Medan
2399,Eko Ramadhan,eko.ramadhan696@email.com,081951988112,M,2006-04-28,2022-09-27,24,Jl. Merdeka No. 47,Bronze,1,1561600,Denpasar
2400,Tika Susanto,tika.susanto118@email.com,088691053097,F,1992-03-08,2022-05-02,5,Jl. Gajah Mada No. 154,Bronze,3,5681564,Bekasi
2401,Ahmad Siregar,ahmad.siregar585@email.com,088571211387,M,1989-11-04,2025-12-12,19,Jl. Melati No. 13,Platinum,3,3308533,Samarinda
2402,Ani Pratama,ani.pratama51@email.com,084618717922,F,1969-03-25,2022-07-02,6,Jl. Pahlawan No. 2,Silver,6,5349968,Bandung
2403,Indah Utami,indah.utami262@email.com,088762178452,F,2000-01-09,2025-11-12,4,Jl. Merdeka No. 139,Silver,5,5566278,Tangerang
2404,Dewi Hidayat,dewi.hidayat436@email.com,087716998104,F,2000-04-09,2026-07-06,2,Jl. Ahmad Yani No. 72,Silver,4,6570273,Bogor
2405,Ani Wibowo,ani.wibowo871@email.com,088474112484,F,2002-11-26,2022-01-24,13,Jl. Melati No. 9,Bronze,1,222494,Padang
2406,Rudi Hidayat,rudi.hidayat226@email.com,083808312666,M,1992-10-18,2024-03-26,11,Jl. Mawar No. 67,Bronze,3,1199088,Medan
2407,Citra Hidayat,citra.hidayat298@email.com,087959127060,F,2004-11-01,2025-09-24,5,Jl. Mawar No. 167,Bronze,6,7997934,Bekasi
2408,Fitri Pratama,fitri.pratama466@email.com,082483466632,F,2005-09-10,2023-01-26,28,Jl. Merdeka No. 25,Bronze,2,1560708,Ambon
2409,Putri Kusuma,putri.kusuma301@email.com,087522992945,F,1990-02-16,2025-07-14,17,Jl. Kenanga No. 4,Bronze,4,10521572,Pontianak
2410,Eka Lestari,eka.lestari777@email.com,086970991010,F,1989-02-04,2024-07-02,26,Jl. Thamrin No. 197,Silver,3,3093439,Kupang
2411,Nina Santoso,nina.santoso131@email.com,089337515433,F,1984-10-17,2023-01-24,25,Jl. Melati No. 153,Gold,2,3578212,Mataram
2412,Putri Ramadhan,putri.ramadhan162@email.com,088899248623,F,1990-06-13,2022-09-13,2,Jl. Mawar No. 176,Bronze,2,5140104,Bogor
2413,Dedi Siregar,dedi.siregar89@email.com,085928550814,M,1996-03-07,2026-08-11,12,Jl. Thamrin No. 71,Bronze,6,8175329,Palembang
2414,Maman Kusuma,maman.kusuma534@email.com,085563483717,M,1989-01-01,2026-08-23,11,Jl. Thamrin No. 28,Bronze,2,2307567,Medan
2415,Maman Utami,maman.utami919@email.com,086272767389,M,2005-06-24,2022-01-17,5,Jl. Diponegoro No. 197,Bronze,3,1185941,Bekasi
2416,Teguh Hidayat,teguh.hidayat984@email.com,086282532901,M,1966-06-20,2024-04-27,12,Jl. Thamrin No. 63,Bronze,4,5948780,Palembang
2417,Ahmad Lestari,ahmad.lestari911@email.com,084196187063,M,2002-05-09,2022-10-28,3,Jl. Sudirman No. 71,Gold,6,8835205,Depok
2418,Kurnia Wibowo,kurnia.wibowo228@email.com,084685593739,M,1999-08-17,2026-07-12,1,Jl. Mawar No. 124,Silver,4,6520869,Jakarta
2419,Lukman Santoso,lukman.santoso953@email.com,083280213944,M,1971-02-14,2022-11-01,25,Jl. Diponegoro No. 24,Bronze,3,6184086,Mataram
2420,Teguh Wijaya,teguh.wijaya393@email.com,082334584949,M,1967-11-19,2022-02-01,21,Jl. Pahlawan No. 89,Platinum,3,3904575,Makassar
2421,Gita Ramadhan,gita.ramadhan996@email.com,085842561021,F,1997-08-15,2024-01-11,11,Jl. Diponegoro No. 197,Silver,4,5365024,Medan
2422,Irfan Susanto,irfan.susanto319@email.com,081797487039,M,2005-03-11,2024-10-08,25,Jl. Gajah Mada No. 52,Bronze,4,3675252,Mataram
2423,Rudi Sari,rudi.sari340@email.com,086366681877,M,1976-09-01,2025-02-14,22,Jl. Gajah Mada No. 94,Bronze,3,3710432,Manado
2424,Teguh Nugroho,teguh.nugroho485@email.com,087163914486,M,1981-08-13,2022-01-15,6,Jl. Pahlawan No. 182,Bronze,2,1975851,Bandung
2425,Umar Sari,umar.sari848@email.com,087444830150,M,1985-12-23,2023-09-05,16,Jl. Sudirman No. 186,Silver,2,1241888,Lampung
2426,Sandi Pratama,sandi.pratama569@email.com,081814249351,M,1978-12-13,2022-05-28,7,Jl. Gajah Mada No. 199,Silver,5,7167906,Semarang
2427,Oki Kusuma,oki.kusuma862@email.com,085648011530,M,2006-01-16,2025-09-06,4,Jl. Ahmad Yani No. 57,Bronze,2,3397744,Tangerang
2428,Ahmad Utami,ahmad.utami146@email.com,086608759613,M,1982-05-12,2022-06-17,13,Jl. Mawar No. 80,Bronze,3,3220104,Padang
2429,Irfan Wijaya,irfan.wijaya831@email.com,088951244137,M,2004-08-04,2026-06-18,20,Jl. Diponegoro No. 59,Gold,7,12671789,Palangkaraya
2430,Tika Siregar,tika.siregar631@email.com,083007481368,F,2004-07-27,2022-12-04,15,Jl. Sudirman No. 7,Silver,6,10796845,Banda Aceh
2431,Lukman Putri,lukman.putri374@email.com,089885511142,M,2003-10-16,2023-09-10,10,Jl. Melati No. 135,Silver,6,10712016,Malang
2432,Rina Saputra,rina.saputra587@email.com,083537309627,F,1973-02-12,2025-12-26,2,Jl. Mawar No. 156,Bronze,3,2819621,Bogor
2433,Nina Siregar,nina.siregar598@email.com,084725821661,F,1973-08-10,2024-11-20,8,Jl. Diponegoro No. 55,Bronze,2,2840060,Yogyakarta
2434,Hadi Putri,hadi.putri42@email.com,082885369993,M,1985-05-18,2025-05-18,28,Jl. Ahmad Yani No. 116,Bronze,3,6442269,Ambon
2435,Lukman Susanto,lukman.susanto406@email.com,087681146112,M,1998-04-26,2026-02-20,29,Jl. Ahmad Yani No. 118,Bronze,3,3271801,Sorong
2436,Indah Santoso,indah.santoso421@email.com,086812174113,F,1979-07-13,2022-02-06,15,Jl. Merdeka No. 1,Silver,1,810596,Banda Aceh
2437,Maya Susanto,maya.susanto887@email.com,085153464258,F,2000-03-04,2022-11-28,5,Jl. Melati No. 33,Bronze,3,4547361,Bekasi
2438,Teguh Saputra,teguh.saputra810@email.com,082891348756,M,1975-08-18,2025-01-05,28,Jl. Pahlawan No. 67,Silver,3,3419899,Ambon
2439,Yusuf Putri,yusuf.putri369@email.com,084266280363,M,1984-12-25,2022-01-23,7,Jl. Pahlawan No. 103,Silver,3,10348081,Semarang
2440,Bella Siregar,bella.siregar187@email.com,086164202426,F,1987-04-04,2025-01-17,9,Jl. Ahmad Yani No. 53,Platinum,4,8213820,Surabaya
2441,Tika Siregar,tika.siregar317@email.com,088723800791,F,1972-09-22,2022-07-07,18,Jl. Gajah Mada No. 26,Bronze,2,1348420,Banjarmasin
2442,Fitri Wijaya,fitri.wijaya699@email.com,085674420102,F,1980-08-18,2024-03-07,1,Jl. Merdeka No. 79,Silver,7,7647388,Jakarta
2443,Oki Hidayat,oki.hidayat421@email.com,088415739509,M,1971-02-23,2024-12-19,21,Jl. Kenanga No. 90,Gold,3,1270366,Makassar
2444,Tika Siregar,tika.siregar512@email.com,081448400124,F,1969-10-08,2022-12-08,9,Jl. Pahlawan No. 50,Gold,4,4676825,Surabaya
2445,Kartika Lestari,kartika.lestari438@email.com,087526918982,F,1996-07-15,2022-12-30,16,Jl. Mawar No. 125,Bronze,9,16802985,Lampung
2446,Nanda Utami,nanda.utami795@email.com,082325420066,M,1969-04-27,2024-05-20,18,Jl. Mawar No. 66,Platinum,5,5568881,Banjarmasin
2447,Wawan Pratama,wawan.pratama669@email.com,082278955934,M,2000-01-18,2026-05-06,8,Jl. Pahlawan No. 126,Gold,6,7921965,Yogyakarta
2448,Irfan Lestari,irfan.lestari373@email.com,084718954345,M,1996-07-04,2022-01-27,20,Jl. Merdeka No. 25,Bronze,7,13229451,Palangkaraya
2449,Yusuf Wijaya,yusuf.wijaya290@email.com,086148848253,M,1998-01-10,2023-09-23,11,Jl. Ahmad Yani No. 128,Silver,2,2977833,Medan
2450,Kurnia Lestari,kurnia.lestari744@email.com,082691272364,M,1970-01-28,2022-01-27,20,Jl. Pahlawan No. 199,Gold,2,756480,Palangkaraya
2451,Oktavia Susanto,oktavia.susanto675@email.com,085104786472,F,1984-11-26,2022-02-07,20,Jl. Gajah Mada No. 124,Bronze,4,12591848,Palangkaraya
2452,Oki Nugroho,oki.nugroho237@email.com,086957568438,M,1989-08-22,2025-03-18,20,Jl. Thamrin No. 10,Silver,8,7950605,Palangkaraya
2453,Dewi Santoso,dewi.santoso443@email.com,082312338644,F,1977-08-06,2023-01-07,26,Jl. Thamrin No. 15,Bronze,1,748261,Kupang
2454,Tika Lestari,tika.lestari481@email.com,088067816229,F,1982-06-20,2022-11-21,15,Jl. Gajah Mada No. 175,Bronze,3,6399584,Banda Aceh
2455,Hadi Utami,hadi.utami119@email.com,088221087787,M,1994-01-04,2024-09-28,29,Jl. Ahmad Yani No. 174,Silver,3,1835981,Sorong
2456,Putri Putri,putri.putri871@email.com,082776865747,F,1976-12-27,2026-07-14,21,Jl. Kenanga No. 109,Silver,11,11620446,Makassar
2457,Rina Sari,rina.sari431@email.com,084239800033,F,2006-11-18,2025-01-02,23,Jl. Merdeka No. 194,Silver,6,7881805,Palu
2458,Gita Pratama,gita.pratama850@email.com,088968855719,F,1995-10-10,2024-02-15,17,Jl. Ahmad Yani No. 70,Gold,6,6920588,Pontianak
2459,Hadi Saputra,hadi.saputra505@email.com,088120424045,M,1996-07-27,2022-11-04,7,Jl. Gajah Mada No. 153,Bronze,5,5656032,Semarang
2460,Kartika Sari,kartika.sari266@email.com,088013738470,F,1989-07-20,2025-09-05,15,Jl. Mawar No. 191,Bronze,1,230834,Banda Aceh
2461,Hani Hidayat,hani.hidayat37@email.com,085852060811,F,1981-06-21,2024-06-26,28,Jl. Merdeka No. 199,Bronze,2,3397262,Ambon
2462,Putri Kusuma,putri.kusuma280@email.com,087919799704,F,1965-09-24,2025-08-18,20,Jl. Gajah Mada No. 59,Silver,4,2191704,Palangkaraya
2463,Kartika Siregar,kartika.siregar568@email.com,089451797194,F,1993-06-09,2023-05-01,1,Jl. Melati No. 2,Bronze,1,2041720,Jakarta
2464,Irfan Susanto,irfan.susanto192@email.com,081519113933,M,1990-10-07,2024-02-01,18,Jl. Pahlawan No. 154,Bronze,3,6945319,Banjarmasin
2465,Kurnia Utami,kurnia.utami215@email.com,082180413464,M,1995-04-15,2022-03-01,25,Jl. Gajah Mada No. 1,Silver,2,2205530,Mataram
2466,Gita Kusuma,gita.kusuma106@email.com,085901212012,F,1981-01-11,2025-12-17,26,Jl. Gajah Mada No. 133,Bronze,5,2941632,Kupang
2467,Tika Saputra,tika.saputra288@email.com,088076898378,F,1983-07-15,2023-02-18,7,Jl. Ahmad Yani No. 178,Platinum,3,2413968,Semarang
2468,Nina Susanto,nina.susanto202@email.com,087333088373,F,1978-03-16,2023-05-23,2,Jl. Sudirman No. 86,Silver,7,14686201,Bogor
2469,Wawan Hidayat,wawan.hidayat22@email.com,087396207192,M,1969-01-03,2026-07-29,27,Jl. Merdeka No. 124,Gold,2,2139031,Jayapura
2470,Yusuf Pratama,yusuf.pratama607@email.com,089079487246,M,1984-09-09,2024-03-13,4,Jl. Mawar No. 145,Silver,6,3759160,Tangerang
2471,Teguh Putri,teguh.putri258@email.com,086675507531,M,1992-02-09,2022-02-14,8,Jl. Gajah Mada No. 70,Silver,6,5304176,Yogyakarta
2472,Rina Lestari,rina.lestari776@email.com,083947455524,F,1966-06-22,2023-12-01,7,Jl. Pahlawan No. 9,Bronze,5,16239948,Semarang
2473,Ani Susanto,ani.susanto775@email.com,083020547090,F,1995-06-14,2024-12-17,13,Jl. Mawar No. 22,Silver,1,1386264,Padang
2474,Hadi Lestari,hadi.lestari224@email.com,083448068425,M,1990-02-28,2023-05-05,6,Jl. Thamrin No. 49,Bronze,2,2959053,Bandung
2475,Lina Lestari,lina.lestari105@email.com,085149075560,F,1998-05-22,2025-04-19,21,Jl. Diponegoro No. 128,Bronze,8,16382160,Makassar
2476,Ani Pratama,ani.pratama68@email.com,084257709672,F,1965-08-19,2024-10-31,23,Jl. Pahlawan No. 165,Bronze,3,1541793,Palu
2477,Pandu Hidayat,pandu.hidayat210@email.com,086589430553,M,1967-08-17,2024-10-12,2,Jl. Melati No. 188,Bronze,5,2800201,Bogor
2478,Ahmad Putri,ahmad.putri444@email.com,083913677426,M,1987-08-07,2024-11-25,9,Jl. Ahmad Yani No. 68,Silver,3,3546117,Surabaya
2479,Fitri Sari,fitri.sari888@email.com,083173468529,F,1965-04-04,2025-06-12,2,Jl. Pahlawan No. 66,Bronze,5,5655617,Bogor
2480,Pandu Nugroho,pandu.nugroho515@email.com,088853904311,M,1985-12-20,2024-11-29,24,Jl. Ahmad Yani No. 69,Gold,2,1685010,Denpasar
2481,Tika Putri,tika.putri473@email.com,086891589490,F,1976-11-02,2023-02-14,1,Jl. Merdeka No. 183,Gold,5,3693034,Jakarta
2482,Pandu Lestari,pandu.lestari371@email.com,081682700754,M,1968-02-24,2026-05-19,20,Jl. Merdeka No. 34,Silver,5,5226349,Palangkaraya
2483,Maya Putri,maya.putri367@email.com,087011024003,F,2003-03-08,2022-02-13,8,Jl. Ahmad Yani No. 1,Platinum,5,4820628,Yogyakarta
2484,Rudi Lestari,rudi.lestari825@email.com,082988188496,M,1972-06-09,2025-04-29,21,Jl. Thamrin No. 7,Bronze,4,5504480,Makassar
2485,Gita Wijaya,gita.wijaya132@email.com,081861046097,F,1965-01-10,2023-10-31,18,Jl. Melati No. 36,Silver,4,3864708,Banjarmasin
2486,Rina Kusuma,rina.kusuma128@email.com,089729661365,F,1984-09-28,2022-04-24,26,Jl. Diponegoro No. 15,Gold,8,10484798,Kupang
2487,Juli Sari,juli.sari368@email.com,088836402339,F,1993-04-17,2025-12-22,10,Jl. Kenanga No. 115,Gold,2,5062878,Malang
2488,Kurnia Wibowo,kurnia.wibowo243@email.com,085745844242,M,2005-11-11,2023-11-06,23,Jl. Sudirman No. 138,Bronze,6,5538211,Palu
2489,Irfan Utami,irfan.utami135@email.com,087815604345,M,1992-05-28,2022-10-10,17,Jl. Sudirman No. 130,Bronze,2,1545060,Pontianak
2490,Lina Ramadhan,lina.ramadhan539@email.com,085635411318,F,1991-09-26,2025-11-05,15,Jl. Gajah Mada No. 152,Bronze,2,4193499,Banda Aceh
2491,Teguh Wijaya,teguh.wijaya311@email.com,087450216127,M,2004-06-28,2024-05-16,19,Jl. Pahlawan No. 27,Silver,4,2672136,Samarinda
2492,Ani Wibowo,ani.wibowo289@email.com,089720711916,F,1983-09-18,2026-04-10,23,Jl. Kenanga No. 35,Silver,4,1649799,Palu
2493,Nina Susanto,nina.susanto455@email.com,089290493116,F,1980-06-01,2022-03-26,10,Jl. Gajah Mada No. 91,Silver,2,1502069,Malang
2494,Nanda Wibowo,nanda.wibowo64@email.com,084057181753,M,1997-02-28,2024-11-07,11,Jl. Thamrin No. 115,Bronze,4,2108106,Medan
2495,Juli Nugroho,juli.nugroho279@email.com,084753285114,F,2005-08-16,2024-07-14,25,Jl. Gajah Mada No. 73,Gold,3,1473967,Mataram
2496,Fajar Putri,fajar.putri601@email.com,086361491138,M,1974-05-24,2024-07-05,17,Jl. Kenanga No. 121,Silver,3,1592246,Pontianak
2497,Sandi Santoso,sandi.santoso292@email.com,087081908543,M,1986-06-20,2023-08-07,23,Jl. Ahmad Yani No. 185,Gold,4,7056715,Palu
2498,Pandu Saputra,pandu.saputra432@email.com,083098430604,M,2001-06-26,2023-02-09,5,Jl. Thamrin No. 85,Bronze,4,10854491,Bekasi
2499,Maman Siregar,maman.siregar270@email.com,084398327580,M,1993-07-15,2022-12-12,1,Jl. Pahlawan No. 78,Bronze,1,625602,Jakarta
2500,Fajar Nugroho,fajar.nugroho203@email.com,084458605311,M,1995-07-12,2025-10-23,5,Jl. Ahmad Yani No. 95,Gold,8,7891758,Bekasi
