inventory_id,subproduct_id,warehouse_id,quantity,last_updated
1,1,WH-Jakarta,7,2025-09-28 00:00:00
2,1,WH-Bandung,274,2025-05-07 00:00:00
3,1,WH-Surabaya,232,2026-01-13 00:00:00
4,1,WH-Medan,344,2025-09-26 00:00:00
5,1,WH-Makassar,299,2026-01-26 00:00:00
6,2,WH-Jakarta,421,2026-01-16 00:00:00
7,2,WH-Bandung,55,2025-08-28 00:00:00
8,2,WH-Surabaya,241,2025-01-26 00:00:00
9,2,WH-Medan,317,2026-07-29 00:00:00
10,2,WH-Makassar,167,2025-08-15 00:00:00
11,3,WH-Jakarta,331,2025-03-06 00:00:00
12,3,WH-Bandung,325,2026-04-21 00:00:00
13,3,WH-Surabaya,465,2025-11-06 00:00:00
14,3,WH-Medan,332,2026-02-23 00:00:00
15,3,WH-Makassar,59,2025-05-24 00:00:00
16,4,WH-Jakarta,23,2025-02-08 00:00:00
17,4,WH-Bandung,155,2026-05-20 00:00:00
18,4,WH-Surabaya,59,2025-04-10 00:00:00
19,4,WH-Medan,120,2026-07-05 00:00:00
20,4,WH-Makassar,69,2026-02-02 00:00:00
21,5,WH-Jakarta,232,2026-01-15 00:00:00
22,5,WH-Bandung,343,2026-07-08 00:00:00
23,5,WH-Surabaya,214,2025-06-08 00:00:00
24,5,WH-Medan,453,2026-03-01 00:00:00
25,5,WH-Makassar,335,2025-04-12 00:00:00
26,6,WH-Jakarta,426,2026-05-17 00:00:00
27,6,WH-Bandung,315,2026-02-22 00:00:00
28,6,WH-Surabaya,480,2025-10-14 00:00:00
29,6,WH-Medan,16,2026-01-15 00:00:00
30,6,WH-Makassar,111,2026-03-31 00:00:00
31,7,WH-Jakarta,227,2025-08-30 00:00:00
32,7,WH-Bandung,437,2026-01-07 00:00:00
33,7,WH-Surabaya,50,2026-01-12 00:00:00
34,7,WH-Medan,278,2026-01-03 00:00:00
35,7,WH-Makassar,31,2026-02-12 00:00:00
36,8,WH-Jakarta,141,2025-07-14 00:00:00
37,8,WH-Bandung,495,2025-05-06 00:00:00
38,8,WH-Surabaya,485,2026-04-11 00:00:00
39,8,WH-Medan,46,2025-08-06 00:00:00
40,8,WH-Makassar,328,2025-01-22 00:00:00
41,9,WH-Jakarta,25,2025-12-08 00:00:00
42,9,WH-Bandung,124,2025-05-09 00:00:00
43,9,WH-Surabaya,402,2026-08-02 00:00:00
44,9,WH-Medan,105,2025-03-12 00:00:00
45,9,WH-Makassar,424,2026-07-22 00:00:00
46,10,WH-Jakarta,106,2026-08-24 00:00:00
47,10,WH-Bandung,110,2025-08-27 00:00:00
48,10,WH-Surabaya,168,2025-06-01 00:00:00
49,10,WH-Medan,403,2025-01-03 00:00:00
50,10,WH-Makassar,141,2025-05-29 00:00:00
51,11,WH-Jakarta,66,2026-07-08 00:00:00
52,11,WH-Bandung,128,2025-06-28 00:00:00
53,11,WH-Surabaya,56,2025-01-27 00:00:00
54,11,WH-Medan,67,2025-01-16 00:00:00
55,11,WH-Makassar,183,2025-09-01 00:00:00
56,12,WH-Jakarta,301,2025-11-28 00:00:00
57,12,WH-Bandung,8,2025-06-28 00:00:00
58,12,WH-Surabaya,135,2025-02-23 00:00:00
59,12,WH-Medan,64,2026-03-08 00:00:00
60,12,WH-Makassar,269,2025-04-27 00:00:00
61,13,WH-Jakarta,381,2025-03-07 00:00:00
62,13,WH-Bandung,243,2026-04-05 00:00:00
63,13,WH-Surabaya,398,2026-01-06 00:00:00
64,13,WH-Medan,262,2025-04-22 00:00:00
65,13,WH-Makassar,231,2026-05-31 00:00:00
66,14,WH-Jakarta,113,2025-02-14 00:00:00
67,14,WH-Bandung,372,2026-06-18 00:00:00
68,14,WH-Surabaya,154,2026-04-15 00:00:00
69,14,WH-Medan,329,2025-02-01 00:00:00
70,14,WH-Makassar,31,2026-05-06 00:00:00
71,15,WH-Jakarta,433,2026-02-16 00:00:00
72,15,WH-Bandung,218,2025-04-21 00:00:00
73,15,WH-Surabaya,251,2026-03-31 00:00:00
74,15,WH-Medan,37,2025-03-24 00:00:00
75,15,WH-Makassar,164,2025-06-01 00:00:00
76,16,WH-Jakarta,33,2025-05-10 00:00:00
77,16,WH-Bandung,140,2026-08-23 00:00:00
78,16,WH-Surabaya,280,2025-11-29 00:00:00
79,16,WH-Medan,195,2026-06-28 00:00:00
80,16,WH-Makassar,150,2026-04-10 00:00:00
81,17,WH-Jakarta,258,2026-03-17 00:00:00
82,17,WH-Bandung,50,2025-04-28 00:00:00
83,17,WH-Surabaya,436,2026-07-19 00:00:00
84,17,WH-Medan,369,2025-08-09 00:00:00
85,17,WH-Makassar,220,2026-04-08 00:00:00
86,18,WH-Jakarta,454,2025-08-22 00:00:00
87,18,WH-Bandung,211,2025-12-14 00:00:00
88,18,WH-Surabaya,423,2026-04-10 00:00:00
89,18,WH-Medan,204,2026-03-02 00:00:00
90,18,WH-Makassar,373,2025-04-08 00:00:00
91,19,WH-Jakarta,160,2026-03-14 00:00:00
92,19,WH-Bandung,160,2025-09-19 00:00:00
93,19,WH-Surabaya,191,2025-06-06 00:00:00
94,19,WH-Medan,351,2026-05-01 00:00:00
95,19,WH-Makassar,34,2025-04-04 00:00:00
96,20,WH-Jakarta,425,2025-03-29 00:00:00
97,20,WH-Bandung,47,2026-03-19 00:00:00
98,20,WH-Surabaya,49,2026-01-17 00:00:00
99,20,WH-Medan,415,2025-05-14 00:00:00
100,20,WH-Makassar,284,2025-03-03 00:00:00
101,21,WH-Jakarta,300,2026-07-30 00:00:00
102,21,WH-Bandung,287,2025-12-04 00:00:00
103,21,WH-Surabaya,343,2025-05-06 00:00:00
104,21,WH-Medan,210,2025-12-29 00:00:00
105,21,WH-Makassar,447,2026-03-10 00:00:00
106,22,WH-Jakarta,444,2025-02-22 00:00:00
107,22,WH-Bandung,495,2025-10-22 00:00:00
108,22,WH-Surabaya,307,2025-11-16 00:00:00
109,22,WH-Medan,180,2025-04-17 00:00:00
110,22,WH-Makassar,295,2026-06-04 00:00:00
111,23,WH-Jakarta,108,2025-06-08 00:00:00
112,23,WH-Bandung,336,2026-05-09 00:00:00
113,23,WH-Surabaya,114,2025-04-21 00:00:00
114,23,WH-Medan,179,2026-07-24 00:00:00
115,23,WH-Makassar,188,2025-04-28 00:00:00
116,24,WH-Jakarta,390,2025-10-13 00:00:00
117,24,WH-Bandung,293,2025-08-20 00:00:00
118,24,WH-Surabaya,413,2026-03-16 00:00:00
119,24,WH-Medan,432,2026-07-29 00:00:00
120,24,WH-Makassar,498,2026-07-25 00:00:00
121,25,WH-Jakarta,13,2025-10-01 00:00:00
122,25,WH-Bandung,14,2025-07-04 00:00:00
123,25,WH-Surabaya,139,2025-11-13 00:00:00
124,25,WH-Medan,471,2025-12-14 00:00:00
125,25,WH-Makassar,179,2025-01-07 00:00:00
126,26,WH-Jakarta,92,2025-05-27 00:00:00
127,26,WH-Bandung,289,2026-02-15 00:00:00
128,26,WH-Surabaya,35,2025-05-26 00:00:00
129,26,WH-Medan,379,2025-02-01 00:00:00
130,26,WH-Makassar,46,2026-06-28 00:00:00
131,27,WH-Jakarta,110,2026-01-21 00:00:00
132,27,WH-Bandung,214,2026-04-10 00:00:00
133,27,WH-Surabaya,174,2025-06-11 00:00:00
134,27,WH-Medan,189,2025-11-16 00:00:00
135,27,WH-Makassar,369,2025-11-29 00:00:00
136,28,WH-Jakarta,397,2026-08-05 00:00:00
137,28,WH-Bandung,305,2025-03-28 00:00:00
138,28,WH-Surabaya,452,2025-02-23 00:00:00
139,28,WH-Medan,79,2025-06-11 00:00:00
140,28,WH-Makassar,386,2025-02-20 00:00:00
141,29,WH-Jakarta,345,2025-03-25 00:00:00
142,29,WH-Bandung,139,2026-03-30 00:00:00
143,29,WH-Surabaya,338,2026-03-11 00:00:00
144,29,WH-Medan,248,2026-03-29 00:00:00
145,29,WH-Makassar,212,2025-10-07 00:00:00
146,30,WH-Jakarta,110,2026-06-09 00:00:00
147,30,WH-Bandung,58,2025-12-20 00:00:00
148,30,WH-Surabaya,220,2025-04-24 00:00:00
149,30,WH-Medan,145,2026-05-14 00:00:00
150,30,WH-Makassar,269,2025-11-12 00:00:00
151,31,WH-Jakarta,23,2025-08-14 00:00:00
152,31,WH-Bandung,202,2025-02-26 00:00:00
153,31,WH-Surabaya,3,2025-07-29 00:00:00
154,31,WH-Medan,154,2025-08-05 00:00:00
155,31,WH-Makassar,392,2025-05-21 00:00:00
156,32,WH-Jakarta,391,2025-09-19 00:00:00
157,32,WH-Bandung,148,2025-12-02 00:00:00
158,32,WH-Surabaya,61,2025-01-08 00:00:00
159,32,WH-Medan,254,2026-03-17 00:00:00
160,32,WH-Makassar,89,2025-05-13 00:00:00
161,33,WH-Jakarta,194,2026-06-30 00:00:00
162,33,WH-Bandung,360,2025-08-24 00:00:00
163,33,WH-Surabaya,256,2026-07-27 00:00:00
164,33,WH-Medan,426,2025-12-29 00:00:00
165,33,WH-Makassar,36,2026-02-11 00:00:00
166,34,WH-Jakarta,441,2025-02-13 00:00:00
167,34,WH-Bandung,223,2025-01-20 00:00:00
168,34,WH-Surabaya,235,2025-03-21 00:00:00
169,34,WH-Medan,441,2025-11-17 00:00:00
170,34,WH-Makassar,294,2026-03-16 00:00:00
171,35,WH-Jakarta,293,2026-02-19 00:00:00
172,35,WH-Bandung,363,2026-03-04 00:00:00
173,35,WH-Surabaya,148,2025-04-28 00:00:00
174,35,WH-Medan,207,2025-01-22 00:00:00
175,35,WH-Makassar,494,2025-11-29 00:00:00
176,36,WH-Jakarta,87,2026-04-17 00:00:00
177,36,WH-Bandung,425,2026-01-06 00:00:00
178,36,WH-Surabaya,45,2026-03-24 00:00:00
179,36,WH-Medan,432,2025-04-19 00:00:00
180,36,WH-Makassar,124,2026-03-23 00:00:00
181,37,WH-Jakarta,301,2026-02-15 00:00:00
182,37,WH-Bandung,268,2025-03-22 00:00:00
183,37,WH-Surabaya,202,2025-11-14 00:00:00
184,37,WH-Medan,381,2025-12-14 00:00:00
185,37,WH-Makassar,113,2025-12-08 00:00:00
186,38,WH-Jakarta,398,2025-06-22 00:00:00
187,38,WH-Bandung,39,2026-06-07 00:00:00
188,38,WH-Surabaya,324,2025-04-27 00:00:00
189,38,WH-Medan,271,2026-06-07 00:00:00
190,38,WH-Makassar,99,2025-12-24 00:00:00
191,39,WH-Jakarta,179,2025-06-01 00:00:00
192,39,WH-Bandung,120,2025-04-16 00:00:00
193,39,WH-Surabaya,74,2025-09-20 00:00:00
194,39,WH-Medan,101,2025-06-27 00:00:00
195,39,WH-Makassar,308,2025-06-06 00:00:00
196,40,WH-Jakarta,389,2025-03-19 00:00:00
197,40,WH-Bandung,90,2026-05-21 00:00:00
198,40,WH-Surabaya,237,2026-08-01 00:00:00
199,40,WH-Medan,389,2026-08-17 00:00:00
200,40,WH-Makassar,229,2026-08-02 00:00:00
201,41,WH-Jakarta,329,2025-11-27 00:00:00
202,41,WH-Bandung,442,2025-11-20 00:00:00
203,41,WH-Surabaya,77,2026-03-27 00:00:00
204,41,WH-Medan,34,2026-04-26 00:00:00
205,41,WH-Makassar,226,2025-11-07 00:00:00
206,42,WH-Jakarta,407,2025-10-09 00:00:00
207,42,WH-Bandung,302,2025-02-27 00:00:00
208,42,WH-Surabaya,180,2026-06-04 00:00:00
209,42,WH-Medan,37,2025-11-14 00:00:00
210,42,WH-Makassar,236,2026-04-08 00:00:00
211,43,WH-Jakarta,19,2025-02-28 00:00:00
212,43,WH-Bandung,188,2025-10-21 00:00:00
213,43,WH-Surabaya,39,2025-04-03 00:00:00
214,43,WH-Medan,314,2026-06-04 00:00:00
215,43,WH-Makassar,196,2026-04-19 00:00:00
216,44,WH-Jakarta,297,2026-07-22 00:00:00
217,44,WH-Bandung,488,2025-02-12 00:00:00
218,44,WH-Surabaya,230,2026-08-09 00:00:00
219,44,WH-Medan,333,2025-07-12 00:00:00
220,44,WH-Makassar,164,2026-05-03 00:00:00
221,45,WH-Jakarta,256,2025-06-04 00:00:00
222,45,WH-Bandung,490,2025-03-05 00:00:00
223,45,WH-Surabaya,230,2025-04-16 00:00:00
224,45,WH-Medan,415,2025-12-18 00:00:00
225,45,WH-Makassar,365,2025-03-28 00:00:00
226,46,WH-Jakarta,258,2025-06-26 00:00:00
227,46,WH-Bandung,20,2025-09-11 00:00:00
228,46,WH-Surabaya,362,2026-03-25 00:00:00
229,46,WH-Medan,224,2026-06-21 00:00:00
230,46,WH-Makassar,267,2025-06-12 00:00:00
231,47,WH-Jakarta,186,2026-01-17 00:00:00
232,47,WH-Bandung,469,2025-10-17 00:00:00
233,47,WH-Surabaya,198,2026-02-23 00:00:00
234,47,WH-Medan,396,2025-12-13 00:00:00
235,47,WH-Makassar,347,2025-02-23 00:00:00
236,48,WH-Jakarta,404,2025-12-09 00:00:00
237,48,WH-Bandung,33,2025-12-04 00:00:00
238,48,WH-Surabaya,48,2026-07-26 00:00:00
239,48,WH-Medan,347,2026-01-31 00:00:00
240,48,WH-Makassar,145,2025-09-16 00:00:00
241,49,WH-Jakarta,370,2025-06-03 00:00:00
242,49,WH-Bandung,170,2025-03-25 00:00:00
243,49,WH-Surabaya,298,2025-05-25 00:00:00
244,49,WH-Medan,469,2025-12-25 00:00:00
245,49,WH-Makassar,158,2026-02-06 00:00:00
246,50,WH-Jakarta,66,2025-03-28 00:00:00
247,50,WH-Bandung,158,2026-07-27 00:00:00
248,50,WH-Surabaya,192,2025-12-03 00:00:00
249,50,WH-Medan,416,2025-05-11 00:00:00
250,50,WH-Makassar,343,2026-06-24 00:00:00
251,51,WH-Jakarta,47,2026-03-10 00:00:00
252,51,WH-Bandung,260,2026-01-06 00:00:00
253,51,WH-Surabaya,9,2026-01-07 00:00:00
254,51,WH-Medan,158,2025-07-04 00:00:00
255,51,WH-Makassar,486,2025-08-08 00:00:00
256,52,WH-Jakarta,174,2026-05-13 00:00:00
257,52,WH-Bandung,98,2025-08-20 00:00:00
258,52,WH-Surabaya,70,2025-06-08 00:00:00
259,52,WH-Medan,39,2025-10-30 00:00:00
260,52,WH-Makassar,432,2025-04-14 00:00:00
261,53,WH-Jakarta,259,2026-07-07 00:00:00
262,53,WH-Bandung,427,2026-06-24 00:00:00
263,53,WH-Surabaya,19,2025-12-11 00:00:00
264,53,WH-Medan,448,2025-05-15 00:00:00
265,53,WH-Makassar,305,2026-01-21 00:00:00
266,54,WH-Jakarta,78,2025-06-16 00:00:00
267,54,WH-Bandung,92,2025-06-19 00:00:00
268,54,WH-Surabaya,369,2026-03-25 00:00:00
269,54,WH-Medan,22,2026-02-25 00:00:00
270,54,WH-Makassar,186,2025-09-01 00:00:00
271,55,WH-Jakarta,496,2026-03-31 00:00:00
272,55,WH-Bandung,312,2025-10-19 00:00:00
273,55,WH-Surabaya,385,2026-04-05 00:00:00
274,55,WH-Medan,119,2026-07-01 00:00:00
275,55,WH-Makassar,122,2025-11-13 00:00:00
276,56,WH-Jakarta,494,2026-04-26 00:00:00
277,56,WH-Bandung,462,2025-07-18 00:00:00
278,56,WH-Surabaya,188,2026-08-08 00:00:00
279,56,WH-Medan,225,2026-04-18 00:00:00
280,56,WH-Makassar,393,2025-10-16 00:00:00
281,57,WH-Jakarta,398,2026-01-27 00:00:00
282,57,WH-Bandung,257,2026-06-25 00:00:00
283,57,WH-Surabaya,214,2025-06-15 00:00:00
284,57,WH-Medan,418,2025-07-24 00:00:00
285,57,WH-Makassar,410,2025-05-22 00:00:00
286,58,WH-Jakarta,446,2025-09-14 00:00:00
287,58,WH-Bandung,26,2026-05-08 00:00:00
288,58,WH-Surabaya,447,2026-01-16 00:00:00
289,58,WH-Medan,283,2025-04-16 00:00:00
290,58,WH-Makassar,364,2026-06-13 00:00:00
291,59,WH-Jakarta,435,2025-05-08 00:00:00
292,59,WH-Bandung,145,2025-03-27 00:00:00
293,59,WH-Surabaya,390,2025-06-14 00:00:00
294,59,WH-Medan,139,2026-04-06 00:00:00
295,59,WH-Makassar,463,2026-06-10 00:00:00
296,60,WH-Jakarta,75,2026-03-24 00:00:00
297,60,WH-Bandung,46,2025-08-16 00:00:00
298,60,WH-Surabaya,418,2026-04-07 00:00:00
299,60,WH-Medan,452,2025-12-24 00:00:00
300,60,WH-Makassar,476,2025-01-28 00:00:00
301,61,WH-Jakarta,212,2025-02-24 00:00:00
302,61,WH-Bandung,202,2026-05-30 00:00:00
303,61,WH-Surabaya,191,2025-08-30 00:00:00
304,61,WH-Medan,197,2025-03-25 00:00:00
305,61,WH-Makassar,191,2025-08-18 00:00:00
306,62,WH-Jakarta,14,2025-11-23 00:00:00
307,62,WH-Bandung,476,2025-04-12 00:00:00
308,62,WH-Surabaya,429,2025-12-10 00:00:00
309,62,WH-Medan,405,2025-05-30 00:00:00
310,62,WH-Makassar,70,2025-02-09 00:00:00
311,63,WH-Jakarta,146,2026-04-29 00:00:00
312,63,WH-Bandung,356,2025-05-23 00:00:00
313,63,WH-Surabaya,388,2026-04-26 00:00:00
314,63,WH-Medan,229,2025-01-06 00:00:00
315,63,WH-Makassar,463,2025-03-23 00:00:00
316,64,WH-Jakarta,9,2025-09-20 00:00:00
317,64,WH-Bandung,110,2025-06-03 00:00:00
318,64,WH-Surabaya,280,2026-06-25 00:00:00
319,64,WH-Medan,216,2025-04-24 00:00:00
320,64,WH-Makassar,397,2025-10-23 00:00:00
321,65,WH-Jakarta,121,2025-11-05 00:00:00
322,65,WH-Bandung,62,2025-02-18 00:00:00
323,65,WH-Surabaya,122,2026-03-06 00:00:00
324,65,WH-Medan,327,2026-04-14 00:00:00
325,65,WH-Makassar,32,2025-04-24 00:00:00
326,66,WH-Jakarta,428,2026-05-27 00:00:00
327,66,WH-Bandung,305,2026-07-03 00:00:00
328,66,WH-Surabaya,8,2026-06-12 00:00:00
329,66,WH-Medan,294,2025-09-05 00:00:00
330,66,WH-Makassar,367,2025-05-28 00:00:00
331,67,WH-Jakarta,149,2026-03-16 00:00:00
332,67,WH-Bandung,0,2025-12-28 00:00:00
333,67,WH-Surabaya,123,2026-08-08 00:00:00
334,67,WH-Medan,213,2025-07-11 00:00:00
335,67,WH-Makassar,340,2025-03-29 00:00:00
336,68,WH-Jakarta,268,2026-01-05 00:00:00
337,68,WH-Bandung,34,2026-06-23 00:00:00
338,68,WH-Surabaya,278,2026-06-04 00:00:00
339,68,WH-Medan,402,2026-06-04 00:00:00
340,68,WH-Makassar,283,2025-01-21 00:00:00
341,69,WH-Jakarta,199,2026-04-27 00:00:00
342,69,WH-Bandung,22,2026-02-01 00:00:00
343,69,WH-Surabaya,191,2025-09-17 00:00:00
344,69,WH-Medan,382,2025-01-17 00:00:00
345,69,WH-Makassar,182,2025-03-11 00:00:00
346,70,WH-Jakarta,176,2025-09-04 00:00:00
347,70,WH-Bandung,375,2025-04-17 00:00:00
348,70,WH-Surabaya,395,2026-08-19 00:00:00
349,70,WH-Medan,376,2025-12-07 00:00:00
350,70,WH-Makassar,68,2025-02-15 00:00:00
351,71,WH-Jakarta,180,2026-07-14 00:00:00
352,71,WH-Bandung,173,2025-06-29 00:00:00
353,71,WH-Surabaya,425,2026-04-21 00:00:00
354,71,WH-Medan,356,2026-05-06 00:00:00
355,71,WH-Makassar,323,2025-07-06 00:00:00
356,72,WH-Jakarta,415,2025-05-19 00:00:00
357,72,WH-Bandung,32,2026-04-14 00:00:00
358,72,WH-Surabaya,18,2025-10-28 00:00:00
359,72,WH-Medan,103,2025-02-14 00:00:00
360,72,WH-Makassar,405,2025-07-24 00:00:00
361,73,WH-Jakarta,453,2025-02-12 00:00:00
362,73,WH-Bandung,161,2025-11-14 00:00:00
363,73,WH-Surabaya,263,2026-02-12 00:00:00
364,73,WH-Medan,417,2026-07-11 00:00:00
365,73,WH-Makassar,242,2025-09-17 00:00:00
366,74,WH-Jakarta,18,2025-07-15 00:00:00
367,74,WH-Bandung,146,2026-01-01 00:00:00
368,74,WH-Surabaya,441,2025-02-18 00:00:00
369,74,WH-Medan,443,2025-12-06 00:00:00
370,74,WH-Makassar,139,2025-05-08 00:00:00
371,75,WH-Jakarta,409,2026-01-12 00:00:00
372,75,WH-Bandung,223,2026-02-14 00:00:00
373,75,WH-Surabaya,380,2026-03-27 00:00:00
374,75,WH-Medan,458,2026-01-31 00:00:00
375,75,WH-Makassar,173,2025-07-11 00:00:00
376,76,WH-Jakarta,254,2026-05-25 00:00:00
377,76,WH-Bandung,188,2026-06-16 00:00:00
378,76,WH-Surabaya,136,2025-03-26 00:00:00
379,76,WH-Medan,372,2026-03-11 00:00:00
380,76,WH-Makassar,40,2026-03-17 00:00:00
381,77,WH-Jakarta,308,2025-07-04 00:00:00
382,77,WH-Bandung,279,2025-10-28 00:00:00
383,77,WH-Surabaya,164,2025-04-16 00:00:00
384,77,WH-Medan,40,2025-12-02 00:00:00
385,77,WH-Makassar,338,2025-10-30 00:00:00
386,78,WH-Jakarta,156,2026-04-02 00:00:00
387,78,WH-Bandung,308,2026-03-13 00:00:00
388,78,WH-Surabaya,85,2026-03-31 00:00:00
389,78,WH-Medan,179,2026-04-03 00:00:00
390,78,WH-Makassar,21,2025-12-28 00:00:00
391,79,WH-Jakarta,314,2026-03-22 00:00:00
392,79,WH-Bandung,140,2025-02-28 00:00:00
393,79,WH-Surabaya,38,2026-02-20 00:00:00
394,79,WH-Medan,186,2026-06-10 00:00:00
395,79,WH-Makassar,410,2025-06-13 00:00:00
396,80,WH-Jakarta,487,2025-02-01 00:00:00
397,80,WH-Bandung,73,2026-03-25 00:00:00
398,80,WH-Surabaya,17,2025-05-10 00:00:00
399,80,WH-Medan,34,2025-08-30 00:00:00
400,80,WH-Makassar,398,2026-01-11 00:00:00
401,81,WH-Jakarta,185,2026-01-28 00:00:00
402,81,WH-Bandung,486,2026-08-04 00:00:00
403,81,WH-Surabaya,16,2025-06-07 00:00:00
404,81,WH-Medan,347,2026-04-06 00:00:00
405,81,WH-Makassar,485,2026-01-15 00:00:00
406,82,WH-Jakarta,190,2026-03-31 00:00:00
407,82,WH-Bandung,390,2025-03-20 00:00:00
408,82,WH-Surabaya,293,2025-05-21 00:00:00
409,82,WH-Medan,271,2026-01-11 00:00:00
410,82,WH-Makassar,203,2025-11-18 00:00:00
411,83,WH-Jakarta,332,2025-10-13 00:00:00
412,83,WH-Bandung,127,2025-04-27 00:00:00
413,83,WH-Surabaya,13,2025-07-10 00:00:00
414,83,WH-Medan,255,2026-06-15 00:00:00
415,83,WH-Makassar,198,2026-07-30 00:00:00
416,84,WH-Jakarta,60,2025-09-26 00:00:00
417,84,WH-Bandung,396,2025-09-24 00:00:00
418,84,WH-Surabaya,360,2026-04-02 00:00:00
419,84,WH-Medan,109,2025-10-20 00:00:00
420,84,WH-Makassar,355,2026-05-18 00:00:00
421,85,WH-Jakarta,102,2025-05-06 00:00:00
422,85,WH-Bandung,69,2025-03-17 00:00:00
423,85,WH-Surabaya,231,2025-06-26 00:00:00
424,85,WH-Medan,460,2026-04-01 00:00:00
425,85,WH-Makassar,44,2025-11-24 00:00:00
426,86,WH-Jakarta,341,2025-12-22 00:00:00
427,86,WH-Bandung,363,2025-03-08 00:00:00
428,86,WH-Surabaya,281,2026-07-10 00:00:00
429,86,WH-Medan,148,2025-11-04 00:00:00
430,86,WH-Makassar,435,2025-06-11 00:00:00
431,87,WH-Jakarta,364,2025-06-28 00:00:00
432,87,WH-Bandung,406,2026-01-06 00:00:00
433,87,WH-Surabaya,260,2025-08-18 00:00:00
434,87,WH-Medan,62,2025-07-25 00:00:00
435,87,WH-Makassar,405,2025-05-23 00:00:00
436,88,WH-Jakarta,121,2026-05-21 00:00:00
437,88,WH-Bandung,13,2026-01-05 00:00:00
438,88,WH-Surabaya,283,2026-08-10 00:00:00
439,88,WH-Medan,188,2026-04-24 00:00:00
440,88,WH-Makassar,411,2026-07-19 00:00:00
441,89,WH-Jakarta,66,2025-03-30 00:00:00
442,89,WH-Bandung,33,2025-11-13 00:00:00
443,89,WH-Surabaya,203,2026-05-06 00:00:00
444,89,WH-Medan,269,2026-02-25 00:00:00
445,89,WH-Makassar,393,2026-02-24 00:00:00
446,90,WH-Jakarta,421,2026-08-12 00:00:00
447,90,WH-Bandung,37,2025-05-09 00:00:00
448,90,WH-Surabaya,497,2025-11-21 00:00:00
449,90,WH-Medan,328,2025-03-17 00:00:00
450,90,WH-Makassar,230,2026-04-23 00:00:00
451,91,WH-Jakarta,348,2026-06-14 00:00:00
452,91,WH-Bandung,176,2025-05-12 00:00:00
453,91,WH-Surabaya,449,2026-07-19 00:00:00
454,91,WH-Medan,327,2025-07-06 00:00:00
455,91,WH-Makassar,393,2025-05-13 00:00:00
456,92,WH-Jakarta,221,2026-05-30 00:00:00
457,92,WH-Bandung,466,2025-02-26 00:00:00
458,92,WH-Surabaya,425,2025-05-08 00:00:00
459,92,WH-Medan,265,2025-06-06 00:00:00
460,92,WH-Makassar,155,2025-06-18 00:00:00
461,93,WH-Jakarta,82,2025-11-27 00:00:00
462,93,WH-Bandung,478,2025-08-19 00:00:00
463,93,WH-Surabaya,177,2026-06-16 00:00:00
464,93,WH-Medan,458,2025-10-18 00:00:00
465,93,WH-Makassar,433,2025-03-22 00:00:00
466,94,WH-Jakarta,128,2025-07-21 00:00:00
467,94,WH-Bandung,325,2026-07-19 00:00:00
468,94,WH-Surabaya,140,2025-05-09 00:00:00
469,94,WH-Medan,320,2025-11-07 00:00:00
470,94,WH-Makassar,314,2026-07-01 00:00:00
471,95,WH-Jakarta,47,2026-05-30 00:00:00
472,95,WH-Bandung,328,2025-06-22 00:00:00
473,95,WH-Surabaya,303,2026-08-18 00:00:00
474,95,WH-Medan,78,2025-06-25 00:00:00
475,95,WH-Makassar,337,2025-12-12 00:00:00
476,96,WH-Jakarta,431,2026-08-01 00:00:00
477,96,WH-Bandung,21,2025-01-30 00:00:00
478,96,WH-Surabaya,41,2025-02-16 00:00:00
479,96,WH-Medan,485,2026-08-14 00:00:00
480,96,WH-Makassar,135,2025-08-04 00:00:00
481,97,WH-Jakarta,392,2026-08-09 00:00:00
482,97,WH-Bandung,213,2025-02-01 00:00:00
483,97,WH-Surabaya,254,2026-07-13 00:00:00
484,97,WH-Medan,148,2025-11-06 00:00:00
485,97,WH-Makassar,247,2025-09-08 00:00:00
486,98,WH-Jakarta,412,2026-02-20 00:00:00
487,98,WH-Bandung,152,2026-04-10 00:00:00
488,98,WH-Surabaya,37,2025-03-03 00:00:00
489,98,WH-Medan,80,2026-03-27 00:00:00
490,98,WH-Makassar,212,2026-05-11 00:00:00
491,99,WH-Jakarta,237,2025-07-28 00:00:00
492,99,WH-Bandung,174,2025-05-28 00:00:00
493,99,WH-Surabaya,160,2025-11-23 00:00:00
494,99,WH-Medan,375,2025-12-20 00:00:00
495,99,WH-Makassar,499,2026-02-13 00:00:00
496,100,WH-Jakarta,66,2026-01-15 00:00:00
497,100,WH-Bandung,263,2026-07-30 00:00:00
498,100,WH-Surabaya,54,2025-11-23 00:00:00
499,100,WH-Medan,123,2026-04-23 00:00:00
500,100,WH-Makassar,62,2025-10-01 00:00:00
501,101,WH-Jakarta,230,2025-09-11 00:00:00
502,101,WH-Bandung,72,2025-04-10 00:00:00
503,101,WH-Surabaya,25,2025-10-25 00:00:00
504,101,WH-Medan,484,2026-01-29 00:00:00
505,101,WH-Makassar,442,2026-03-05 00:00:00
506,102,WH-Jakarta,127,2025-06-13 00:00:00
507,102,WH-Bandung,416,2025-12-02 00:00:00
508,102,WH-Surabaya,478,2026-08-15 00:00:00
509,102,WH-Medan,369,2025-11-17 00:00:00
510,102,WH-Makassar,97,2025-06-13 00:00:00
511,103,WH-Jakarta,255,2026-06-12 00:00:00
512,103,WH-Bandung,239,2026-05-26 00:00:00
513,103,WH-Surabaya,450,2025-11-12 00:00:00
514,103,WH-Medan,254,2025-01-24 00:00:00
515,103,WH-Makassar,46,2026-02-07 00:00:00
516,104,WH-Jakarta,258,2026-04-14 00:00:00
517,104,WH-Bandung,494,2025-09-04 00:00:00
518,104,WH-Surabaya,110,2026-08-21 00:00:00
519,104,WH-Medan,180,2025-02-19 00:00:00
520,104,WH-Makassar,25,2025-10-16 00:00:00
521,105,WH-Jakarta,253,2026-04-27 00:00:00
522,105,WH-Bandung,146,2026-07-04 00:00:00
523,105,WH-Surabaya,4,2025-04-21 00:00:00
524,105,WH-Medan,220,2025-05-18 00:00:00
525,105,WH-Makassar,451,2025-09-28 00:00:00
526,106,WH-Jakarta,372,2026-01-10 00:00:00
527,106,WH-Bandung,391,2026-02-17 00:00:00
528,106,WH-Surabaya,187,2025-02-16 00:00:00
529,106,WH-Medan,205,2025-02-22 00:00:00
530,106,WH-Makassar,291,2026-07-30 00:00:00
531,107,WH-Jakarta,99,2026-01-07 00:00:00
532,107,WH-Bandung,283,2025-10-23 00:00:00
533,107,WH-Surabaya,37,2026-01-31 00:00:00
534,107,WH-Medan,258,2026-04-07 00:00:00
535,107,WH-Makassar,391,2026-07-18 00:00:00
536,108,WH-Jakarta,143,2025-05-02 00:00:00
537,108,WH-Bandung,65,2025-04-10 00:00:00
538,108,WH-Surabaya,201,2026-01-18 00:00:00
539,108,WH-Medan,406,2025-12-14 00:00:00
540,108,WH-Makassar,285,2026-01-10 00:00:00
541,109,WH-Jakarta,386,2025-05-28 00:00:00
542,109,WH-Bandung,101,2026-06-06 00:00:00
543,109,WH-Surabaya,205,2026-05-28 00:00:00
544,109,WH-Medan,20,2025-02-16 00:00:00
545,109,WH-Makassar,19,2025-05-21 00:00:00
546,110,WH-Jakarta,365,2025-12-08 00:00:00
547,110,WH-Bandung,411,2026-05-01 00:00:00
548,110,WH-Surabaya,265,2026-04-13 00:00:00
549,110,WH-Medan,76,2026-06-12 00:00:00
550,110,WH-Makassar,71,2025-12-02 00:00:00
551,111,WH-Jakarta,476,2025-11-23 00:00:00
552,111,WH-Bandung,83,2026-02-07 00:00:00
553,111,WH-Surabaya,315,2025-11-03 00:00:00
554,111,WH-Medan,303,2025-12-11 00:00:00
555,111,WH-Makassar,259,2026-06-06 00:00:00
556,112,WH-Jakarta,272,2026-05-17 00:00:00
557,112,WH-Bandung,362,2026-07-31 00:00:00
558,112,WH-Surabaya,153,2026-05-02 00:00:00
559,112,WH-Medan,417,2025-01-18 00:00:00
560,112,WH-Makassar,188,2025-12-06 00:00:00
561,113,WH-Jakarta,344,2025-04-23 00:00:00
562,113,WH-Bandung,213,2026-08-21 00:00:00
563,113,WH-Surabaya,157,2025-01-28 00:00:00
564,113,WH-Medan,305,2026-05-01 00:00:00
565,113,WH-Makassar,135,2026-08-16 00:00:00
566,114,WH-Jakarta,295,2025-08-22 00:00:00
567,114,WH-Bandung,369,2025-02-22 00:00:00
568,114,WH-Surabaya,298,2026-05-07 00:00:00
569,114,WH-Medan,87,2026-06-21 00:00:00
570,114,WH-Makassar,322,2026-01-25 00:00:00
571,115,WH-Jakarta,75,2025-09-06 00:00:00
572,115,WH-Bandung,16,2026-08-10 00:00:00
573,115,WH-Surabaya,485,2025-04-23 00:00:00
574,115,WH-Medan,97,2025-01-20 00:00:00
575,115,WH-Makassar,225,2025-11-18 00:00:00
576,116,WH-Jakarta,214,2025-06-05 00:00:00
577,116,WH-Bandung,211,2025-07-28 00:00:00
578,116,WH-Surabaya,210,2026-05-29 00:00:00
579,116,WH-Medan,396,2026-04-28 00:00:00
580,116,WH-Makassar,446,2025-03-05 00:00:00
581,117,WH-Jakarta,361,2025-05-22 00:00:00
582,117,WH-Bandung,265,2025-08-01 00:00:00
583,117,WH-Surabaya,287,2025-11-29 00:00:00
584,117,WH-Medan,339,2026-05-05 00:00:00
585,117,WH-Makassar,269,2026-01-21 00:00:00
586,118,WH-Jakarta,160,2025-06-27 00:00:00
587,118,WH-Bandung,235,2026-06-30 00:00:00
588,118,WH-Surabaya,175,2026-07-14 00:00:00
589,118,WH-Medan,181,2025-09-28 00:00:00
590,118,WH-Makassar,312,2026-05-11 00:00:00
591,119,WH-Jakarta,98,2025-09-10 00:00:00
592,119,WH-Bandung,142,2026-07-26 00:00:00
593,119,WH-Surabaya,152,2025-08-19 00:00:00
594,119,WH-Medan,482,2025-11-01 00:00:00
595,119,WH-Makassar,394,2025-10-23 00:00:00
596,120,WH-Jakarta,360,2025-08-01 00:00:00
597,120,WH-Bandung,353,2026-05-16 00:00:00
598,120,WH-Surabaya,162,2026-05-07 00:00:00
599,120,WH-Medan,178,2026-07-28 00:00:00
600,120,WH-Makassar,478,2025-10-08 00:00:00
601,121,WH-Jakarta,147,2025-05-05 00:00:00
602,121,WH-Bandung,293,2026-07-11 00:00:00
603,121,WH-Surabaya,194,2026-02-09 00:00:00
604,121,WH-Medan,419,2025-12-20 00:00:00
605,121,WH-Makassar,488,2025-05-30 00:00:00
606,122,WH-Jakarta,148,2025-02-13 00:00:00
607,122,WH-Bandung,147,2025-03-22 00:00:00
608,122,WH-Surabaya,177,2026-03-29 00:00:00
609,122,WH-Medan,335,2025-09-20 00:00:00
610,122,WH-Makassar,382,2026-05-06 00:00:00
611,123,WH-Jakarta,109,2025-07-26 00:00:00
612,123,WH-Bandung,423,2026-07-06 00:00:00
613,123,WH-Surabaya,138,2026-07-30 00:00:00
614,123,WH-Medan,356,2025-10-06 00:00:00
615,123,WH-Makassar,70,2025-04-22 00:00:00
616,124,WH-Jakarta,315,2026-08-24 00:00:00
617,124,WH-Bandung,122,2025-09-06 00:00:00
618,124,WH-Surabaya,25,2026-06-28 00:00:00
619,124,WH-Medan,115,2025-08-27 00:00:00
620,124,WH-Makassar,26,2025-04-13 00:00:00
621,125,WH-Jakarta,211,2025-12-05 00:00:00
622,125,WH-Bandung,367,2026-04-29 00:00:00
623,125,WH-Surabaya,51,2025-05-21 00:00:00
624,125,WH-Medan,2,2026-07-18 00:00:00
625,125,WH-Makassar,500,2025-06-11 00:00:00
626,126,WH-Jakarta,208,2026-05-03 00:00:00
627,126,WH-Bandung,244,2025-07-24 00:00:00
628,126,WH-Surabaya,387,2025-10-22 00:00:00
629,126,WH-Medan,164,2025-10-20 00:00:00
630,126,WH-Makassar,330,2025-03-02 00:00:00
631,127,WH-Jakarta,464,2025-04-02 00:00:00
632,127,WH-Bandung,333,2026-08-11 00:00:00
633,127,WH-Surabaya,118,2026-07-02 00:00:00
634,127,WH-Medan,378,2025-02-08 00:00:00
635,127,WH-Makassar,467,2025-06-29 00:00:00
636,128,WH-Jakarta,213,2025-06-30 00:00:00
637,128,WH-Bandung,478,2025-02-07 00:00:00
638,128,WH-Surabaya,428,2026-02-11 00:00:00
639,128,WH-Medan,403,2026-05-23 00:00:00
640,128,WH-Makassar,95,2025-10-24 00:00:00
641,129,WH-Jakarta,448,2025-02-08 00:00:00
642,129,WH-Bandung,4,2025-11-02 00:00:00
643,129,WH-Surabaya,290,2025-04-20 00:00:00
644,129,WH-Medan,475,2025-12-10 00:00:00
645,129,WH-Makassar,145,2026-04-11 00:00:00
646,130,WH-Jakarta,328,2026-07-11 00:00:00
647,130,WH-Bandung,268,2026-05-21 00:00:00
648,130,WH-Surabaya,455,2025-05-18 00:00:00
649,130,WH-Medan,435,2026-06-01 00:00:00
650,130,WH-Makassar,239,2025-10-07 00:00:00
651,131,WH-Jakarta,98,2025-04-26 00:00:00
652,131,WH-Bandung,169,2025-06-16 00:00:00
653,131,WH-Surabaya,374,2026-04-15 00:00:00
654,131,WH-Medan,331,2025-09-21 00:00:00
655,131,WH-Makassar,367,2025-07-10 00:00:00
656,132,WH-Jakarta,7,2025-12-12 00:00:00
657,132,WH-Bandung,404,2025-10-30 00:00:00
658,132,WH-Surabaya,290,2025-07-17 00:00:00
659,132,WH-Medan,89,2026-02-20 00:00:00
660,132,WH-Makassar,423,2026-03-14 00:00:00
661,133,WH-Jakarta,263,2025-12-02 00:00:00
662,133,WH-Bandung,44,2026-02-15 00:00:00
663,133,WH-Surabaya,342,2025-04-08 00:00:00
664,133,WH-Medan,94,2025-05-24 00:00:00
665,133,WH-Makassar,244,2025-11-28 00:00:00
666,134,WH-Jakarta,479,2025-09-12 00:00:00
667,134,WH-Bandung,3,2025-09-25 00:00:00
668,134,WH-Surabaya,196,2025-08-30 00:00:00
669,134,WH-Medan,228,2025-10-01 00:00:00
670,134,WH-Makassar,488,2025-12-04 00:00:00
671,135,WH-Jakarta,154,2026-08-20 00:00:00
672,135,WH-Bandung,370,2026-08-10 00:00:00
673,135,WH-Surabaya,5,2025-09-25 00:00:00
674,135,WH-Medan,334,2026-01-04 00:00:00
675,135,WH-Makassar,354,2025-08-30 00:00:00
676,136,WH-Jakarta,31,2025-05-02 00:00:00
677,136,WH-Bandung,238,2025-11-11 00:00:00
678,136,WH-Surabaya,81,2026-02-20 00:00:00
679,136,WH-Medan,351,2026-05-30 00:00:00
680,136,WH-Makassar,472,2025-11-15 00:00:00
681,137,WH-Jakarta,353,2025-05-01 00:00:00
682,137,WH-Bandung,327,2025-10-30 00:00:00
683,137,WH-Surabaya,188,2025-08-15 00:00:00
684,137,WH-Medan,112,2025-05-17 00:00:00
685,137,WH-Makassar,244,2025-06-06 00:00:00
686,138,WH-Jakarta,232,2026-01-18 00:00:00
687,138,WH-Bandung,212,2026-07-17 00:00:00
688,138,WH-Surabaya,467,2026-04-28 00:00:00
689,138,WH-Medan,387,2026-07-05 00:00:00
690,138,WH-Makassar,410,2025-08-12 00:00:00
691,139,WH-Jakarta,390,2025-09-11 00:00:00
692,139,WH-Bandung,348,2025-03-25 00:00:00
693,139,WH-Surabaya,269,2026-04-03 00:00:00
694,139,WH-Medan,270,2026-01-06 00:00:00
695,139,WH-Makassar,39,2026-08-01 00:00:00
696,140,WH-Jakarta,57,2025-03-05 00:00:00
697,140,WH-Bandung,424,2026-07-15 00:00:00
698,140,WH-Surabaya,462,2026-06-02 00:00:00
699,140,WH-Medan,103,2026-08-10 00:00:00
700,140,WH-Makassar,274,2025-06-03 00:00:00
701,141,WH-Jakarta,84,2025-12-02 00:00:00
702,141,WH-Bandung,437,2026-06-17 00:00:00
703,141,WH-Surabaya,226,2025-04-30 00:00:00
704,141,WH-Medan,348,2025-07-30 00:00:00
705,141,WH-Makassar,367,2026-08-21 00:00:00
706,142,WH-Jakarta,250,2025-04-04 00:00:00
707,142,WH-Bandung,460,2026-06-07 00:00:00
708,142,WH-Surabaya,228,2025-02-26 00:00:00
709,142,WH-Medan,232,2025-05-16 00:00:00
710,142,WH-Makassar,262,2026-03-02 00:00:00
711,143,WH-Jakarta,233,2026-08-01 00:00:00
712,143,WH-Bandung,29,2026-07-27 00:00:00
713,143,WH-Surabaya,236,2025-11-12 00:00:00
714,143,WH-Medan,370,2025-01-23 00:00:00
715,143,WH-Makassar,202,2025-09-18 00:00:00
716,144,WH-Jakarta,418,2025-01-04 00:00:00
717,144,WH-Bandung,381,2025-08-12 00:00:00
718,144,WH-Surabaya,296,2025-03-16 00:00:00
719,144,WH-Medan,23,2026-03-10 00:00:00
720,144,WH-Makassar,176,2025-03-07 00:00:00
721,145,WH-Jakarta,277,2025-03-03 00:00:00
722,145,WH-Bandung,478,2025-03-12 00:00:00
723,145,WH-Surabaya,478,2026-04-29 00:00:00
724,145,WH-Medan,16,2025-10-21 00:00:00
725,145,WH-Makassar,209,2025-07-04 00:00:00
726,146,WH-Jakarta,393,2025-05-19 00:00:00
727,146,WH-Bandung,392,2026-03-07 00:00:00
728,146,WH-Surabaya,191,2026-01-27 00:00:00
729,146,WH-Medan,229,2026-01-22 00:00:00
730,146,WH-Makassar,192,2025-03-24 00:00:00
731,147,WH-Jakarta,349,2026-07-07 00:00:00
732,147,WH-Bandung,68,2025-12-23 00:00:00
733,147,WH-Surabaya,60,2025-07-02 00:00:00
734,147,WH-Medan,275,2026-02-07 00:00:00
735,147,WH-Makassar,270,2025-05-11 00:00:00
736,148,WH-Jakarta,372,2025-08-17 00:00:00
737,148,WH-Bandung,427,2025-01-04 00:00:00
738,148,WH-Surabaya,387,2025-01-24 00:00:00
739,148,WH-Medan,500,2025-11-02 00:00:00
740,148,WH-Makassar,237,2026-07-12 00:00:00
741,149,WH-Jakarta,217,2026-06-29 00:00:00
742,149,WH-Bandung,194,2025-08-24 00:00:00
743,149,WH-Surabaya,126,2026-04-17 00:00:00
744,149,WH-Medan,177,2025-06-08 00:00:00
745,149,WH-Makassar,141,2025-07-13 00:00:00
746,150,WH-Jakarta,479,2025-04-26 00:00:00
747,150,WH-Bandung,16,2026-03-06 00:00:00
748,150,WH-Surabaya,314,2025-01-17 00:00:00
749,150,WH-Medan,123,2025-07-31 00:00:00
750,150,WH-Makassar,34,2025-04-14 00:00:00
751,151,WH-Jakarta,304,2025-02-04 00:00:00
752,151,WH-Bandung,228,2025-02-19 00:00:00
753,151,WH-Surabaya,125,2025-02-15 00:00:00
754,151,WH-Medan,205,2026-03-26 00:00:00
755,151,WH-Makassar,119,2026-07-07 00:00:00
756,152,WH-Jakarta,111,2025-02-27 00:00:00
757,152,WH-Bandung,71,2026-05-31 00:00:00
758,152,WH-Surabaya,148,2025-08-28 00:00:00
759,152,WH-Medan,417,2026-08-13 00:00:00
760,152,WH-Makassar,163,2026-08-15 00:00:00
761,153,WH-Jakarta,306,2025-11-25 00:00:00
762,153,WH-Bandung,121,2025-11-06 00:00:00
763,153,WH-Surabaya,448,2025-05-27 00:00:00
764,153,WH-Medan,338,2026-06-18 00:00:00
765,153,WH-Makassar,113,2026-02-28 00:00:00
766,154,WH-Jakarta,153,2025-10-09 00:00:00
767,154,WH-Bandung,31,2026-07-25 00:00:00
768,154,WH-Surabaya,485,2025-06-29 00:00:00
769,154,WH-Medan,320,2026-03-14 00:00:00
770,154,WH-Makassar,284,2026-05-23 00:00:00
771,155,WH-Jakarta,24,2025-12-19 00:00:00
772,155,WH-Bandung,482,2026-01-26 00:00:00
773,155,WH-Surabaya,402,2026-06-22 00:00:00
774,155,WH-Medan,163,2026-03-03 00:00:00
775,155,WH-Makassar,209,2025-06-02 00:00:00
776,156,WH-Jakarta,153,2026-01-21 00:00:00
777,156,WH-Bandung,94,2026-07-05 00:00:00
778,156,WH-Surabaya,242,2025-09-04 00:00:00
779,156,WH-Medan,434,2025-08-19 00:00:00
780,156,WH-Makassar,153,2025-05-28 00:00:00
781,157,WH-Jakarta,412,2026-04-20 00:00:00
782,157,WH-Bandung,468,2025-03-01 00:00:00
783,157,WH-Surabaya,287,2026-02-27 00:00:00
784,157,WH-Medan,495,2026-03-03 00:00:00
785,157,WH-Makassar,285,2026-06-27 00:00:00
786,158,WH-Jakarta,68,2026-02-02 00:00:00
787,158,WH-Bandung,124,2025-09-19 00:00:00
788,158,WH-Surabaya,104,2025-12-05 00:00:00
789,158,WH-Medan,331,2025-03-22 00:00:00
790,158,WH-Makassar,472,2026-04-06 00:00:00
791,159,WH-Jakarta,433,2026-01-15 00:00:00
792,159,WH-Bandung,47,2026-07-03 00:00:00
793,159,WH-Surabaya,370,2025-07-15 00:00:00
794,159,WH-Medan,26,2025-10-02 00:00:00
795,159,WH-Makassar,193,2025-02-10 00:00:00
796,160,WH-Jakarta,447,2025-03-16 00:00:00
797,160,WH-Bandung,96,2026-07-27 00:00:00
798,160,WH-Surabaya,111,2026-05-06 00:00:00
799,160,WH-Medan,106,2025-12-07 00:00:00
800,160,WH-Makassar,155,2025-01-16 00:00:00
801,161,WH-Jakarta,108,2025-07-14 00:00:00
802,161,WH-Bandung,492,2025-05-01 00:00:00
803,161,WH-Surabaya,382,2026-05-06 00:00:00
804,161,WH-Medan,468,2025-09-06 00:00:00
805,161,WH-Makassar,356,2025-07-29 00:00:00
806,162,WH-Jakarta,203,2025-09-03 00:00:00
807,162,WH-Bandung,282,2025-11-26 00:00:00
808,162,WH-Surabaya,397,2025-10-17 00:00:00
809,162,WH-Medan,194,2026-04-23 00:00:00
810,162,WH-Makassar,273,2026-01-03 00:00:00
811,163,WH-Jakarta,157,2025-09-25 00:00:00
812,163,WH-Bandung,184,2026-06-10 00:00:00
813,163,WH-Surabaya,451,2026-05-25 00:00:00
814,163,WH-Medan,238,2025-04-11 00:00:00
815,163,WH-Makassar,411,2026-04-26 00:00:00
816,164,WH-Jakarta,389,2025-11-24 00:00:00
817,164,WH-Bandung,468,2025-07-28 00:00:00
818,164,WH-Surabaya,189,2025-11-17 00:00:00
819,164,WH-Medan,211,2025-02-16 00:00:00
820,164,WH-Makassar,288,2025-08-15 00:00:00
821,165,WH-Jakarta,379,2025-05-30 00:00:00
822,165,WH-Bandung,8,2025-09-25 00:00:00
823,165,WH-Surabaya,283,2026-08-22 00:00:00
824,165,WH-Medan,296,2026-03-04 00:00:00
825,165,WH-Makassar,151,2025-06-06 00:00:00
826,166,WH-Jakarta,100,2025-12-04 00:00:00
827,166,WH-Bandung,117,2026-01-24 00:00:00
828,166,WH-Surabaya,291,2025-09-09 00:00:00
829,166,WH-Medan,255,2026-07-18 00:00:00
830,166,WH-Makassar,335,2025-12-12 00:00:00
831,167,WH-Jakarta,131,2026-05-16 00:00:00
832,167,WH-Bandung,494,2026-05-18 00:00:00
833,167,WH-Surabaya,235,2025-06-22 00:00:00
834,167,WH-Medan,375,2025-12-27 00:00:00
835,167,WH-Makassar,86,2025-05-24 00:00:00
836,168,WH-Jakarta,368,2026-07-14 00:00:00
837,168,WH-Bandung,250,2025-07-08 00:00:00
838,168,WH-Surabaya,469,2026-07-10 00:00:00
839,168,WH-Medan,328,2025-03-02 00:00:00
840,168,WH-Makassar,268,2025-02-04 00:00:00
841,169,WH-Jakarta,429,2025-03-18 00:00:00
842,169,WH-Bandung,483,2025-02-19 00:00:00
843,169,WH-Surabaya,391,2025-01-07 00:00:00
844,169,WH-Medan,211,2025-05-21 00:00:00
845,169,WH-Makassar,431,2025-08-25 00:00:00
846,170,WH-Jakarta,34,2025-06-04 00:00:00
847,170,WH-Bandung,4,2025-08-12 00:00:00
848,170,WH-Surabaya,258,2026-04-12 00:00:00
849,170,WH-Medan,191,2025-03-03 00:00:00
850,170,WH-Makassar,316,2026-05-10 00:00:00
851,171,WH-Jakarta,337,2026-05-15 00:00:00
852,171,WH-Bandung,8,2025-01-07 00:00:00
853,171,WH-Surabaya,272,2026-07-19 00:00:00
854,171,WH-Medan,210,2025-01-13 00:00:00
855,171,WH-Makassar,8,2026-06-27 00:00:00
856,172,WH-Jakarta,369,2025-10-09 00:00:00
857,172,WH-Bandung,274,2025-10-21 00:00:00
858,172,WH-Surabaya,8,2026-05-30 00:00:00
859,172,WH-Medan,416,2026-03-17 00:00:00
860,172,WH-Makassar,412,2025-07-03 00:00:00
861,173,WH-Jakarta,54,2025-04-09 00:00:00
862,173,WH-Bandung,268,2025-06-02 00:00:00
863,173,WH-Surabaya,123,2025-07-16 00:00:00
864,173,WH-Medan,317,2026-06-24 00:00:00
865,173,WH-Makassar,129,2025-12-29 00:00:00
866,174,WH-Jakarta,136,2026-02-11 00:00:00
867,174,WH-Bandung,40,2026-01-18 00:00:00
868,174,WH-Surabaya,491,2026-02-20 00:00:00
869,174,WH-Medan,235,2026-08-02 00:00:00
870,174,WH-Makassar,124,2025-08-20 00:00:00
871,175,WH-Jakarta,153,2025-03-24 00:00:00
872,175,WH-Bandung,334,2025-02-02 00:00:00
873,175,WH-Surabaya,47,2026-02-20 00:00:00
874,175,WH-Medan,194,2026-01-22 00:00:00
875,175,WH-Makassar,282,2026-05-03 00:00:00
876,176,WH-Jakarta,28,2025-01-10 00:00:00
877,176,WH-Bandung,359,2025-06-25 00:00:00
878,176,WH-Surabaya,42,2026-05-27 00:00:00
879,176,WH-Medan,432,2026-03-21 00:00:00
880,176,WH-Makassar,330,2025-12-06 00:00:00
881,177,WH-Jakarta,289,2025-04-08 00:00:00
882,177,WH-Bandung,458,2026-06-25 00:00:00
883,177,WH-Surabaya,470,2025-02-13 00:00:00
884,177,WH-Medan,117,2025-08-05 00:00:00
885,177,WH-Makassar,461,2026-08-04 00:00:00
886,178,WH-Jakarta,243,2025-10-05 00:00:00
887,178,WH-Bandung,23,2025-03-18 00:00:00
888,178,WH-Surabaya,350,2025-10-15 00:00:00
889,178,WH-Medan,460,2026-07-11 00:00:00
890,178,WH-Makassar,288,2025-02-03 00:00:00
891,179,WH-Jakarta,91,2025-11-19 00:00:00
892,179,WH-Bandung,8,2025-08-01 00:00:00
893,179,WH-Surabaya,300,2025-05-28 00:00:00
894,179,WH-Medan,385,2026-02-12 00:00:00
895,179,WH-Makassar,475,2025-03-20 00:00:00
896,180,WH-Jakarta,153,2025-06-16 00:00:00
897,180,WH-Bandung,288,2025-09-04 00:00:00
898,180,WH-Surabaya,290,2026-02-03 00:00:00
899,180,WH-Medan,346,2026-07-08 00:00:00
900,180,WH-Makassar,169,2026-01-29 00:00:00
901,181,WH-Jakarta,386,2025-05-24 00:00:00
902,181,WH-Bandung,404,2025-03-22 00:00:00
903,181,WH-Surabaya,256,2025-12-21 00:00:00
904,181,WH-Medan,27,2025-04-11 00:00:00
905,181,WH-Makassar,223,2025-08-26 00:00:00
906,182,WH-Jakarta,429,2025-03-19 00:00:00
907,182,WH-Bandung,174,2026-02-11 00:00:00
908,182,WH-Surabaya,496,2025-12-01 00:00:00
909,182,WH-Medan,15,2025-10-07 00:00:00
910,182,WH-Makassar,401,2026-04-07 00:00:00
911,183,WH-Jakarta,251,2025-08-22 00:00:00
912,183,WH-Bandung,182,2026-07-21 00:00:00
913,183,WH-Surabaya,481,2026-01-20 00:00:00
914,183,WH-Medan,221,2025-07-10 00:00:00
915,183,WH-Makassar,348,2026-08-23 00:00:00
916,184,WH-Jakarta,338,2026-01-25 00:00:00
917,184,WH-Bandung,43,2025-10-30 00:00:00
918,184,WH-Surabaya,408,2025-09-10 00:00:00
919,184,WH-Medan,365,2025-03-17 00:00:00
920,184,WH-Makassar,42,2025-10-02 00:00:00
921,185,WH-Jakarta,78,2026-01-25 00:00:00
922,185,WH-Bandung,364,2025-06-07 00:00:00
923,185,WH-Surabaya,378,2026-02-03 00:00:00
924,185,WH-Medan,162,2026-01-05 00:00:00
925,185,WH-Makassar,54,2025-04-04 00:00:00
926,186,WH-Jakarta,2,2025-11-12 00:00:00
927,186,WH-Bandung,227,2026-01-04 00:00:00
928,186,WH-Surabaya,389,2025-10-04 00:00:00
929,186,WH-Medan,52,2025-05-16 00:00:00
930,186,WH-Makassar,44,2025-07-11 00:00:00
931,187,WH-Jakarta,220,2026-04-05 00:00:00
932,187,WH-Bandung,285,2026-07-23 00:00:00
933,187,WH-Surabaya,262,2026-02-22 00:00:00
934,187,WH-Medan,52,2025-01-27 00:00:00
935,187,WH-Makassar,45,2025-12-29 00:00:00
936,188,WH-Jakarta,283,2025-04-06 00:00:00
937,188,WH-Bandung,305,2025-11-29 00:00:00
938,188,WH-Surabaya,442,2026-01-30 00:00:00
939,188,WH-Medan,6,2025-10-26 00:00:00
940,188,WH-Makassar,211,2026-02-02 00:00:00
941,189,WH-Jakarta,398,2025-03-28 00:00:00
942,189,WH-Bandung,371,2026-07-27 00:00:00
943,189,WH-Surabaya,463,2025-09-06 00:00:00
944,189,WH-Medan,292,2026-06-18 00:00:00
945,189,WH-Makassar,86,2026-01-25 00:00:00
946,190,WH-Jakarta,86,2025-05-23 00:00:00
947,190,WH-Bandung,137,2025-11-05 00:00:00
948,190,WH-Surabaya,137,2026-05-20 00:00:00
949,190,WH-Medan,74,2025-03-06 00:00:00
950,190,WH-Makassar,85,2026-03-22 00:00:00
951,191,WH-Jakarta,141,2026-03-08 00:00:00
952,191,WH-Bandung,153,2026-05-11 00:00:00
953,191,WH-Surabaya,400,2025-03-20 00:00:00
954,191,WH-Medan,184,2025-09-15 00:00:00
955,191,WH-Makassar,483,2025-09-10 00:00:00
956,192,WH-Jakarta,369,2026-05-23 00:00:00
957,192,WH-Bandung,304,2025-07-20 00:00:00
958,192,WH-Surabaya,234,2025-04-20 00:00:00
959,192,WH-Medan,69,2025-11-08 00:00:00
960,192,WH-Makassar,3,2026-02-10 00:00:00
961,193,WH-Jakarta,170,2026-01-25 00:00:00
962,193,WH-Bandung,411,2025-12-04 00:00:00
963,193,WH-Surabaya,225,2025-12-09 00:00:00
964,193,WH-Medan,220,2025-05-20 00:00:00
965,193,WH-Makassar,153,2025-11-25 00:00:00
966,194,WH-Jakarta,308,2025-07-25 00:00:00
967,194,WH-Bandung,245,2025-11-18 00:00:00
968,194,WH-Surabaya,90,2026-02-12 00:00:00
969,194,WH-Medan,495,2025-11-23 00:00:00
970,194,WH-Makassar,149,2026-05-18 00:00:00
971,195,WH-Jakarta,495,2026-08-13 00:00:00
972,195,WH-Bandung,400,2025-09-06 00:00:00
973,195,WH-Surabaya,166,2026-01-21 00:00:00
974,195,WH-Medan,143,2026-02-07 00:00:00
975,195,WH-Makassar,186,2025-04-27 00:00:00
976,196,WH-Jakarta,477,2026-08-01 00:00:00
977,196,WH-Bandung,102,2026-07-13 00:00:00
978,196,WH-Surabaya,92,2026-07-18 00:00:00
979,196,WH-Medan,13,2026-04-18 00:00:00
980,196,WH-Makassar,482,2025-08-03 00:00:00
981,197,WH-Jakarta,224,2025-10-26 00:00:00
982,197,WH-Bandung,425,2025-03-12 00:00:00
983,197,WH-Surabaya,419,2026-02-23 00:00:00
984,197,WH-Medan,344,2026-05-27 00:00:00
985,197,WH-Makassar,71,2025-11-07 00:00:00
986,198,WH-Jakarta,123,2025-09-16 00:00:00
987,198,WH-Bandung,337,2025-06-07 00:00:00
988,198,WH-Surabaya,366,2026-03-10 00:00:00
989,198,WH-Medan,404,2026-01-22 00:00:00
990,198,WH-Makassar,37,2026-04-05 00:00:00
991,199,WH-Jakarta,306,2026-05-06 00:00:00
992,199,WH-Bandung,298,2026-02-15 00:00:00
993,199,WH-Surabaya,273,2026-06-03 00:00:00
994,199,WH-Medan,472,2026-03-05 00:00:00
995,199,WH-Makassar,278,2025-02-07 00:00:00
996,200,WH-Jakarta,404,2026-01-04 00:00:00
997,200,WH-Bandung,359,2026-07-04 00:00:00
998,200,WH-Surabaya,304,2025-03-29 00:00:00
999,200,WH-Medan,55,2025-09-12 00:00:00
1000,200,WH-Makassar,336,2025-12-30 00:00:00
1001,201,WH-Jakarta,85,2025-02-15 00:00:00
1002,201,WH-Bandung,288,2026-02-14 00:00:00
1003,201,WH-Surabaya,495,2025-12-06 00:00:00
1004,201,WH-Medan,494,2026-03-17 00:00:00
1005,201,WH-Makassar,54,2025-01-11 00:00:00
1006,202,WH-Jakarta,50,2025-09-22 00:00:00
1007,202,WH-Bandung,113,2026-06-07 00:00:00
1008,202,WH-Surabaya,382,2026-06-16 00:00:00
1009,202,WH-Medan,285,2026-08-18 00:00:00
1010,202,WH-Makassar,352,2026-08-13 00:00:00
1011,203,WH-Jakarta,113,2026-04-02 00:00:00
1012,203,WH-Bandung,191,2026-02-05 00:00:00
1013,203,WH-Surabaya,237,2026-05-28 00:00:00
1014,203,WH-Medan,77,2025-12-20 00:00:00
1015,203,WH-Makassar,12,2026-05-10 00:00:00
1016,204,WH-Jakarta,53,2025-10-30 00:00:00
1017,204,WH-Bandung,212,2025-03-29 00:00:00
1018,204,WH-Surabaya,59,2025-05-26 00:00:00
1019,204,WH-Medan,178,2025-11-16 00:00:00
1020,204,WH-Makassar,175,2026-04-12 00:00:00
1021,205,WH-Jakarta,401,2025-07-31 00:00:00
1022,205,WH-Bandung,266,2026-05-10 00:00:00
1023,205,WH-Surabaya,178,2026-05-03 00:00:00
1024,205,WH-Medan,49,2026-03-25 00:00:00
1025,205,WH-Makassar,369,2026-04-09 00:00:00
1026,206,WH-Jakarta,163,2025-03-10 00:00:00
1027,206,WH-Bandung,153,2025-02-15 00:00:00
1028,206,WH-Surabaya,414,2025-04-28 00:00:00
1029,206,WH-Medan,11,2025-12-18 00:00:00
1030,206,WH-Makassar,331,2025-04-22 00:00:00
1031,207,WH-Jakarta,346,2025-06-18 00:00:00
1032,207,WH-Bandung,476,2025-09-07 00:00:00
1033,207,WH-Surabaya,264,2025-06-28 00:00:00
1034,207,WH-Medan,282,2025-06-13 00:00:00
1035,207,WH-Makassar,169,2026-07-28 00:00:00
1036,208,WH-Jakarta,218,2026-04-19 00:00:00
1037,208,WH-Bandung,118,2026-02-19 00:00:00
1038,208,WH-Surabaya,322,2025-07-08 00:00:00
1039,208,WH-Medan,95,2026-03-19 00:00:00
1040,208,WH-Makassar,202,2025-01-30 00:00:00
1041,209,WH-Jakarta,377,2025-07-22 00:00:00
1042,209,WH-Bandung,230,2026-03-16 00:00:00
1043,209,WH-Surabaya,199,2025-01-05 00:00:00
1044,209,WH-Medan,360,2025-08-08 00:00:00
1045,209,WH-Makassar,105,2025-10-13 00:00:00
1046,210,WH-Jakarta,385,2025-03-06 00:00:00
1047,210,WH-Bandung,295,2025-04-15 00:00:00
1048,210,WH-Surabaya,409,2026-07-04 00:00:00
1049,210,WH-Medan,95,2026-01-10 00:00:00
1050,210,WH-Makassar,166,2025-07-21 00:00:00
1051,211,WH-Jakarta,234,2025-04-27 00:00:00
1052,211,WH-Bandung,134,2026-05-17 00:00:00
1053,211,WH-Surabaya,270,2025-11-17 00:00:00
1054,211,WH-Medan,305,2026-02-02 00:00:00
1055,211,WH-Makassar,312,2026-02-06 00:00:00
1056,212,WH-Jakarta,300,2025-04-27 00:00:00
1057,212,WH-Bandung,178,2025-12-27 00:00:00
1058,212,WH-Surabaya,432,2026-04-14 00:00:00
1059,212,WH-Medan,316,2025-06-26 00:00:00
1060,212,WH-Makassar,416,2025-11-01 00:00:00
1061,213,WH-Jakarta,470,2025-03-28 00:00:00
1062,213,WH-Bandung,344,2025-05-18 00:00:00
1063,213,WH-Surabaya,160,2025-05-01 00:00:00
1064,213,WH-Medan,122,2025-11-09 00:00:00
1065,213,WH-Makassar,59,2025-07-07 00:00:00
1066,214,WH-Jakarta,191,2025-05-25 00:00:00
1067,214,WH-Bandung,261,2026-02-02 00:00:00
1068,214,WH-Surabaya,214,2025-05-22 00:00:00
1069,214,WH-Medan,294,2026-01-28 00:00:00
1070,214,WH-Makassar,216,2025-07-10 00:00:00
1071,215,WH-Jakarta,249,2026-07-05 00:00:00
1072,215,WH-Bandung,355,2025-06-27 00:00:00
1073,215,WH-Surabaya,284,2025-06-20 00:00:00
1074,215,WH-Medan,250,2025-10-23 00:00:00
1075,215,WH-Makassar,71,2025-07-11 00:00:00
1076,216,WH-Jakarta,161,2026-04-07 00:00:00
1077,216,WH-Bandung,317,2025-02-24 00:00:00
1078,216,WH-Surabaya,443,2026-01-03 00:00:00
1079,216,WH-Medan,487,2025-01-10 00:00:00
1080,216,WH-Makassar,248,2025-05-20 00:00:00
1081,217,WH-Jakarta,99,2026-01-29 00:00:00
1082,217,WH-Bandung,493,2026-07-30 00:00:00
1083,217,WH-Surabaya,258,2026-05-22 00:00:00
1084,217,WH-Medan,209,2026-05-19 00:00:00
1085,217,WH-Makassar,212,2026-03-31 00:00:00
1086,218,WH-Jakarta,250,2025-06-21 00:00:00
1087,218,WH-Bandung,42,2026-08-02 00:00:00
1088,218,WH-Surabaya,15,2025-08-14 00:00:00
1089,218,WH-Medan,149,2025-02-03 00:00:00
1090,218,WH-Makassar,140,2025-08-19 00:00:00
1091,219,WH-Jakarta,275,2025-10-23 00:00:00
1092,219,WH-Bandung,86,2026-04-14 00:00:00
1093,219,WH-Surabaya,289,2026-05-23 00:00:00
1094,219,WH-Medan,281,2026-06-08 00:00:00
1095,219,WH-Makassar,57,2026-08-10 00:00:00
1096,220,WH-Jakarta,58,2025-10-02 00:00:00
1097,220,WH-Bandung,396,2026-07-11 00:00:00
1098,220,WH-Surabaya,421,2026-01-11 00:00:00
1099,220,WH-Medan,277,2025-02-12 00:00:00
1100,220,WH-Makassar,389,2026-03-28 00:00:00
1101,221,WH-Jakarta,279,2025-08-12 00:00:00
1102,221,WH-Bandung,217,2025-04-15 00:00:00
1103,221,WH-Surabaya,376,2025-09-11 00:00:00
1104,221,WH-Medan,152,2025-02-03 00:00:00
1105,221,WH-Makassar,230,2025-09-27 00:00:00
1106,222,WH-Jakarta,178,2025-03-31 00:00:00
1107,222,WH-Bandung,224,2025-05-01 00:00:00
1108,222,WH-Surabaya,397,2025-08-31 00:00:00
1109,222,WH-Medan,107,2025-12-26 00:00:00
1110,222,WH-Makassar,440,2026-03-15 00:00:00
1111,223,WH-Jakarta,84,2025-05-23 00:00:00
1112,223,WH-Bandung,401,2025-07-31 00:00:00
1113,223,WH-Surabaya,416,2025-07-31 00:00:00
1114,223,WH-Medan,412,2025-03-02 00:00:00
1115,223,WH-Makassar,291,2025-12-26 00:00:00
1116,224,WH-Jakarta,272,2025-10-15 00:00:00
1117,224,WH-Bandung,305,2026-07-06 00:00:00
1118,224,WH-Surabaya,86,2025-11-28 00:00:00
1119,224,WH-Medan,360,2025-10-27 00:00:00
1120,224,WH-Makassar,148,2026-08-10 00:00:00
1121,225,WH-Jakarta,136,2026-06-11 00:00:00
1122,225,WH-Bandung,460,2025-04-08 00:00:00
1123,225,WH-Surabaya,69,2026-02-26 00:00:00
1124,225,WH-Medan,470,2025-03-02 00:00:00
1125,225,WH-Makassar,141,2025-05-10 00:00:00
1126,226,WH-Jakarta,359,2025-05-16 00:00:00
1127,226,WH-Bandung,127,2025-05-30 00:00:00
1128,226,WH-Surabaya,364,2025-11-26 00:00:00
1129,226,WH-Medan,424,2025-09-11 00:00:00
1130,226,WH-Makassar,389,2026-02-07 00:00:00
1131,227,WH-Jakarta,250,2025-05-26 00:00:00
1132,227,WH-Bandung,295,2025-10-03 00:00:00
1133,227,WH-Surabaya,321,2026-03-01 00:00:00
1134,227,WH-Medan,192,2026-04-08 00:00:00
1135,227,WH-Makassar,38,2025-04-06 00:00:00
1136,228,WH-Jakarta,206,2026-06-12 00:00:00
1137,228,WH-Bandung,383,2025-10-12 00:00:00
1138,228,WH-Surabaya,355,2026-01-13 00:00:00
1139,228,WH-Medan,232,2026-05-15 00:00:00
1140,228,WH-Makassar,167,2026-08-19 00:00:00
1141,229,WH-Jakarta,1,2025-04-06 00:00:00
1142,229,WH-Bandung,374,2026-04-15 00:00:00
1143,229,WH-Surabaya,325,2026-01-02 00:00:00
1144,229,WH-Medan,435,2025-03-06 00:00:00
1145,229,WH-Makassar,407,2026-07-02 00:00:00
1146,230,WH-Jakarta,203,2025-08-12 00:00:00
1147,230,WH-Bandung,495,2026-03-16 00:00:00
1148,230,WH-Surabaya,422,2025-08-05 00:00:00
1149,230,WH-Medan,253,2025-10-02 00:00:00
1150,230,WH-Makassar,165,2025-10-18 00:00:00
1151,231,WH-Jakarta,172,2026-07-15 00:00:00
1152,231,WH-Bandung,295,2025-05-14 00:00:00
1153,231,WH-Surabaya,289,2026-05-12 00:00:00
1154,231,WH-Medan,403,2025-12-18 00:00:00
1155,231,WH-Makassar,457,2025-02-19 00:00:00
1156,232,WH-Jakarta,23,2025-04-12 00:00:00
1157,232,WH-Bandung,320,2026-04-16 00:00:00
1158,232,WH-Surabaya,8,2025-05-08 00:00:00
1159,232,WH-Medan,475,2025-06-11 00:00:00
1160,232,WH-Makassar,225,2026-04-13 00:00:00
1161,233,WH-Jakarta,0,2026-03-15 00:00:00
1162,233,WH-Bandung,103,2025-05-16 00:00:00
1163,233,WH-Surabaya,451,2025-11-06 00:00:00
1164,233,WH-Medan,81,2025-10-08 00:00:00
1165,233,WH-Makassar,47,2026-01-05 00:00:00
1166,234,WH-Jakarta,128,2025-03-26 00:00:00
1167,234,WH-Bandung,190,2025-06-19 00:00:00
1168,234,WH-Surabaya,26,2026-02-10 00:00:00
1169,234,WH-Medan,320,2025-11-09 00:00:00
1170,234,WH-Makassar,371,2025-08-28 00:00:00
1171,235,WH-Jakarta,219,2025-04-04 00:00:00
1172,235,WH-Bandung,360,2025-04-08 00:00:00
1173,235,WH-Surabaya,0,2025-08-07 00:00:00
1174,235,WH-Medan,244,2025-03-21 00:00:00
1175,235,WH-Makassar,67,2025-08-20 00:00:00
1176,236,WH-Jakarta,265,2026-04-01 00:00:00
1177,236,WH-Bandung,4,2025-01-09 00:00:00
1178,236,WH-Surabaya,356,2025-12-18 00:00:00
1179,236,WH-Medan,418,2025-05-04 00:00:00
1180,236,WH-Makassar,440,2026-03-09 00:00:00
1181,237,WH-Jakarta,355,2025-05-16 00:00:00
1182,237,WH-Bandung,244,2025-03-14 00:00:00
1183,237,WH-Surabaya,117,2026-01-28 00:00:00
1184,237,WH-Medan,45,2025-04-15 00:00:00
1185,237,WH-Makassar,52,2025-11-17 00:00:00
1186,238,WH-Jakarta,188,2025-11-03 00:00:00
1187,238,WH-Bandung,70,2026-01-27 00:00:00
1188,238,WH-Surabaya,396,2025-05-17 00:00:00
1189,238,WH-Medan,328,2025-05-27 00:00:00
1190,238,WH-Makassar,35,2026-06-28 00:00:00
1191,239,WH-Jakarta,288,2025-01-09 00:00:00
1192,239,WH-Bandung,312,2025-06-18 00:00:00
1193,239,WH-Surabaya,225,2025-12-26 00:00:00
1194,239,WH-Medan,369,2025-08-07 00:00:00
1195,239,WH-Makassar,321,2025-06-05 00:00:00
1196,240,WH-Jakarta,470,2026-02-26 00:00:00
1197,240,WH-Bandung,315,2026-03-30 00:00:00
1198,240,WH-Surabaya,440,2025-08-11 00:00:00
1199,240,WH-Medan,44,2025-04-13 00:00:00
1200,240,WH-Makassar,71,2025-05-07 00:00:00
1201,241,WH-Jakarta,301,2026-01-29 00:00:00
1202,241,WH-Bandung,179,2026-03-16 00:00:00
1203,241,WH-Surabaya,161,2025-05-24 00:00:00
1204,241,WH-Medan,126,2025-10-11 00:00:00
1205,241,WH-Makassar,330,2025-03-28 00:00:00
1206,242,WH-Jakarta,127,2026-07-21 00:00:00
1207,242,WH-Bandung,307,2025-10-19 00:00:00
1208,242,WH-Surabaya,398,2025-01-28 00:00:00
1209,242,WH-Medan,434,2025-11-05 00:00:00
1210,242,WH-Makassar,105,2026-06-15 00:00:00
1211,243,WH-Jakarta,310,2026-06-06 00:00:00
1212,243,WH-Bandung,96,2026-02-06 00:00:00
1213,243,WH-Surabaya,151,2025-02-25 00:00:00
1214,243,WH-Medan,401,2025-09-03 00:00:00
1215,243,WH-Makassar,253,2026-01-31 00:00:00
1216,244,WH-Jakarta,57,2025-09-04 00:00:00
1217,244,WH-Bandung,255,2025-03-14 00:00:00
1218,244,WH-Surabaya,270,2025-01-13 00:00:00
1219,244,WH-Medan,184,2025-11-21 00:00:00
1220,244,WH-Makassar,67,2026-02-01 00:00:00
1221,245,WH-Jakarta,440,2026-08-06 00:00:00
1222,245,WH-Bandung,215,2026-01-10 00:00:00
1223,245,WH-Surabaya,279,2025-06-26 00:00:00
1224,245,WH-Medan,390,2026-04-28 00:00:00
1225,245,WH-Makassar,488,2025-03-16 00:00:00
1226,246,WH-Jakarta,8,2025-03-11 00:00:00
1227,246,WH-Bandung,7,2025-09-26 00:00:00
1228,246,WH-Surabaya,110,2025-02-10 00:00:00
1229,246,WH-Medan,472,2025-03-03 00:00:00
1230,246,WH-Makassar,485,2026-02-12 00:00:00
1231,247,WH-Jakarta,259,2025-10-21 00:00:00
1232,247,WH-Bandung,321,2026-05-29 00:00:00
1233,247,WH-Surabaya,392,2026-03-02 00:00:00
1234,247,WH-Medan,216,2026-02-16 00:00:00
1235,247,WH-Makassar,42,2026-07-04 00:00:00
1236,248,WH-Jakarta,275,2025-06-06 00:00:00
1237,248,WH-Bandung,142,2025-03-27 00:00:00
1238,248,WH-Surabaya,158,2025-03-22 00:00:00
1239,248,WH-Medan,261,2025-07-28 00:00:00
1240,248,WH-Makassar,498,2025-06-09 00:00:00
1241,249,WH-Jakarta,274,2025-12-01 00:00:00
1242,249,WH-Bandung,200,2026-08-24 00:00:00
1243,249,WH-Surabaya,324,2025-03-09 00:00:00
1244,249,WH-Medan,158,2026-03-24 00:00:00
1245,249,WH-Makassar,373,2025-09-02 00:00:00
1246,250,WH-Jakarta,29,2025-09-08 00:00:00
1247,250,WH-Bandung,44,2026-03-21 00:00:00
1248,250,WH-Surabaya,59,2026-04-10 00:00:00
1249,250,WH-Medan,313,2025-02-26 00:00:00
1250,250,WH-Makassar,158,2025-06-29 00:00:00
1251,251,WH-Jakarta,61,2025-01-13 00:00:00
1252,251,WH-Bandung,362,2025-05-21 00:00:00
1253,251,WH-Surabaya,359,2025-01-12 00:00:00
1254,251,WH-Medan,83,2026-05-24 00:00:00
1255,251,WH-Makassar,487,2025-12-22 00:00:00
1256,252,WH-Jakarta,267,2026-06-14 00:00:00
1257,252,WH-Bandung,400,2025-09-23 00:00:00
1258,252,WH-Surabaya,85,2026-01-16 00:00:00
1259,252,WH-Medan,64,2025-10-03 00:00:00
1260,252,WH-Makassar,375,2025-05-01 00:00:00
1261,253,WH-Jakarta,394,2025-01-31 00:00:00
1262,253,WH-Bandung,171,2026-03-16 00:00:00
1263,253,WH-Surabaya,139,2026-06-21 00:00:00
1264,253,WH-Medan,32,2025-09-27 00:00:00
1265,253,WH-Makassar,364,2026-08-14 00:00:00
1266,254,WH-Jakarta,321,2025-03-20 00:00:00
1267,254,WH-Bandung,254,2026-04-12 00:00:00
1268,254,WH-Surabaya,261,2026-01-04 00:00:00
1269,254,WH-Medan,28,2026-05-27 00:00:00
1270,254,WH-Makassar,439,2026-08-04 00:00:00
1271,255,WH-Jakarta,85,2026-01-12 00:00:00
1272,255,WH-Bandung,80,2025-09-19 00:00:00
1273,255,WH-Surabaya,395,2025-04-16 00:00:00
1274,255,WH-Medan,457,2026-08-11 00:00:00
1275,255,WH-Makassar,345,2025-04-29 00:00:00
1276,256,WH-Jakarta,116,2026-06-06 00:00:00
1277,256,WH-Bandung,1,2025-02-15 00:00:00
1278,256,WH-Surabaya,439,2025-01-13 00:00:00
1279,256,WH-Medan,125,2025-02-17 00:00:00
1280,256,WH-Makassar,241,2026-01-08 00:00:00
1281,257,WH-Jakarta,196,2025-06-03 00:00:00
1282,257,WH-Bandung,91,2025-02-06 00:00:00
1283,257,WH-Surabaya,283,2026-03-06 00:00:00
1284,257,WH-Medan,114,2025-11-26 00:00:00
1285,257,WH-Makassar,127,2026-03-03 00:00:00
1286,258,WH-Jakarta,468,2025-11-24 00:00:00
1287,258,WH-Bandung,138,2025-03-21 00:00:00
1288,258,WH-Surabaya,292,2026-01-17 00:00:00
1289,258,WH-Medan,61,2026-05-30 00:00:00
1290,258,WH-Makassar,344,2025-02-23 00:00:00
1291,259,WH-Jakarta,91,2025-08-17 00:00:00
1292,259,WH-Bandung,411,2026-06-13 00:00:00
1293,259,WH-Surabaya,23,2026-02-15 00:00:00
1294,259,WH-Medan,35,2026-04-22 00:00:00
1295,259,WH-Makassar,443,2025-10-17 00:00:00
1296,260,WH-Jakarta,396,2025-11-15 00:00:00
1297,260,WH-Bandung,167,2025-03-30 00:00:00
1298,260,WH-Surabaya,283,2026-04-13 00:00:00
1299,260,WH-Medan,4,2026-01-13 00:00:00
1300,260,WH-Makassar,102,2025-10-26 00:00:00
1301,261,WH-Jakarta,288,2025-11-08 00:00:00
1302,261,WH-Bandung,378,2025-09-06 00:00:00
1303,261,WH-Surabaya,237,2026-01-13 00:00:00
1304,261,WH-Medan,302,2026-05-21 00:00:00
1305,261,WH-Makassar,395,2025-07-20 00:00:00
1306,262,WH-Jakarta,375,2026-07-14 00:00:00
1307,262,WH-Bandung,389,2025-09-09 00:00:00
1308,262,WH-Surabaya,77,2025-01-07 00:00:00
1309,262,WH-Medan,477,2026-02-24 00:00:00
1310,262,WH-Makassar,12,2025-08-27 00:00:00
1311,263,WH-Jakarta,277,2025-12-21 00:00:00
1312,263,WH-Bandung,325,2025-01-10 00:00:00
1313,263,WH-Surabaya,486,2025-12-10 00:00:00
1314,263,WH-Medan,0,2026-01-21 00:00:00
1315,263,WH-Makassar,434,2025-11-11 00:00:00
1316,264,WH-Jakarta,53,2025-07-30 00:00:00
1317,264,WH-Bandung,271,2025-09-01 00:00:00
1318,264,WH-Surabaya,214,2026-05-19 00:00:00
1319,264,WH-Medan,492,2025-03-03 00:00:00
1320,264,WH-Makassar,497,2025-05-26 00:00:00
1321,265,WH-Jakarta,364,2025-10-14 00:00:00
1322,265,WH-Bandung,47,2025-02-14 00:00:00
1323,265,WH-Surabaya,471,2025-08-26 00:00:00
1324,265,WH-Medan,459,2026-06-17 00:00:00
1325,265,WH-Makassar,211,2026-01-17 00:00:00
1326,266,WH-Jakarta,234,2025-03-28 00:00:00
1327,266,WH-Bandung,297,2025-04-08 00:00:00
1328,266,WH-Surabaya,258,2025-05-17 00:00:00
1329,266,WH-Medan,326,2026-02-08 00:00:00
1330,266,WH-Makassar,38,2026-08-05 00:00:00
1331,267,WH-Jakarta,31,2026-03-22 00:00:00
1332,267,WH-Bandung,339,2025-05-14 00:00:00
1333,267,WH-Surabaya,121,2025-10-26 00:00:00
1334,267,WH-Medan,133,2025-11-19 00:00:00
1335,267,WH-Makassar,474,2026-02-07 00:00:00
1336,268,WH-Jakarta,358,2025-12-01 00:00:00
1337,268,WH-Bandung,162,2026-04-09 00:00:00
1338,268,WH-Surabaya,139,2025-08-28 00:00:00
1339,268,WH-Medan,38,2025-07-27 00:00:00
1340,268,WH-Makassar,69,2026-08-22 00:00:00
1341,269,WH-Jakarta,55,2025-06-09 00:00:00
1342,269,WH-Bandung,54,2025-06-18 00:00:00
1343,269,WH-Surabaya,230,2026-04-23 00:00:00
1344,269,WH-Medan,160,2026-02-21 00:00:00
1345,269,WH-Makassar,61,2026-07-03 00:00:00
1346,270,WH-Jakarta,183,2025-08-01 00:00:00
1347,270,WH-Bandung,231,2025-11-12 00:00:00
1348,270,WH-Surabaya,237,2025-09-29 00:00:00
1349,270,WH-Medan,436,2025-05-03 00:00:00
1350,270,WH-Makassar,46,2025-06-11 00:00:00
1351,271,WH-Jakarta,413,2025-11-08 00:00:00
1352,271,WH-Bandung,423,2025-02-11 00:00:00
1353,271,WH-Surabaya,110,2025-12-02 00:00:00
1354,271,WH-Medan,75,2025-04-04 00:00:00
1355,271,WH-Makassar,364,2025-09-12 00:00:00
1356,272,WH-Jakarta,495,2025-12-31 00:00:00
1357,272,WH-Bandung,202,2026-06-10 00:00:00
1358,272,WH-Surabaya,25,2025-11-03 00:00:00
1359,272,WH-Medan,133,2025-06-28 00:00:00
1360,272,WH-Makassar,15,2026-02-19 00:00:00
1361,273,WH-Jakarta,437,2026-04-09 00:00:00
1362,273,WH-Bandung,284,2026-07-18 00:00:00
1363,273,WH-Surabaya,127,2025-04-07 00:00:00
1364,273,WH-Medan,236,2025-04-15 00:00:00
1365,273,WH-Makassar,411,2025-05-24 00:00:00
1366,274,WH-Jakarta,62,2025-01-13 00:00:00
1367,274,WH-Bandung,31,2025-08-16 00:00:00
1368,274,WH-Surabaya,66,2025-07-22 00:00:00
1369,274,WH-Medan,421,2026-02-15 00:00:00
1370,274,WH-Makassar,190,2025-03-28 00:00:00
1371,275,WH-Jakarta,298,2026-08-24 00:00:00
1372,275,WH-Bandung,132,2025-03-18 00:00:00
1373,275,WH-Surabaya,11,2025-03-08 00:00:00
1374,275,WH-Medan,101,2026-03-31 00:00:00
1375,275,WH-Makassar,414,2025-05-12 00:00:00
1376,276,WH-Jakarta,47,2025-12-06 00:00:00
1377,276,WH-Bandung,62,2025-02-13 00:00:00
1378,276,WH-Surabaya,482,2026-04-18 00:00:00
1379,276,WH-Medan,25,2025-06-22 00:00:00
1380,276,WH-Makassar,473,2026-08-11 00:00:00
1381,277,WH-Jakarta,221,2026-02-09 00:00:00
1382,277,WH-Bandung,254,2025-01-31 00:00:00
1383,277,WH-Surabaya,195,2026-03-13 00:00:00
1384,277,WH-Medan,88,2025-12-29 00:00:00
1385,277,WH-Makassar,109,2025-07-11 00:00:00
1386,278,WH-Jakarta,140,2025-10-14 00:00:00
1387,278,WH-Bandung,228,2025-06-02 00:00:00
1388,278,WH-Surabaya,17,2025-09-09 00:00:00
1389,278,WH-Medan,331,2025-10-30 00:00:00
1390,278,WH-Makassar,255,2026-02-26 00:00:00
1391,279,WH-Jakarta,451,2026-07-18 00:00:00
1392,279,WH-Bandung,245,2025-03-04 00:00:00
1393,279,WH-Surabaya,44,2025-10-14 00:00:00
1394,279,WH-Medan,196,2025-05-21 00:00:00
1395,279,WH-Makassar,214,2025-07-24 00:00:00
1396,280,WH-Jakarta,329,2026-06-23 00:00:00
1397,280,WH-Bandung,127,2026-07-11 00:00:00
1398,280,WH-Surabaya,406,2025-01-20 00:00:00
1399,280,WH-Medan,195,2026-01-03 00:00:00
1400,280,WH-Makassar,245,2026-07-12 00:00:00
1401,281,WH-Jakarta,400,2026-05-12 00:00:00
1402,281,WH-Bandung,176,2026-08-03 00:00:00
1403,281,WH-Surabaya,257,2025-11-26 00:00:00
1404,281,WH-Medan,198,2025-10-04 00:00:00
1405,281,WH-Makassar,92,2025-01-27 00:00:00
1406,282,WH-Jakarta,163,2025-08-13 00:00:00
1407,282,WH-Bandung,15,2025-10-15 00:00:00
1408,282,WH-Surabaya,29,2026-04-29 00:00:00
1409,282,WH-Medan,271,2026-01-02 00:00:00
1410,282,WH-Makassar,392,2026-08-22 00:00:00
1411,283,WH-Jakarta,119,2025-06-13 00:00:00
1412,283,WH-Bandung,51,2025-09-11 00:00:00
1413,283,WH-Surabaya,336,2025-09-04 00:00:00
1414,283,WH-Medan,136,2026-07-01 00:00:00
1415,283,WH-Makassar,417,2025-02-27 00:00:00
1416,284,WH-Jakarta,391,2025-08-13 00:00:00
1417,284,WH-Bandung,294,2026-02-02 00:00:00
1418,284,WH-Surabaya,181,2025-06-27 00:00:00
1419,284,WH-Medan,90,2025-08-31 00:00:00
1420,284,WH-Makassar,303,2025-11-22 00:00:00
1421,285,WH-Jakarta,412,2026-01-03 00:00:00
1422,285,WH-Bandung,467,2025-01-29 00:00:00
1423,285,WH-Surabaya,360,2025-12-27 00:00:00
1424,285,WH-Medan,485,2026-08-05 00:00:00
1425,285,WH-Makassar,288,2025-05-26 00:00:00
1426,286,WH-Jakarta,288,2025-07-12 00:00:00
1427,286,WH-Bandung,428,2026-05-20 00:00:00
1428,286,WH-Surabaya,277,2025-11-13 00:00:00
1429,286,WH-Medan,89,2026-05-18 00:00:00
1430,286,WH-Makassar,19,2025-04-03 00:00:00
1431,287,WH-Jakarta,28,2025-08-27 00:00:00
1432,287,WH-Bandung,308,2025-08-13 00:00:00
1433,287,WH-Surabaya,10,2026-06-24 00:00:00
1434,287,WH-Medan,244,2025-01-01 00:00:00
1435,287,WH-Makassar,169,2025-07-26 00:00:00
1436,288,WH-Jakarta,412,2025-05-14 00:00:00
1437,288,WH-Bandung,174,2025-07-01 00:00:00
1438,288,WH-Surabaya,470,2025-11-28 00:00:00
1439,288,WH-Medan,30,2025-01-23 00:00:00
1440,288,WH-Makassar,75,2026-08-24 00:00:00
1441,289,WH-Jakarta,360,2025-05-26 00:00:00
1442,289,WH-Bandung,396,2025-04-24 00:00:00
1443,289,WH-Surabaya,433,2026-06-23 00:00:00
1444,289,WH-Medan,440,2026-01-09 00:00:00
1445,289,WH-Makassar,491,2025-03-16 00:00:00
1446,290,WH-Jakarta,191,2026-02-10 00:00:00
1447,290,WH-Bandung,300,2025-04-14 00:00:00
1448,290,WH-Surabaya,172,2025-11-06 00:00:00
1449,290,WH-Medan,165,2025-05-20 00:00:00
1450,290,WH-Makassar,499,2025-06-11 00:00:00
1451,291,WH-Jakarta,374,2026-03-24 00:00:00
1452,291,WH-Bandung,405,2026-05-14 00:00:00
1453,291,WH-Surabaya,332,2025-11-21 00:00:00
1454,291,WH-Medan,89,2026-07-30 00:00:00
1455,291,WH-Makassar,355,2026-01-01 00:00:00
1456,292,WH-Jakarta,114,2025-06-29 00:00:00
1457,292,WH-Bandung,193,2025-11-11 00:00:00
1458,292,WH-Surabaya,375,2025-10-29 00:00:00
1459,292,WH-Medan,65,2025-07-01 00:00:00
1460,292,WH-Makassar,373,2025-01-02 00:00:00
1461,293,WH-Jakarta,485,2026-08-10 00:00:00
1462,293,WH-Bandung,200,2026-08-05 00:00:00
1463,293,WH-Surabaya,16,2025-07-06 00:00:00
1464,293,WH-Medan,308,2025-11-22 00:00:00
1465,293,WH-Makassar,471,2025-08-15 00:00:00
1466,294,WH-Jakarta,327,2026-08-03 00:00:00
1467,294,WH-Bandung,53,2026-05-24 00:00:00
1468,294,WH-Surabaya,72,2025-12-06 00:00:00
1469,294,WH-Medan,381,2025-03-21 00:00:00
1470,294,WH-Makassar,121,2025-12-22 00:00:00
1471,295,WH-Jakarta,163,2025-06-21 00:00:00
1472,295,WH-Bandung,325,2025-04-01 00:00:00
1473,295,WH-Surabaya,420,2025-12-10 00:00:00
1474,295,WH-Medan,228,2025-01-12 00:00:00
1475,295,WH-Makassar,135,2025-08-03 00:00:00
1476,296,WH-Jakarta,127,2025-03-11 00:00:00
1477,296,WH-Bandung,179,2025-09-20 00:00:00
1478,296,WH-Surabaya,402,2025-04-21 00:00:00
1479,296,WH-Medan,368,2025-01-02 00:00:00
1480,296,WH-Makassar,24,2026-01-31 00:00:00
1481,297,WH-Jakarta,224,2026-03-06 00:00:00
1482,297,WH-Bandung,496,2025-06-20 00:00:00
1483,297,WH-Surabaya,452,2026-02-28 00:00:00
1484,297,WH-Medan,252,2026-01-23 00:00:00
1485,297,WH-Makassar,179,2026-07-14 00:00:00
1486,298,WH-Jakarta,192,2025-04-14 00:00:00
1487,298,WH-Bandung,424,2026-05-06 00:00:00
1488,298,WH-Surabaya,403,2026-08-15 00:00:00
1489,298,WH-Medan,333,2025-08-19 00:00:00
1490,298,WH-Makassar,83,2026-04-08 00:00:00
1491,299,WH-Jakarta,37,2025-02-04 00:00:00
1492,299,WH-Bandung,150,2025-01-21 00:00:00
1493,299,WH-Surabaya,163,2025-09-25 00:00:00
1494,299,WH-Medan,487,2025-04-18 00:00:00
1495,299,WH-Makassar,37,2025-12-17 00:00:00
1496,300,WH-Jakarta,87,2026-01-20 00:00:00
1497,300,WH-Bandung,82,2025-03-18 00:00:00
1498,300,WH-Surabaya,280,2025-04-06 00:00:00
1499,300,WH-Medan,173,2026-05-10 00:00:00
1500,300,WH-Makassar,360,2025-02-01 00:00:00
1501,301,WH-Jakarta,220,2025-06-18 00:00:00
1502,301,WH-Bandung,310,2026-03-21 00:00:00
1503,301,WH-Surabaya,80,2025-02-24 00:00:00
1504,301,WH-Medan,51,2025-12-06 00:00:00
1505,301,WH-Makassar,105,2025-07-14 00:00:00
1506,302,WH-Jakarta,209,2026-07-22 00:00:00
1507,302,WH-Bandung,369,2026-07-08 00:00:00
1508,302,WH-Surabaya,135,2025-10-16 00:00:00
1509,302,WH-Medan,152,2025-09-01 00:00:00
1510,302,WH-Makassar,49,2025-02-20 00:00:00
1511,303,WH-Jakarta,201,2026-08-09 00:00:00
1512,303,WH-Bandung,281,2026-05-18 00:00:00
1513,303,WH-Surabaya,78,2025-02-25 00:00:00
1514,303,WH-Medan,184,2025-01-04 00:00:00
1515,303,WH-Makassar,218,2025-03-31 00:00:00
1516,304,WH-Jakarta,150,2026-05-07 00:00:00
1517,304,WH-Bandung,102,2025-04-10 00:00:00
1518,304,WH-Surabaya,13,2025-07-31 00:00:00
1519,304,WH-Medan,87,2025-10-26 00:00:00
1520,304,WH-Makassar,500,2025-03-25 00:00:00
1521,305,WH-Jakarta,242,2025-04-29 00:00:00
1522,305,WH-Bandung,157,2026-02-12 00:00:00
1523,305,WH-Surabaya,241,2026-05-16 00:00:00
1524,305,WH-Medan,458,2025-09-29 00:00:00
1525,305,WH-Makassar,46,2026-07-12 00:00:00
1526,306,WH-Jakarta,198,2025-07-09 00:00:00
1527,306,WH-Bandung,189,2026-01-26 00:00:00
1528,306,WH-Surabaya,189,2025-07-11 00:00:00
1529,306,WH-Medan,228,2025-02-15 00:00:00
1530,306,WH-Makassar,134,2026-03-27 00:00:00
1531,307,WH-Jakarta,238,2025-09-27 00:00:00
1532,307,WH-Bandung,115,2025-10-03 00:00:00
1533,307,WH-Surabaya,288,2025-03-05 00:00:00
1534,307,WH-Medan,77,2025-04-10 00:00:00
1535,307,WH-Makassar,43,2025-12-19 00:00:00
1536,308,WH-Jakarta,413,2026-07-09 00:00:00
1537,308,WH-Bandung,211,2025-08-21 00:00:00
1538,308,WH-Surabaya,283,2025-03-04 00:00:00
1539,308,WH-Medan,430,2026-02-01 00:00:00
1540,308,WH-Makassar,419,2026-06-20 00:00:00
1541,309,WH-Jakarta,214,2026-07-03 00:00:00
1542,309,WH-Bandung,351,2026-05-02 00:00:00
1543,309,WH-Surabaya,293,2025-08-30 00:00:00
1544,309,WH-Medan,243,2025-11-03 00:00:00
1545,309,WH-Makassar,40,2026-02-09 00:00:00
1546,310,WH-Jakarta,462,2025-02-05 00:00:00
1547,310,WH-Bandung,257,2026-08-08 00:00:00
1548,310,WH-Surabaya,461,2026-06-14 00:00:00
1549,310,WH-Medan,409,2026-08-09 00:00:00
1550,310,WH-Makassar,346,2025-05-31 00:00:00
1551,311,WH-Jakarta,61,2026-04-05 00:00:00
1552,311,WH-Bandung,88,2025-06-21 00:00:00
1553,311,WH-Surabaya,497,2025-08-05 00:00:00
1554,311,WH-Medan,413,2025-07-17 00:00:00
1555,311,WH-Makassar,64,2025-02-13 00:00:00
1556,312,WH-Jakarta,216,2025-03-22 00:00:00
1557,312,WH-Bandung,349,2026-03-22 00:00:00
1558,312,WH-Surabaya,103,2025-06-01 00:00:00
1559,312,WH-Medan,427,2025-09-22 00:00:00
1560,312,WH-Makassar,163,2025-03-10 00:00:00
1561,313,WH-Jakarta,44,2026-02-02 00:00:00
1562,313,WH-Bandung,284,2026-02-11 00:00:00
1563,313,WH-Surabaya,282,2025-11-30 00:00:00
1564,313,WH-Medan,438,2025-10-10 00:00:00
1565,313,WH-Makassar,266,2026-04-15 00:00:00
1566,314,WH-Jakarta,469,2025-01-13 00:00:00
1567,314,WH-Bandung,402,2026-06-20 00:00:00
1568,314,WH-Surabaya,400,2026-03-06 00:00:00
1569,314,WH-Medan,57,2026-03-01 00:00:00
1570,314,WH-Makassar,76,2025-06-01 00:00:00
1571,315,WH-Jakarta,290,2026-08-20 00:00:00
1572,315,WH-Bandung,388,2025-04-13 00:00:00
1573,315,WH-Surabaya,473,2025-04-19 00:00:00
1574,315,WH-Medan,288,2025-04-14 00:00:00
1575,315,WH-Makassar,402,2025-10-20 00:00:00
1576,316,WH-Jakarta,444,2026-07-03 00:00:00
1577,316,WH-Bandung,450,2025-12-19 00:00:00
1578,316,WH-Surabaya,449,2026-02-25 00:00:00
1579,316,WH-Medan,135,2026-01-28 00:00:00
1580,316,WH-Makassar,335,2026-05-13 00:00:00
1581,317,WH-Jakarta,292,2026-04-30 00:00:00
1582,317,WH-Bandung,19,2025-06-26 00:00:00
1583,317,WH-Surabaya,141,2026-02-17 00:00:00
1584,317,WH-Medan,73,2026-02-16 00:00:00
1585,317,WH-Makassar,19,2026-02-10 00:00:00
1586,318,WH-Jakarta,455,2025-12-06 00:00:00
1587,318,WH-Bandung,353,2025-09-01 00:00:00
1588,318,WH-Surabaya,25,2026-05-02 00:00:00
1589,318,WH-Medan,471,2025-10-03 00:00:00
1590,318,WH-Makassar,459,2026-01-17 00:00:00
1591,319,WH-Jakarta,10,2025-12-12 00:00:00
1592,319,WH-Bandung,418,2025-11-07 00:00:00
1593,319,WH-Surabaya,159,2025-10-15 00:00:00
1594,319,WH-Medan,431,2026-05-19 00:00:00
1595,319,WH-Makassar,439,2025-04-11 00:00:00
1596,320,WH-Jakarta,497,2025-08-22 00:00:00
1597,320,WH-Bandung,68,2025-11-04 00:00:00
1598,320,WH-Surabaya,498,2026-03-30 00:00:00
1599,320,WH-Medan,396,2025-11-25 00:00:00
1600,320,WH-Makassar,137,2026-03-03 00:00:00
1601,321,WH-Jakarta,309,2025-04-02 00:00:00
1602,321,WH-Bandung,96,2026-03-29 00:00:00
1603,321,WH-Surabaya,108,2026-02-21 00:00:00
1604,321,WH-Medan,379,2026-05-12 00:00:00
1605,321,WH-Makassar,388,2026-06-13 00:00:00
1606,322,WH-Jakarta,444,2026-01-18 00:00:00
1607,322,WH-Bandung,420,2025-02-27 00:00:00
1608,322,WH-Surabaya,263,2025-06-12 00:00:00
1609,322,WH-Medan,33,2025-11-15 00:00:00
1610,322,WH-Makassar,363,2026-06-03 00:00:00
1611,323,WH-Jakarta,206,2025-05-19 00:00:00
1612,323,WH-Bandung,399,2026-06-21 00:00:00
1613,323,WH-Surabaya,450,2026-08-06 00:00:00
1614,323,WH-Medan,14,2025-06-27 00:00:00
1615,323,WH-Makassar,98,2025-07-25 00:00:00
1616,324,WH-Jakarta,428,2025-03-01 00:00:00
1617,324,WH-Bandung,127,2025-02-03 00:00:00
1618,324,WH-Surabaya,233,2025-02-21 00:00:00
1619,324,WH-Medan,470,2026-01-05 00:00:00
1620,324,WH-Makassar,360,2025-07-23 00:00:00
1621,325,WH-Jakarta,140,2026-01-13 00:00:00
1622,325,WH-Bandung,421,2026-04-21 00:00:00
1623,325,WH-Surabaya,258,2026-02-11 00:00:00
1624,325,WH-Medan,325,2025-05-07 00:00:00
1625,325,WH-Makassar,348,2025-02-01 00:00:00
1626,326,WH-Jakarta,123,2026-01-17 00:00:00
1627,326,WH-Bandung,250,2026-04-02 00:00:00
1628,326,WH-Surabaya,90,2026-05-01 00:00:00
1629,326,WH-Medan,300,2026-07-19 00:00:00
1630,326,WH-Makassar,179,2025-12-19 00:00:00
1631,327,WH-Jakarta,83,2025-09-22 00:00:00
1632,327,WH-Bandung,383,2025-04-03 00:00:00
1633,327,WH-Surabaya,145,2025-01-29 00:00:00
1634,327,WH-Medan,197,2025-02-20 00:00:00
1635,327,WH-Makassar,83,2026-08-09 00:00:00
1636,328,WH-Jakarta,399,2025-08-08 00:00:00
1637,328,WH-Bandung,438,2025-08-15 00:00:00
1638,328,WH-Surabaya,331,2025-08-19 00:00:00
1639,328,WH-Medan,346,2025-07-31 00:00:00
1640,328,WH-Makassar,137,2026-02-24 00:00:00
1641,329,WH-Jakarta,262,2025-01-21 00:00:00
1642,329,WH-Bandung,442,2025-01-10 00:00:00
1643,329,WH-Surabaya,242,2025-05-16 00:00:00
1644,329,WH-Medan,331,2025-06-27 00:00:00
1645,329,WH-Makassar,307,2025-01-09 00:00:00
1646,330,WH-Jakarta,114,2025-09-16 00:00:00
1647,330,WH-Bandung,311,2025-11-09 00:00:00
1648,330,WH-Surabaya,364,2025-10-09 00:00:00
1649,330,WH-Medan,216,2026-01-21 00:00:00
1650,330,WH-Makassar,436,2025-12-24 00:00:00
1651,331,WH-Jakarta,235,2025-09-16 00:00:00
1652,331,WH-Bandung,111,2026-04-23 00:00:00
1653,331,WH-Surabaya,154,2026-06-18 00:00:00
1654,331,WH-Medan,422,2026-02-11 00:00:00
1655,331,WH-Makassar,299,2025-04-15 00:00:00
1656,332,WH-Jakarta,3,2026-06-08 00:00:00
1657,332,WH-Bandung,339,2026-01-19 00:00:00
1658,332,WH-Surabaya,287,2025-10-17 00:00:00
1659,332,WH-Medan,152,2025-04-21 00:00:00
1660,332,WH-Makassar,246,2025-03-07 00:00:00
1661,333,WH-Jakarta,172,2025-10-11 00:00:00
1662,333,WH-Bandung,327,2025-11-29 00:00:00
1663,333,WH-Surabaya,441,2025-10-11 00:00:00
1664,333,WH-Medan,133,2025-11-02 00:00:00
1665,333,WH-Makassar,96,2025-06-03 00:00:00
1666,334,WH-Jakarta,264,2025-09-04 00:00:00
1667,334,WH-Bandung,460,2025-02-28 00:00:00
1668,334,WH-Surabaya,412,2026-02-18 00:00:00
1669,334,WH-Medan,338,2025-11-24 00:00:00
1670,334,WH-Makassar,348,2025-05-24 00:00:00
1671,335,WH-Jakarta,369,2025-01-27 00:00:00
1672,335,WH-Bandung,335,2026-05-25 00:00:00
1673,335,WH-Surabaya,151,2025-09-23 00:00:00
1674,335,WH-Medan,464,2026-03-05 00:00:00
1675,335,WH-Makassar,207,2026-02-02 00:00:00
1676,336,WH-Jakarta,377,2025-02-06 00:00:00
1677,336,WH-Bandung,298,2026-08-09 00:00:00
1678,336,WH-Surabaya,417,2025-07-14 00:00:00
1679,336,WH-Medan,175,2025-08-16 00:00:00
1680,336,WH-Makassar,351,2026-07-02 00:00:00
1681,337,WH-Jakarta,326,2026-05-03 00:00:00
1682,337,WH-Bandung,464,2026-01-03 00:00:00
1683,337,WH-Surabaya,259,2025-11-04 00:00:00
1684,337,WH-Medan,432,2025-06-24 00:00:00
1685,337,WH-Makassar,430,2026-07-26 00:00:00
1686,338,WH-Jakarta,92,2025-10-28 00:00:00
1687,338,WH-Bandung,49,2026-04-28 00:00:00
1688,338,WH-Surabaya,65,2025-09-22 00:00:00
1689,338,WH-Medan,371,2026-07-27 00:00:00
1690,338,WH-Makassar,390,2025-07-07 00:00:00
1691,339,WH-Jakarta,484,2025-12-10 00:00:00
1692,339,WH-Bandung,335,2025-04-02 00:00:00
1693,339,WH-Surabaya,113,2025-12-30 00:00:00
1694,339,WH-Medan,114,2025-11-11 00:00:00
1695,339,WH-Makassar,215,2025-12-06 00:00:00
1696,340,WH-Jakarta,190,2025-09-24 00:00:00
1697,340,WH-Bandung,299,2025-10-29 00:00:00
1698,340,WH-Surabaya,237,2025-05-01 00:00:00
1699,340,WH-Medan,240,2025-02-24 00:00:00
1700,340,WH-Makassar,443,2026-08-21 00:00:00
1701,341,WH-Jakarta,297,2025-03-14 00:00:00
1702,341,WH-Bandung,241,2025-07-19 00:00:00
1703,341,WH-Surabaya,256,2025-05-03 00:00:00
1704,341,WH-Medan,444,2026-01-26 00:00:00
1705,341,WH-Makassar,271,2025-11-02 00:00:00
1706,342,WH-Jakarta,211,2025-02-25 00:00:00
1707,342,WH-Bandung,445,2025-06-04 00:00:00
1708,342,WH-Surabaya,70,2025-07-25 00:00:00
1709,342,WH-Medan,175,2026-02-24 00:00:00
1710,342,WH-Makassar,291,2026-04-14 00:00:00
1711,343,WH-Jakarta,73,2025-11-20 00:00:00
1712,343,WH-Bandung,441,2025-07-04 00:00:00
1713,343,WH-Surabaya,398,2025-03-24 00:00:00
1714,343,WH-Medan,249,2025-12-07 00:00:00
1715,343,WH-Makassar,323,2025-07-01 00:00:00
1716,344,WH-Jakarta,160,2025-03-01 00:00:00
1717,344,WH-Bandung,2,2026-04-08 00:00:00
1718,344,WH-Surabaya,140,2025-08-03 00:00:00
1719,344,WH-Medan,389,2025-06-22 00:00:00
1720,344,WH-Makassar,295,2025-06-12 00:00:00
1721,345,WH-Jakarta,250,2025-04-01 00:00:00
1722,345,WH-Bandung,66,2026-03-21 00:00:00
1723,345,WH-Surabaya,324,2026-03-16 00:00:00
1724,345,WH-Medan,206,2026-03-16 00:00:00
1725,345,WH-Makassar,494,2026-05-04 00:00:00
1726,346,WH-Jakarta,196,2025-01-05 00:00:00
1727,346,WH-Bandung,19,2026-07-01 00:00:00
1728,346,WH-Surabaya,102,2026-01-18 00:00:00
1729,346,WH-Medan,486,2025-01-15 00:00:00
1730,346,WH-Makassar,456,2025-11-26 00:00:00
1731,347,WH-Jakarta,387,2026-06-28 00:00:00
1732,347,WH-Bandung,97,2025-01-19 00:00:00
1733,347,WH-Surabaya,346,2025-01-05 00:00:00
1734,347,WH-Medan,320,2025-09-12 00:00:00
1735,347,WH-Makassar,115,2025-12-19 00:00:00
1736,348,WH-Jakarta,159,2025-05-13 00:00:00
1737,348,WH-Bandung,52,2026-01-28 00:00:00
1738,348,WH-Surabaya,257,2025-11-10 00:00:00
1739,348,WH-Medan,85,2025-03-08 00:00:00
1740,348,WH-Makassar,421,2025-02-16 00:00:00
1741,349,WH-Jakarta,152,2025-10-25 00:00:00
1742,349,WH-Bandung,233,2026-06-17 00:00:00
1743,349,WH-Surabaya,305,2026-06-21 00:00:00
1744,349,WH-Medan,172,2026-03-21 00:00:00
1745,349,WH-Makassar,454,2025-05-18 00:00:00
1746,350,WH-Jakarta,175,2026-05-17 00:00:00
1747,350,WH-Bandung,183,2025-07-12 00:00:00
1748,350,WH-Surabaya,84,2026-02-18 00:00:00
1749,350,WH-Medan,9,2025-08-22 00:00:00
1750,350,WH-Makassar,114,2025-05-15 00:00:00
1751,351,WH-Jakarta,108,2025-01-23 00:00:00
1752,351,WH-Bandung,301,2026-06-01 00:00:00
1753,351,WH-Surabaya,86,2025-05-07 00:00:00
1754,351,WH-Medan,187,2025-02-08 00:00:00
1755,351,WH-Makassar,192,2025-09-19 00:00:00
1756,352,WH-Jakarta,394,2026-07-02 00:00:00
1757,352,WH-Bandung,319,2025-02-19 00:00:00
1758,352,WH-Surabaya,304,2025-02-19 00:00:00
1759,352,WH-Medan,338,2025-04-21 00:00:00
1760,352,WH-Makassar,334,2025-01-21 00:00:00
1761,353,WH-Jakarta,24,2025-04-29 00:00:00
1762,353,WH-Bandung,213,2026-03-31 00:00:00
1763,353,WH-Surabaya,194,2025-05-07 00:00:00
1764,353,WH-Medan,280,2025-09-16 00:00:00
1765,353,WH-Makassar,242,2025-06-06 00:00:00
1766,354,WH-Jakarta,105,2025-01-10 00:00:00
1767,354,WH-Bandung,154,2026-03-07 00:00:00
1768,354,WH-Surabaya,338,2025-04-14 00:00:00
1769,354,WH-Medan,339,2026-06-17 00:00:00
1770,354,WH-Makassar,138,2025-05-21 00:00:00
1771,355,WH-Jakarta,214,2025-04-18 00:00:00
1772,355,WH-Bandung,261,2025-05-01 00:00:00
1773,355,WH-Surabaya,144,2025-04-27 00:00:00
1774,355,WH-Medan,401,2025-04-19 00:00:00
1775,355,WH-Makassar,254,2025-07-23 00:00:00
1776,356,WH-Jakarta,311,2025-07-24 00:00:00
1777,356,WH-Bandung,398,2025-09-27 00:00:00
1778,356,WH-Surabaya,425,2026-06-20 00:00:00
1779,356,WH-Medan,498,2025-07-26 00:00:00
1780,356,WH-Makassar,183,2026-02-24 00:00:00
1781,357,WH-Jakarta,151,2025-06-14 00:00:00
1782,357,WH-Bandung,20,2026-07-16 00:00:00
1783,357,WH-Surabaya,254,2025-08-01 00:00:00
1784,357,WH-Medan,352,2026-05-08 00:00:00
1785,357,WH-Makassar,169,2025-08-29 00:00:00
1786,358,WH-Jakarta,1,2025-01-14 00:00:00
1787,358,WH-Bandung,343,2025-04-02 00:00:00
1788,358,WH-Surabaya,464,2025-04-24 00:00:00
1789,358,WH-Medan,427,2026-08-11 00:00:00
1790,358,WH-Makassar,342,2026-05-21 00:00:00
1791,359,WH-Jakarta,76,2025-04-03 00:00:00
1792,359,WH-Bandung,399,2026-06-08 00:00:00
1793,359,WH-Surabaya,38,2025-04-14 00:00:00
1794,359,WH-Medan,463,2025-09-20 00:00:00
1795,359,WH-Makassar,329,2025-08-25 00:00:00
1796,360,WH-Jakarta,233,2025-10-31 00:00:00
1797,360,WH-Bandung,135,2026-04-21 00:00:00
1798,360,WH-Surabaya,25,2025-04-13 00:00:00
1799,360,WH-Medan,416,2025-06-28 00:00:00
1800,360,WH-Makassar,447,2025-02-10 00:00:00
1801,361,WH-Jakarta,436,2025-10-25 00:00:00
1802,361,WH-Bandung,184,2025-11-17 00:00:00
1803,361,WH-Surabaya,218,2025-04-29 00:00:00
1804,361,WH-Medan,48,2025-02-16 00:00:00
1805,361,WH-Makassar,4,2025-05-22 00:00:00
1806,362,WH-Jakarta,339,2025-06-24 00:00:00
1807,362,WH-Bandung,168,2026-01-02 00:00:00
1808,362,WH-Surabaya,457,2026-03-25 00:00:00
1809,362,WH-Medan,489,2025-10-02 00:00:00
1810,362,WH-Makassar,449,2025-04-06 00:00:00
1811,363,WH-Jakarta,190,2025-12-17 00:00:00
1812,363,WH-Bandung,93,2025-04-27 00:00:00
1813,363,WH-Surabaya,205,2026-02-14 00:00:00
1814,363,WH-Medan,492,2026-04-13 00:00:00
1815,363,WH-Makassar,139,2026-01-30 00:00:00
1816,364,WH-Jakarta,353,2026-05-05 00:00:00
1817,364,WH-Bandung,409,2026-03-08 00:00:00
1818,364,WH-Surabaya,332,2025-06-20 00:00:00
1819,364,WH-Medan,57,2025-05-16 00:00:00
1820,364,WH-Makassar,356,2025-03-02 00:00:00
1821,365,WH-Jakarta,482,2025-06-13 00:00:00
1822,365,WH-Bandung,53,2026-03-03 00:00:00
1823,365,WH-Surabaya,466,2026-05-10 00:00:00
1824,365,WH-Medan,410,2026-08-06 00:00:00
1825,365,WH-Makassar,347,2026-03-25 00:00:00
1826,366,WH-Jakarta,92,2026-01-24 00:00:00
1827,366,WH-Bandung,398,2026-01-03 00:00:00
1828,366,WH-Surabaya,313,2025-01-30 00:00:00
1829,366,WH-Medan,441,2025-05-14 00:00:00
1830,366,WH-Makassar,247,2026-05-15 00:00:00
1831,367,WH-Jakarta,57,2026-02-26 00:00:00
1832,367,WH-Bandung,225,2025-02-17 00:00:00
1833,367,WH-Surabaya,32,2025-09-25 00:00:00
1834,367,WH-Medan,335,2025-11-18 00:00:00
1835,367,WH-Makassar,6,2026-06-22 00:00:00
1836,368,WH-Jakarta,392,2026-08-14 00:00:00
1837,368,WH-Bandung,370,2026-08-02 00:00:00
1838,368,WH-Surabaya,114,2025-12-13 00:00:00
1839,368,WH-Medan,265,2026-06-20 00:00:00
1840,368,WH-Makassar,352,2025-04-08 00:00:00
1841,369,WH-Jakarta,221,2025-09-12 00:00:00
1842,369,WH-Bandung,246,2025-12-21 00:00:00
1843,369,WH-Surabaya,339,2026-01-30 00:00:00
1844,369,WH-Medan,76,2026-07-26 00:00:00
1845,369,WH-Makassar,456,2025-02-25 00:00:00
1846,370,WH-Jakarta,5,2025-06-10 00:00:00
1847,370,WH-Bandung,258,2026-04-26 00:00:00
1848,370,WH-Surabaya,436,2026-05-23 00:00:00
1849,370,WH-Medan,445,2025-06-19 00:00:00
1850,370,WH-Makassar,38,2026-05-19 00:00:00
1851,371,WH-Jakarta,164,2025-09-04 00:00:00
1852,371,WH-Bandung,169,2025-10-12 00:00:00
1853,371,WH-Surabaya,25,2026-06-04 00:00:00
1854,371,WH-Medan,114,2026-07-18 00:00:00
1855,371,WH-Makassar,329,2026-01-23 00:00:00
1856,372,WH-Jakarta,206,2025-08-29 00:00:00
1857,372,WH-Bandung,40,2026-04-16 00:00:00
1858,372,WH-Surabaya,227,2026-08-10 00:00:00
1859,372,WH-Medan,229,2025-04-01 00:00:00
1860,372,WH-Makassar,438,2026-05-26 00:00:00
1861,373,WH-Jakarta,228,2025-11-20 00:00:00
1862,373,WH-Bandung,60,2026-05-25 00:00:00
1863,373,WH-Surabaya,381,2025-01-19 00:00:00
1864,373,WH-Medan,52,2026-02-18 00:00:00
1865,373,WH-Makassar,211,2025-02-06 00:00:00
1866,374,WH-Jakarta,285,2026-07-17 00:00:00
1867,374,WH-Bandung,0,2025-04-04 00:00:00
1868,374,WH-Surabaya,405,2025-11-08 00:00:00
1869,374,WH-Medan,455,2026-06-05 00:00:00
1870,374,WH-Makassar,287,2025-07-31 00:00:00
1871,375,WH-Jakarta,335,2026-04-13 00:00:00
1872,375,WH-Bandung,486,2025-12-16 00:00:00
1873,375,WH-Surabaya,186,2025-02-25 00:00:00
1874,375,WH-Medan,418,2025-08-17 00:00:00
1875,375,WH-Makassar,432,2026-04-11 00:00:00
1876,376,WH-Jakarta,169,2026-07-28 00:00:00
1877,376,WH-Bandung,392,2026-04-30 00:00:00
1878,376,WH-Surabaya,366,2026-01-08 00:00:00
1879,376,WH-Medan,366,2026-04-09 00:00:00
1880,376,WH-Makassar,58,2025-04-10 00:00:00
1881,377,WH-Jakarta,388,2025-08-16 00:00:00
1882,377,WH-Bandung,1,2025-12-16 00:00:00
1883,377,WH-Surabaya,181,2025-10-26 00:00:00
1884,377,WH-Medan,280,2026-06-19 00:00:00
1885,377,WH-Makassar,191,2025-04-19 00:00:00
1886,378,WH-Jakarta,23,2025-06-18 00:00:00
1887,378,WH-Bandung,252,2025-05-24 00:00:00
1888,378,WH-Surabaya,420,2026-02-24 00:00:00
1889,378,WH-Medan,54,2025-09-18 00:00:00
1890,378,WH-Makassar,312,2025-07-20 00:00:00
1891,379,WH-Jakarta,96,2025-05-04 00:00:00
1892,379,WH-Bandung,476,2026-02-07 00:00:00
1893,379,WH-Surabaya,110,2026-04-14 00:00:00
1894,379,WH-Medan,422,2025-07-15 00:00:00
1895,379,WH-Makassar,366,2025-12-13 00:00:00
1896,380,WH-Jakarta,55,2026-03-01 00:00:00
1897,380,WH-Bandung,23,2025-05-07 00:00:00
1898,380,WH-Surabaya,395,2026-04-07 00:00:00
1899,380,WH-Medan,234,2026-06-01 00:00:00
1900,380,WH-Makassar,68,2026-05-26 00:00:00
1901,381,WH-Jakarta,2,2026-06-28 00:00:00
1902,381,WH-Bandung,376,2025-02-19 00:00:00
1903,381,WH-Surabaya,283,2026-03-20 00:00:00
1904,381,WH-Medan,429,2026-08-23 00:00:00
1905,381,WH-Makassar,247,2026-06-05 00:00:00
1906,382,WH-Jakarta,399,2025-07-01 00:00:00
1907,382,WH-Bandung,354,2026-08-16 00:00:00
1908,382,WH-Surabaya,88,2025-05-12 00:00:00
1909,382,WH-Medan,53,2026-02-01 00:00:00
1910,382,WH-Makassar,336,2025-11-26 00:00:00
1911,383,WH-Jakarta,258,2026-01-29 00:00:00
1912,383,WH-Bandung,214,2025-09-12 00:00:00
1913,383,WH-Surabaya,140,2026-02-12 00:00:00
1914,383,WH-Medan,493,2025-12-18 00:00:00
1915,383,WH-Makassar,496,2025-10-29 00:00:00
1916,384,WH-Jakarta,231,2025-05-17 00:00:00
1917,384,WH-Bandung,70,2026-02-27 00:00:00
1918,384,WH-Surabaya,308,2026-06-09 00:00:00
1919,384,WH-Medan,153,2026-07-15 00:00:00
1920,384,WH-Makassar,440,2025-11-18 00:00:00
1921,385,WH-Jakarta,364,2026-07-21 00:00:00
1922,385,WH-Bandung,323,2025-08-11 00:00:00
1923,385,WH-Surabaya,102,2025-08-03 00:00:00
1924,385,WH-Medan,319,2025-10-25 00:00:00
1925,385,WH-Makassar,351,2025-12-20 00:00:00
1926,386,WH-Jakarta,471,2025-05-16 00:00:00
1927,386,WH-Bandung,363,2025-07-02 00:00:00
1928,386,WH-Surabaya,257,2026-07-10 00:00:00
1929,386,WH-Medan,355,2025-11-27 00:00:00
1930,386,WH-Makassar,363,2025-04-29 00:00:00
1931,387,WH-Jakarta,389,2025-12-27 00:00:00
1932,387,WH-Bandung,287,2026-05-07 00:00:00
1933,387,WH-Surabaya,298,2026-08-08 00:00:00
1934,387,WH-Medan,482,2026-03-04 00:00:00
1935,387,WH-Makassar,345,2026-07-01 00:00:00
1936,388,WH-Jakarta,146,2026-03-09 00:00:00
1937,388,WH-Bandung,413,2025-01-14 00:00:00
1938,388,WH-Surabaya,267,2025-04-20 00:00:00
1939,388,WH-Medan,12,2026-01-26 00:00:00
1940,388,WH-Makassar,74,2025-02-24 00:00:00
1941,389,WH-Jakarta,343,2025-02-27 00:00:00
1942,389,WH-Bandung,102,2025-10-01 00:00:00
1943,389,WH-Surabaya,384,2025-06-14 00:00:00
1944,389,WH-Medan,146,2025-09-14 00:00:00
1945,389,WH-Makassar,74,2025-03-05 00:00:00
1946,390,WH-Jakarta,353,2025-10-30 00:00:00
1947,390,WH-Bandung,104,2026-07-09 00:00:00
1948,390,WH-Surabaya,16,2026-01-03 00:00:00
1949,390,WH-Medan,416,2026-04-09 00:00:00
1950,390,WH-Makassar,52,2026-07-30 00:00:00
1951,391,WH-Jakarta,442,2025-08-18 00:00:00
1952,391,WH-Bandung,380,2026-07-29 00:00:00
1953,391,WH-Surabaya,199,2025-09-01 00:00:00
1954,391,WH-Medan,261,2025-10-22 00:00:00
1955,391,WH-Makassar,354,2025-02-18 00:00:00
1956,392,WH-Jakarta,474,2026-01-26 00:00:00
1957,392,WH-Bandung,198,2026-03-03 00:00:00
1958,392,WH-Surabaya,489,2025-11-17 00:00:00
1959,392,WH-Medan,494,2026-07-20 00:00:00
1960,392,WH-Makassar,27,2025-01-14 00:00:00
1961,393,WH-Jakarta,380,2025-09-15 00:00:00
1962,393,WH-Bandung,103,2026-03-30 00:00:00
1963,393,WH-Surabaya,424,2025-08-19 00:00:00
1964,393,WH-Medan,466,2026-01-12 00:00:00
1965,393,WH-Makassar,386,2026-07-14 00:00:00
1966,394,WH-Jakarta,378,2025-07-21 00:00:00
1967,394,WH-Bandung,397,2025-07-18 00:00:00
1968,394,WH-Surabaya,150,2026-04-05 00:00:00
1969,394,WH-Medan,90,2025-03-18 00:00:00
1970,394,WH-Makassar,95,2025-06-27 00:00:00
1971,395,WH-Jakarta,376,2026-06-11 00:00:00
1972,395,WH-Bandung,61,2026-01-22 00:00:00
1973,395,WH-Surabaya,20,2026-03-15 00:00:00
1974,395,WH-Medan,142,2026-07-24 00:00:00
1975,395,WH-Makassar,135,2025-05-14 00:00:00
1976,396,WH-Jakarta,82,2026-08-22 00:00:00
1977,396,WH-Bandung,433,2025-09-19 00:00:00
1978,396,WH-Surabaya,2,2025-12-05 00:00:00
1979,396,WH-Medan,238,2025-06-08 00:00:00
1980,396,WH-Makassar,20,2025-06-07 00:00:00
1981,397,WH-Jakarta,475,2025-11-27 00:00:00
1982,397,WH-Bandung,305,2025-02-22 00:00:00
1983,397,WH-Surabaya,396,2025-11-05 00:00:00
1984,397,WH-Medan,251,2026-08-10 00:00:00
1985,397,WH-Makassar,281,2026-01-02 00:00:00
1986,398,WH-Jakarta,37,2025-11-22 00:00:00
1987,398,WH-Bandung,269,2025-08-14 00:00:00
1988,398,WH-Surabaya,489,2025-07-08 00:00:00
1989,398,WH-Medan,266,2025-03-11 00:00:00
1990,398,WH-Makassar,402,2026-06-02 00:00:00
1991,399,WH-Jakarta,81,2026-03-02 00:00:00
1992,399,WH-Bandung,278,2026-07-04 00:00:00
1993,399,WH-Surabaya,206,2025-04-05 00:00:00
1994,399,WH-Medan,178,2025-08-15 00:00:00
1995,399,WH-Makassar,452,2025-08-07 00:00:00
1996,400,WH-Jakarta,339,2025-12-06 00:00:00
1997,400,WH-Bandung,169,2026-01-05 00:00:00
1998,400,WH-Surabaya,150,2025-08-12 00:00:00
1999,400,WH-Medan,486,2026-06-28 00:00:00
2000,400,WH-Makassar,243,2026-07-29 00:00:00
2001,401,WH-Jakarta,421,2025-01-10 00:00:00
2002,401,WH-Bandung,58,2025-12-21 00:00:00
2003,401,WH-Surabaya,228,2025-09-04 00:00:00
2004,401,WH-Medan,463,2025-09-07 00:00:00
2005,401,WH-Makassar,490,2025-02-10 00:00:00
2006,402,WH-Jakarta,349,2025-11-25 00:00:00
2007,402,WH-Bandung,195,2025-04-27 00:00:00
2008,402,WH-Surabaya,197,2025-09-20 00:00:00
2009,402,WH-Medan,276,2025-10-17 00:00:00
2010,402,WH-Makassar,12,2026-06-14 00:00:00
2011,403,WH-Jakarta,420,2026-01-19 00:00:00
2012,403,WH-Bandung,263,2026-06-05 00:00:00
2013,403,WH-Surabaya,228,2026-05-14 00:00:00
2014,403,WH-Medan,22,2025-10-31 00:00:00
2015,403,WH-Makassar,459,2025-07-17 00:00:00
2016,404,WH-Jakarta,164,2026-06-11 00:00:00
2017,404,WH-Bandung,42,2025-04-09 00:00:00
2018,404,WH-Surabaya,85,2026-07-05 00:00:00
2019,404,WH-Medan,273,2025-01-08 00:00:00
2020,404,WH-Makassar,320,2025-03-09 00:00:00
2021,405,WH-Jakarta,107,2025-08-07 00:00:00
2022,405,WH-Bandung,442,2026-03-11 00:00:00
2023,405,WH-Surabaya,427,2025-04-17 00:00:00
2024,405,WH-Medan,105,2026-07-05 00:00:00
2025,405,WH-Makassar,424,2026-03-22 00:00:00
2026,406,WH-Jakarta,331,2025-03-15 00:00:00
2027,406,WH-Bandung,382,2025-06-07 00:00:00
2028,406,WH-Surabaya,12,2026-04-16 00:00:00
2029,406,WH-Medan,367,2025-12-06 00:00:00
2030,406,WH-Makassar,19,2025-03-31 00:00:00
2031,407,WH-Jakarta,37,2025-02-25 00:00:00
2032,407,WH-Bandung,91,2025-09-15 00:00:00
2033,407,WH-Surabaya,285,2025-03-14 00:00:00
2034,407,WH-Medan,294,2025-08-22 00:00:00
2035,407,WH-Makassar,466,2025-09-22 00:00:00
2036,408,WH-Jakarta,208,2026-02-02 00:00:00
2037,408,WH-Bandung,230,2026-02-19 00:00:00
2038,408,WH-Surabaya,221,2025-11-20 00:00:00
2039,408,WH-Medan,8,2026-02-03 00:00:00
2040,408,WH-Makassar,344,2025-05-02 00:00:00
2041,409,WH-Jakarta,273,2025-01-07 00:00:00
2042,409,WH-Bandung,328,2025-03-06 00:00:00
2043,409,WH-Surabaya,387,2026-08-23 00:00:00
2044,409,WH-Medan,23,2025-03-16 00:00:00
2045,409,WH-Makassar,183,2026-05-30 00:00:00
2046,410,WH-Jakarta,54,2025-10-24 00:00:00
2047,410,WH-Bandung,402,2025-11-05 00:00:00
2048,410,WH-Surabaya,310,2025-03-30 00:00:00
2049,410,WH-Medan,144,2026-03-25 00:00:00
2050,410,WH-Makassar,195,2026-02-09 00:00:00
2051,411,WH-Jakarta,420,2025-02-01 00:00:00
2052,411,WH-Bandung,242,2025-06-10 00:00:00
2053,411,WH-Surabaya,273,2025-08-14 00:00:00
2054,411,WH-Medan,69,2026-02-05 00:00:00
2055,411,WH-Makassar,407,2026-07-13 00:00:00
2056,412,WH-Jakarta,151,2025-05-28 00:00:00
2057,412,WH-Bandung,152,2026-01-18 00:00:00
2058,412,WH-Surabaya,490,2025-01-12 00:00:00
2059,412,WH-Medan,283,2026-07-23 00:00:00
2060,412,WH-Makassar,72,2025-05-07 00:00:00
2061,413,WH-Jakarta,21,2025-01-06 00:00:00
2062,413,WH-Bandung,293,2026-02-08 00:00:00
2063,413,WH-Surabaya,275,2026-07-15 00:00:00
2064,413,WH-Medan,484,2025-03-29 00:00:00
2065,413,WH-Makassar,156,2025-08-04 00:00:00
2066,414,WH-Jakarta,383,2025-12-19 00:00:00
2067,414,WH-Bandung,108,2026-02-27 00:00:00
2068,414,WH-Surabaya,463,2026-06-09 00:00:00
2069,414,WH-Medan,72,2025-06-14 00:00:00
2070,414,WH-Makassar,94,2025-08-15 00:00:00
2071,415,WH-Jakarta,315,2025-09-16 00:00:00
2072,415,WH-Bandung,99,2025-04-28 00:00:00
2073,415,WH-Surabaya,92,2026-08-04 00:00:00
2074,415,WH-Medan,436,2025-02-25 00:00:00
2075,415,WH-Makassar,435,2026-07-17 00:00:00
2076,416,WH-Jakarta,236,2026-07-17 00:00:00
2077,416,WH-Bandung,37,2025-10-25 00:00:00
2078,416,WH-Surabaya,343,2025-03-10 00:00:00
2079,416,WH-Medan,128,2025-04-11 00:00:00
2080,416,WH-Makassar,101,2026-08-18 00:00:00
2081,417,WH-Jakarta,249,2025-12-05 00:00:00
2082,417,WH-Bandung,182,2025-05-12 00:00:00
2083,417,WH-Surabaya,343,2025-08-29 00:00:00
2084,417,WH-Medan,51,2025-10-19 00:00:00
2085,417,WH-Makassar,317,2025-03-13 00:00:00
2086,418,WH-Jakarta,460,2025-07-18 00:00:00
2087,418,WH-Bandung,162,2026-05-13 00:00:00
2088,418,WH-Surabaya,230,2025-12-03 00:00:00
2089,418,WH-Medan,315,2025-11-10 00:00:00
2090,418,WH-Makassar,355,2026-08-22 00:00:00
2091,419,WH-Jakarta,78,2026-08-03 00:00:00
2092,419,WH-Bandung,290,2026-01-09 00:00:00
2093,419,WH-Surabaya,413,2025-11-20 00:00:00
2094,419,WH-Medan,490,2026-03-15 00:00:00
2095,419,WH-Makassar,86,2025-01-05 00:00:00
2096,420,WH-Jakarta,160,2025-09-10 00:00:00
2097,420,WH-Bandung,402,2025-08-15 00:00:00
2098,420,WH-Surabaya,364,2026-03-23 00:00:00
2099,420,WH-Medan,141,2026-01-04 00:00:00
2100,420,WH-Makassar,68,2025-12-06 00:00:00
2101,421,WH-Jakarta,449,2026-05-07 00:00:00
2102,421,WH-Bandung,236,2026-04-02 00:00:00
2103,421,WH-Surabaya,183,2025-11-09 00:00:00
2104,421,WH-Medan,249,2026-07-19 00:00:00
2105,421,WH-Makassar,55,2025-06-29 00:00:00
2106,422,WH-Jakarta,330,2025-03-25 00:00:00
2107,422,WH-Bandung,430,2025-10-15 00:00:00
2108,422,WH-Surabaya,439,2025-05-24 00:00:00
2109,422,WH-Medan,456,2026-07-06 00:00:00
2110,422,WH-Makassar,100,2025-09-27 00:00:00
2111,423,WH-Jakarta,375,2025-03-20 00:00:00
2112,423,WH-Bandung,372,2025-03-19 00:00:00
2113,423,WH-Surabaya,456,2025-01-20 00:00:00
2114,423,WH-Medan,434,2026-06-04 00:00:00
2115,423,WH-Makassar,323,2025-02-01 00:00:00
2116,424,WH-Jakarta,416,2026-08-19 00:00:00
2117,424,WH-Bandung,296,2026-02-19 00:00:00
2118,424,WH-Surabaya,393,2025-08-06 00:00:00
2119,424,WH-Medan,464,2025-02-07 00:00:00
2120,424,WH-Makassar,282,2025-09-24 00:00:00
2121,425,WH-Jakarta,278,2026-07-07 00:00:00
2122,425,WH-Bandung,241,2025-06-02 00:00:00
2123,425,WH-Surabaya,187,2026-02-06 00:00:00
2124,425,WH-Medan,114,2025-10-25 00:00:00
2125,425,WH-Makassar,68,2026-04-21 00:00:00
2126,426,WH-Jakarta,256,2026-06-07 00:00:00
2127,426,WH-Bandung,46,2026-02-11 00:00:00
2128,426,WH-Surabaya,186,2026-05-30 00:00:00
2129,426,WH-Medan,5,2025-09-02 00:00:00
2130,426,WH-Makassar,434,2025-06-19 00:00:00
2131,427,WH-Jakarta,387,2026-06-11 00:00:00
2132,427,WH-Bandung,71,2026-04-02 00:00:00
2133,427,WH-Surabaya,81,2025-07-03 00:00:00
2134,427,WH-Medan,289,2026-08-03 00:00:00
2135,427,WH-Makassar,337,2025-05-30 00:00:00
2136,428,WH-Jakarta,376,2026-05-11 00:00:00
2137,428,WH-Bandung,480,2026-01-03 00:00:00
2138,428,WH-Surabaya,20,2025-08-13 00:00:00
2139,428,WH-Medan,389,2026-05-15 00:00:00
2140,428,WH-Makassar,118,2025-03-06 00:00:00
2141,429,WH-Jakarta,135,2026-01-14 00:00:00
2142,429,WH-Bandung,119,2025-02-13 00:00:00
2143,429,WH-Surabaya,342,2025-07-31 00:00:00
2144,429,WH-Medan,265,2026-01-05 00:00:00
2145,429,WH-Makassar,198,2026-04-26 00:00:00
2146,430,WH-Jakarta,469,2026-04-11 00:00:00
2147,430,WH-Bandung,451,2025-02-17 00:00:00
2148,430,WH-Surabaya,20,2025-11-28 00:00:00
2149,430,WH-Medan,52,2026-06-18 00:00:00
2150,430,WH-Makassar,324,2025-10-08 00:00:00
2151,431,WH-Jakarta,427,2025-09-27 00:00:00
2152,431,WH-Bandung,296,2026-07-12 00:00:00
2153,431,WH-Surabaya,291,2025-06-28 00:00:00
2154,431,WH-Medan,192,2026-01-23 00:00:00
2155,431,WH-Makassar,187,2025-03-21 00:00:00
2156,432,WH-Jakarta,264,2025-09-15 00:00:00
2157,432,WH-Bandung,192,2025-08-17 00:00:00
2158,432,WH-Surabaya,264,2026-02-20 00:00:00
2159,432,WH-Medan,180,2025-12-20 00:00:00
2160,432,WH-Makassar,249,2026-05-09 00:00:00
2161,433,WH-Jakarta,454,2025-01-07 00:00:00
2162,433,WH-Bandung,256,2025-05-23 00:00:00
2163,433,WH-Surabaya,225,2025-06-19 00:00:00
2164,433,WH-Medan,117,2025-03-20 00:00:00
2165,433,WH-Makassar,263,2025-10-15 00:00:00
2166,434,WH-Jakarta,108,2025-06-03 00:00:00
2167,434,WH-Bandung,95,2025-06-11 00:00:00
2168,434,WH-Surabaya,185,2025-05-02 00:00:00
2169,434,WH-Medan,338,2025-08-24 00:00:00
2170,434,WH-Makassar,212,2025-12-05 00:00:00
2171,435,WH-Jakarta,368,2025-04-27 00:00:00
2172,435,WH-Bandung,246,2026-05-06 00:00:00
2173,435,WH-Surabaya,245,2025-08-04 00:00:00
2174,435,WH-Medan,302,2025-06-15 00:00:00
2175,435,WH-Makassar,331,2026-02-25 00:00:00
2176,436,WH-Jakarta,11,2025-09-07 00:00:00
2177,436,WH-Bandung,22,2025-05-11 00:00:00
2178,436,WH-Surabaya,293,2025-06-14 00:00:00
2179,436,WH-Medan,68,2026-06-09 00:00:00
2180,436,WH-Makassar,20,2026-08-10 00:00:00
2181,437,WH-Jakarta,75,2025-02-27 00:00:00
2182,437,WH-Bandung,85,2025-09-22 00:00:00
2183,437,WH-Surabaya,472,2025-07-04 00:00:00
2184,437,WH-Medan,264,2026-02-20 00:00:00
2185,437,WH-Makassar,306,2026-08-01 00:00:00
2186,438,WH-Jakarta,326,2025-01-20 00:00:00
2187,438,WH-Bandung,449,2025-10-18 00:00:00
2188,438,WH-Surabaya,484,2025-03-29 00:00:00
2189,438,WH-Medan,110,2026-04-05 00:00:00
2190,438,WH-Makassar,310,2026-04-28 00:00:00
2191,439,WH-Jakarta,444,2026-05-09 00:00:00
2192,439,WH-Bandung,87,2025-08-13 00:00:00
2193,439,WH-Surabaya,425,2026-02-25 00:00:00
2194,439,WH-Medan,307,2025-05-27 00:00:00
2195,439,WH-Makassar,406,2026-08-20 00:00:00
2196,440,WH-Jakarta,420,2025-07-06 00:00:00
2197,440,WH-Bandung,319,2026-06-08 00:00:00
2198,440,WH-Surabaya,135,2025-06-21 00:00:00
2199,440,WH-Medan,370,2025-12-17 00:00:00
2200,440,WH-Makassar,472,2026-04-10 00:00:00
2201,441,WH-Jakarta,305,2025-03-12 00:00:00
2202,441,WH-Bandung,117,2026-01-23 00:00:00
2203,441,WH-Surabaya,197,2025-05-16 00:00:00
2204,441,WH-Medan,55,2025-01-17 00:00:00
2205,441,WH-Makassar,103,2026-06-20 00:00:00
2206,442,WH-Jakarta,440,2026-06-01 00:00:00
2207,442,WH-Bandung,350,2026-03-06 00:00:00
2208,442,WH-Surabaya,423,2025-06-03 00:00:00
2209,442,WH-Medan,310,2025-04-09 00:00:00
2210,442,WH-Makassar,90,2026-05-03 00:00:00
2211,443,WH-Jakarta,461,2025-02-09 00:00:00
2212,443,WH-Bandung,449,2026-06-29 00:00:00
2213,443,WH-Surabaya,257,2025-05-01 00:00:00
2214,443,WH-Medan,47,2026-05-09 00:00:00
2215,443,WH-Makassar,337,2025-05-14 00:00:00
2216,444,WH-Jakarta,461,2026-07-07 00:00:00
2217,444,WH-Bandung,423,2025-01-02 00:00:00
2218,444,WH-Surabaya,459,2026-03-18 00:00:00
2219,444,WH-Medan,267,2026-03-07 00:00:00
2220,444,WH-Makassar,189,2025-02-14 00:00:00
2221,445,WH-Jakarta,357,2026-06-27 00:00:00
2222,445,WH-Bandung,219,2025-08-23 00:00:00
2223,445,WH-Surabaya,480,2026-05-09 00:00:00
2224,445,WH-Medan,404,2026-01-26 00:00:00
2225,445,WH-Makassar,179,2026-08-13 00:00:00
2226,446,WH-Jakarta,50,2026-03-12 00:00:00
2227,446,WH-Bandung,68,2025-09-18 00:00:00
2228,446,WH-Surabaya,244,2025-08-27 00:00:00
2229,446,WH-Medan,465,2025-03-27 00:00:00
2230,446,WH-Makassar,145,2026-07-11 00:00:00
2231,447,WH-Jakarta,209,2025-09-21 00:00:00
2232,447,WH-Bandung,96,2025-01-06 00:00:00
2233,447,WH-Surabaya,363,2025-01-08 00:00:00
2234,447,WH-Medan,295,2026-06-20 00:00:00
2235,447,WH-Makassar,60,2026-06-17 00:00:00
2236,448,WH-Jakarta,3,2026-01-20 00:00:00
2237,448,WH-Bandung,335,2025-07-30 00:00:00
2238,448,WH-Surabaya,352,2025-11-20 00:00:00
2239,448,WH-Medan,209,2026-01-06 00:00:00
2240,448,WH-Makassar,54,2025-06-08 00:00:00
2241,449,WH-Jakarta,218,2026-08-23 00:00:00
2242,449,WH-Bandung,129,2025-09-25 00:00:00
2243,449,WH-Surabaya,437,2026-07-03 00:00:00
2244,449,WH-Medan,216,2026-08-02 00:00:00
2245,449,WH-Makassar,187,2025-10-10 00:00:00
2246,450,WH-Jakarta,348,2026-02-11 00:00:00
2247,450,WH-Bandung,386,2025-07-28 00:00:00
2248,450,WH-Surabaya,211,2026-07-20 00:00:00
2249,450,WH-Medan,401,2026-07-25 00:00:00
2250,450,WH-Makassar,247,2025-07-03 00:00:00
2251,451,WH-Jakarta,189,2026-07-27 00:00:00
2252,451,WH-Bandung,284,2026-05-11 00:00:00
2253,451,WH-Surabaya,129,2025-11-11 00:00:00
2254,451,WH-Medan,295,2025-12-19 00:00:00
2255,451,WH-Makassar,396,2026-02-12 00:00:00
2256,452,WH-Jakarta,376,2025-05-22 00:00:00
2257,452,WH-Bandung,437,2025-05-02 00:00:00
2258,452,WH-Surabaya,382,2025-08-24 00:00:00
2259,452,WH-Medan,228,2025-06-15 00:00:00
2260,452,WH-Makassar,51,2025-08-08 00:00:00
2261,453,WH-Jakarta,260,2026-02-15 00:00:00
2262,453,WH-Bandung,402,2025-12-13 00:00:00
2263,453,WH-Surabaya,410,2026-07-18 00:00:00
2264,453,WH-Medan,314,2025-02-23 00:00:00
2265,453,WH-Makassar,82,2026-02-03 00:00:00
2266,454,WH-Jakarta,493,2025-01-06 00:00:00
2267,454,WH-Bandung,411,2025-04-04 00:00:00
2268,454,WH-Surabaya,421,2025-05-29 00:00:00
2269,454,WH-Medan,241,2026-03-22 00:00:00
2270,454,WH-Makassar,45,2025-03-07 00:00:00
2271,455,WH-Jakarta,134,2025-08-16 00:00:00
2272,455,WH-Bandung,189,2025-03-23 00:00:00
2273,455,WH-Surabaya,311,2025-02-08 00:00:00
2274,455,WH-Medan,370,2026-01-29 00:00:00
2275,455,WH-Makassar,476,2026-02-15 00:00:00
2276,456,WH-Jakarta,314,2026-06-18 00:00:00
2277,456,WH-Bandung,146,2025-02-28 00:00:00
2278,456,WH-Surabaya,484,2025-06-29 00:00:00
2279,456,WH-Medan,327,2026-05-22 00:00:00
2280,456,WH-Makassar,224,2025-01-11 00:00:00
2281,457,WH-Jakarta,103,2026-06-15 00:00:00
2282,457,WH-Bandung,146,2025-07-19 00:00:00
2283,457,WH-Surabaya,17,2026-06-07 00:00:00
2284,457,WH-Medan,264,2025-08-26 00:00:00
2285,457,WH-Makassar,314,2025-06-23 00:00:00
2286,458,WH-Jakarta,345,2025-02-06 00:00:00
2287,458,WH-Bandung,184,2025-09-02 00:00:00
2288,458,WH-Surabaya,335,2025-01-01 00:00:00
2289,458,WH-Medan,499,2025-06-11 00:00:00
2290,458,WH-Makassar,44,2025-10-10 00:00:00
2291,459,WH-Jakarta,399,2026-02-14 00:00:00
2292,459,WH-Bandung,180,2026-02-09 00:00:00
2293,459,WH-Surabaya,207,2026-08-24 00:00:00
2294,459,WH-Medan,102,2026-06-15 00:00:00
2295,459,WH-Makassar,7,2025-03-12 00:00:00
2296,460,WH-Jakarta,470,2025-04-03 00:00:00
2297,460,WH-Bandung,281,2025-10-19 00:00:00
2298,460,WH-Surabaya,371,2026-07-27 00:00:00
2299,460,WH-Medan,468,2026-08-20 00:00:00
2300,460,WH-Makassar,178,2025-12-22 00:00:00
2301,461,WH-Jakarta,493,2025-10-11 00:00:00
2302,461,WH-Bandung,115,2025-07-19 00:00:00
2303,461,WH-Surabaya,232,2026-02-18 00:00:00
2304,461,WH-Medan,294,2025-01-05 00:00:00
2305,461,WH-Makassar,133,2025-06-29 00:00:00
2306,462,WH-Jakarta,208,2026-06-03 00:00:00
2307,462,WH-Bandung,54,2026-07-27 00:00:00
2308,462,WH-Surabaya,37,2026-05-31 00:00:00
2309,462,WH-Medan,150,2025-12-15 00:00:00
2310,462,WH-Makassar,484,2025-04-30 00:00:00
2311,463,WH-Jakarta,411,2026-06-10 00:00:00
2312,463,WH-Bandung,489,2025-09-21 00:00:00
2313,463,WH-Surabaya,448,2026-07-05 00:00:00
2314,463,WH-Medan,416,2026-08-12 00:00:00
2315,463,WH-Makassar,128,2026-03-30 00:00:00
2316,464,WH-Jakarta,494,2026-01-22 00:00:00
2317,464,WH-Bandung,288,2026-05-11 00:00:00
2318,464,WH-Surabaya,394,2025-09-07 00:00:00
2319,464,WH-Medan,387,2025-12-14 00:00:00
2320,464,WH-Makassar,492,2026-04-15 00:00:00
2321,465,WH-Jakarta,348,2026-04-17 00:00:00
2322,465,WH-Bandung,459,2026-08-24 00:00:00
2323,465,WH-Surabaya,441,2025-01-29 00:00:00
2324,465,WH-Medan,246,2025-04-30 00:00:00
2325,465,WH-Makassar,132,2025-03-11 00:00:00
2326,466,WH-Jakarta,195,2025-08-14 00:00:00
2327,466,WH-Bandung,346,2025-08-24 00:00:00
2328,466,WH-Surabaya,409,2025-11-20 00:00:00
2329,466,WH-Medan,211,2025-12-28 00:00:00
2330,466,WH-Makassar,264,2026-07-03 00:00:00
2331,467,WH-Jakarta,4,2025-09-27 00:00:00
2332,467,WH-Bandung,127,2025-10-22 00:00:00
2333,467,WH-Surabaya,47,2026-02-13 00:00:00
2334,467,WH-Medan,344,2025-12-17 00:00:00
2335,467,WH-Makassar,38,2026-07-22 00:00:00
2336,468,WH-Jakarta,476,2025-07-02 00:00:00
2337,468,WH-Bandung,243,2025-11-18 00:00:00
2338,468,WH-Surabaya,181,2025-08-12 00:00:00
2339,468,WH-Medan,457,2026-08-11 00:00:00
2340,468,WH-Makassar,137,2025-07-07 00:00:00
2341,469,WH-Jakarta,484,2025-07-14 00:00:00
2342,469,WH-Bandung,255,2025-07-24 00:00:00
2343,469,WH-Surabaya,120,2025-09-05 00:00:00
2344,469,WH-Medan,446,2025-09-29 00:00:00
2345,469,WH-Makassar,105,2025-08-23 00:00:00
2346,470,WH-Jakarta,103,2025-09-13 00:00:00
2347,470,WH-Bandung,428,2025-12-31 00:00:00
2348,470,WH-Surabaya,79,2025-04-20 00:00:00
2349,470,WH-Medan,61,2025-03-22 00:00:00
2350,470,WH-Makassar,346,2026-05-20 00:00:00
2351,471,WH-Jakarta,314,2025-01-07 00:00:00
2352,471,WH-Bandung,391,2026-07-09 00:00:00
2353,471,WH-Surabaya,490,2025-02-13 00:00:00
2354,471,WH-Medan,434,2026-05-09 00:00:00
2355,471,WH-Makassar,190,2025-11-19 00:00:00
2356,472,WH-Jakarta,252,2026-08-12 00:00:00
2357,472,WH-Bandung,444,2025-10-09 00:00:00
2358,472,WH-Surabaya,251,2025-07-07 00:00:00
2359,472,WH-Medan,391,2026-06-08 00:00:00
2360,472,WH-Makassar,143,2026-02-12 00:00:00
2361,473,WH-Jakarta,113,2026-08-14 00:00:00
2362,473,WH-Bandung,65,2025-02-25 00:00:00
2363,473,WH-Surabaya,269,2026-03-10 00:00:00
2364,473,WH-Medan,244,2026-07-08 00:00:00
2365,473,WH-Makassar,16,2026-05-30 00:00:00
2366,474,WH-Jakarta,177,2026-02-08 00:00:00
2367,474,WH-Bandung,440,2025-06-28 00:00:00
2368,474,WH-Surabaya,234,2025-05-04 00:00:00
2369,474,WH-Medan,357,2026-06-15 00:00:00
2370,474,WH-Makassar,235,2025-11-20 00:00:00
2371,475,WH-Jakarta,352,2025-01-09 00:00:00
2372,475,WH-Bandung,6,2025-08-04 00:00:00
2373,475,WH-Surabaya,194,2026-08-18 00:00:00
2374,475,WH-Medan,51,2025-11-30 00:00:00
2375,475,WH-Makassar,185,2025-09-23 00:00:00
2376,476,WH-Jakarta,95,2026-07-16 00:00:00
2377,476,WH-Bandung,134,2025-08-31 00:00:00
2378,476,WH-Surabaya,137,2026-04-28 00:00:00
2379,476,WH-Medan,490,2025-12-18 00:00:00
2380,476,WH-Makassar,187,2025-07-08 00:00:00
2381,477,WH-Jakarta,255,2026-03-11 00:00:00
2382,477,WH-Bandung,107,2026-03-06 00:00:00
2383,477,WH-Surabaya,358,2026-01-17 00:00:00
2384,477,WH-Medan,186,2026-02-15 00:00:00
2385,477,WH-Makassar,143,2026-04-07 00:00:00
2386,478,WH-Jakarta,92,2026-08-09 00:00:00
2387,478,WH-Bandung,67,2026-08-13 00:00:00
2388,478,WH-Surabaya,351,2025-08-23 00:00:00
2389,478,WH-Medan,416,2025-04-13 00:00:00
2390,478,WH-Makassar,369,2025-10-04 00:00:00
2391,479,WH-Jakarta,411,2025-08-30 00:00:00
2392,479,WH-Bandung,284,2026-03-19 00:00:00
2393,479,WH-Surabaya,438,2026-01-26 00:00:00
2394,479,WH-Medan,100,2025-05-30 00:00:00
2395,479,WH-Makassar,409,2025-06-03 00:00:00
2396,480,WH-Jakarta,242,2025-01-10 00:00:00
2397,480,WH-Bandung,90,2026-03-08 00:00:00
2398,480,WH-Surabaya,255,2025-05-18 00:00:00
2399,480,WH-Medan,457,2026-06-14 00:00:00
2400,480,WH-Makassar,273,2025-11-20 00:00:00
2401,481,WH-Jakarta,402,2026-05-14 00:00:00
2402,481,WH-Bandung,153,2025-09-14 00:00:00
2403,481,WH-Surabaya,287,2026-08-05 00:00:00
2404,481,WH-Medan,24,2026-02-12 00:00:00
2405,481,WH-Makassar,50,2025-06-17 00:00:00
2406,482,WH-Jakarta,30,2025-08-09 00:00:00
2407,482,WH-Bandung,416,2025-09-18 00:00:00
2408,482,WH-Surabaya,243,2025-04-09 00:00:00
2409,482,WH-Medan,230,2025-12-09 00:00:00
2410,482,WH-Makassar,133,2026-01-05 00:00:00
2411,483,WH-Jakarta,184,2026-07-28 00:00:00
2412,483,WH-Bandung,285,2025-09-21 00:00:00
2413,483,WH-Surabaya,176,2025-01-21 00:00:00
2414,483,WH-Medan,210,2025-05-05 00:00:00
2415,483,WH-Makassar,179,2025-07-23 00:00:00
2416,484,WH-Jakarta,295,2026-08-13 00:00:00
2417,484,WH-Bandung,332,2026-07-06 00:00:00
2418,484,WH-Surabaya,89,2025-10-19 00:00:00
2419,484,WH-Medan,181,2025-11-29 00:00:00
2420,484,WH-Makassar,344,2026-06-07 00:00:00
2421,485,WH-Jakarta,249,2026-04-03 00:00:00
2422,485,WH-Bandung,455,2025-03-22 00:00:00
2423,485,WH-Surabaya,195,2025-10-21 00:00:00
2424,485,WH-Medan,237,2025-05-29 00:00:00
2425,485,WH-Makassar,444,2025-06-21 00:00:00
2426,486,WH-Jakarta,327,2025-12-12 00:00:00
2427,486,WH-Bandung,215,2026-08-09 00:00:00
2428,486,WH-Surabaya,207,2025-03-15 00:00:00
2429,486,WH-Medan,40,2025-06-15 00:00:00
2430,486,WH-Makassar,175,2025-08-22 00:00:00
2431,487,WH-Jakarta,160,2025-11-21 00:00:00
2432,487,WH-Bandung,334,2025-10-26 00:00:00
2433,487,WH-Surabaya,363,2025-10-01 00:00:00
2434,487,WH-Medan,309,2026-02-09 00:00:00
2435,487,WH-Makassar,138,2026-04-01 00:00:00
2436,488,WH-Jakarta,399,2026-01-07 00:00:00
2437,488,WH-Bandung,382,2026-06-18 00:00:00
2438,488,WH-Surabaya,494,2026-04-07 00:00:00
2439,488,WH-Medan,211,2025-06-21 00:00:00
2440,488,WH-Makassar,94,2025-01-24 00:00:00
2441,489,WH-Jakarta,64,2025-08-29 00:00:00
2442,489,WH-Bandung,338,2025-09-15 00:00:00
2443,489,WH-Surabaya,481,2025-03-23 00:00:00
2444,489,WH-Medan,107,2025-06-20 00:00:00
2445,489,WH-Makassar,203,2025-04-16 00:00:00
2446,490,WH-Jakarta,48,2025-03-07 00:00:00
2447,490,WH-Bandung,479,2026-04-30 00:00:00
2448,490,WH-Surabaya,280,2025-02-25 00:00:00
2449,490,WH-Medan,13,2026-02-11 00:00:00
2450,490,WH-Makassar,268,2025-03-27 00:00:00
2451,491,WH-Jakarta,53,2025-09-26 00:00:00
2452,491,WH-Bandung,316,2025-06-09 00:00:00
2453,491,WH-Surabaya,43,2026-02-04 00:00:00
2454,491,WH-Medan,158,2025-08-23 00:00:00
2455,491,WH-Makassar,126,2025-10-18 00:00:00
2456,492,WH-Jakarta,226,2025-05-10 00:00:00
2457,492,WH-Bandung,67,2026-06-24 00:00:00
2458,492,WH-Surabaya,429,2025-06-24 00:00:00
2459,492,WH-Medan,14,2025-02-05 00:00:00
2460,492,WH-Makassar,339,2026-01-01 00:00:00
2461,493,WH-Jakarta,440,2025-11-30 00:00:00
2462,493,WH-Bandung,442,2026-05-03 00:00:00
2463,493,WH-Surabaya,239,2026-07-08 00:00:00
2464,493,WH-Medan,478,2025-10-06 00:00:00
2465,493,WH-Makassar,280,2026-04-01 00:00:00
2466,494,WH-Jakarta,69,2026-07-07 00:00:00
2467,494,WH-Bandung,90,2026-04-13 00:00:00
2468,494,WH-Surabaya,323,2026-08-01 00:00:00
2469,494,WH-Medan,222,2026-06-21 00:00:00
2470,494,WH-Makassar,327,2026-07-01 00:00:00
2471,495,WH-Jakarta,158,2025-12-22 00:00:00
2472,495,WH-Bandung,246,2026-07-07 00:00:00
2473,495,WH-Surabaya,116,2025-04-02 00:00:00
2474,495,WH-Medan,226,2025-11-12 00:00:00
2475,495,WH-Makassar,187,2026-02-27 00:00:00
2476,496,WH-Jakarta,133,2025-06-09 00:00:00
2477,496,WH-Bandung,155,2025-01-11 00:00:00
2478,496,WH-Surabaya,0,2026-06-20 00:00:00
2479,496,WH-Medan,417,2025-05-20 00:00:00
2480,496,WH-Makassar,176,2025-10-21 00:00:00
2481,497,WH-Jakarta,240,2026-07-02 00:00:00
2482,497,WH-Bandung,4,2026-05-19 00:00:00
2483,497,WH-Surabaya,484,2026-05-04 00:00:00
2484,497,WH-Medan,153,2025-01-10 00:00:00
2485,497,WH-Makassar,392,2026-03-17 00:00:00
2486,498,WH-Jakarta,408,2025-10-27 00:00:00
2487,498,WH-Bandung,305,2025-08-25 00:00:00
2488,498,WH-Surabaya,407,2025-01-08 00:00:00
2489,498,WH-Medan,280,2026-01-18 00:00:00
2490,498,WH-Makassar,96,2026-02-26 00:00:00
2491,499,WH-Jakarta,451,2026-07-29 00:00:00
2492,499,WH-Bandung,223,2026-02-09 00:00:00
2493,499,WH-Surabaya,127,2025-06-17 00:00:00
2494,499,WH-Medan,366,2026-02-04 00:00:00
2495,499,WH-Makassar,424,2026-01-23 00:00:00
2496,500,WH-Jakarta,112,2025-09-27 00:00:00
2497,500,WH-Bandung,40,2026-03-09 00:00:00
2498,500,WH-Surabaya,320,2025-09-03 00:00:00
2499,500,WH-Medan,264,2025-10-06 00:00:00
2500,500,WH-Makassar,145,2026-06-29 00:00:00
2501,501,WH-Jakarta,414,2025-10-03 00:00:00
2502,501,WH-Bandung,211,2025-07-12 00:00:00
2503,501,WH-Surabaya,436,2025-03-12 00:00:00
2504,501,WH-Medan,93,2025-05-20 00:00:00
2505,501,WH-Makassar,148,2025-04-24 00:00:00
2506,502,WH-Jakarta,326,2026-04-12 00:00:00
2507,502,WH-Bandung,316,2026-04-09 00:00:00
2508,502,WH-Surabaya,139,2026-05-19 00:00:00
2509,502,WH-Medan,96,2025-11-25 00:00:00
2510,502,WH-Makassar,9,2025-06-05 00:00:00
2511,503,WH-Jakarta,25,2026-07-02 00:00:00
2512,503,WH-Bandung,11,2025-07-10 00:00:00
2513,503,WH-Surabaya,497,2025-04-15 00:00:00
2514,503,WH-Medan,144,2025-10-03 00:00:00
2515,503,WH-Makassar,64,2026-03-25 00:00:00
2516,504,WH-Jakarta,372,2025-01-09 00:00:00
2517,504,WH-Bandung,119,2025-04-03 00:00:00
2518,504,WH-Surabaya,77,2025-01-16 00:00:00
2519,504,WH-Medan,252,2025-08-11 00:00:00
2520,504,WH-Makassar,175,2026-03-07 00:00:00
2521,505,WH-Jakarta,159,2026-05-26 00:00:00
2522,505,WH-Bandung,190,2026-04-20 00:00:00
2523,505,WH-Surabaya,356,2025-02-02 00:00:00
2524,505,WH-Medan,169,2025-03-24 00:00:00
2525,505,WH-Makassar,431,2025-05-30 00:00:00
2526,506,WH-Jakarta,28,2025-09-30 00:00:00
2527,506,WH-Bandung,397,2026-02-06 00:00:00
2528,506,WH-Surabaya,36,2026-07-11 00:00:00
2529,506,WH-Medan,240,2025-07-05 00:00:00
2530,506,WH-Makassar,98,2025-09-14 00:00:00
2531,507,WH-Jakarta,418,2026-01-26 00:00:00
2532,507,WH-Bandung,424,2025-01-13 00:00:00
2533,507,WH-Surabaya,62,2025-09-12 00:00:00
2534,507,WH-Medan,197,2026-03-30 00:00:00
2535,507,WH-Makassar,126,2025-02-04 00:00:00
2536,508,WH-Jakarta,101,2026-04-17 00:00:00
2537,508,WH-Bandung,376,2025-04-07 00:00:00
2538,508,WH-Surabaya,266,2025-08-02 00:00:00
2539,508,WH-Medan,242,2026-02-03 00:00:00
2540,508,WH-Makassar,348,2025-11-16 00:00:00
2541,509,WH-Jakarta,479,2025-11-27 00:00:00
2542,509,WH-Bandung,81,2025-02-13 00:00:00
2543,509,WH-Surabaya,381,2026-07-17 00:00:00
2544,509,WH-Medan,266,2025-05-06 00:00:00
2545,509,WH-Makassar,129,2026-05-08 00:00:00
2546,510,WH-Jakarta,326,2025-11-02 00:00:00
2547,510,WH-Bandung,101,2026-01-05 00:00:00
2548,510,WH-Surabaya,454,2025-02-23 00:00:00
2549,510,WH-Medan,442,2025-08-12 00:00:00
2550,510,WH-Makassar,498,2025-04-26 00:00:00
2551,511,WH-Jakarta,120,2026-03-21 00:00:00
2552,511,WH-Bandung,166,2025-01-16 00:00:00
2553,511,WH-Surabaya,85,2025-10-10 00:00:00
2554,511,WH-Medan,299,2025-05-03 00:00:00
2555,511,WH-Makassar,202,2025-09-06 00:00:00
2556,512,WH-Jakarta,4,2025-02-13 00:00:00
2557,512,WH-Bandung,297,2026-05-02 00:00:00
2558,512,WH-Surabaya,352,2025-06-08 00:00:00
2559,512,WH-Medan,190,2025-04-02 00:00:00
2560,512,WH-Makassar,127,2025-06-11 00:00:00
2561,513,WH-Jakarta,255,2025-04-04 00:00:00
2562,513,WH-Bandung,351,2025-12-13 00:00:00
2563,513,WH-Surabaya,476,2025-03-03 00:00:00
2564,513,WH-Medan,30,2025-12-31 00:00:00
2565,513,WH-Makassar,330,2025-06-07 00:00:00
2566,514,WH-Jakarta,359,2026-07-04 00:00:00
2567,514,WH-Bandung,405,2025-04-20 00:00:00
2568,514,WH-Surabaya,64,2026-05-15 00:00:00
2569,514,WH-Medan,119,2025-11-21 00:00:00
2570,514,WH-Makassar,285,2025-12-22 00:00:00
2571,515,WH-Jakarta,412,2026-03-26 00:00:00
2572,515,WH-Bandung,375,2025-07-17 00:00:00
2573,515,WH-Surabaya,10,2026-01-22 00:00:00
2574,515,WH-Medan,183,2025-05-18 00:00:00
2575,515,WH-Makassar,128,2025-02-10 00:00:00
2576,516,WH-Jakarta,248,2026-03-25 00:00:00
2577,516,WH-Bandung,286,2025-10-29 00:00:00
2578,516,WH-Surabaya,277,2026-05-17 00:00:00
2579,516,WH-Medan,97,2026-08-04 00:00:00
2580,516,WH-Makassar,95,2026-07-11 00:00:00
2581,517,WH-Jakarta,178,2025-11-28 00:00:00
2582,517,WH-Bandung,374,2026-04-25 00:00:00
2583,517,WH-Surabaya,140,2026-07-22 00:00:00
2584,517,WH-Medan,82,2025-03-12 00:00:00
2585,517,WH-Makassar,271,2025-06-08 00:00:00
2586,518,WH-Jakarta,230,2025-10-30 00:00:00
2587,518,WH-Bandung,419,2025-09-27 00:00:00
2588,518,WH-Surabaya,277,2026-01-11 00:00:00
2589,518,WH-Medan,232,2025-01-01 00:00:00
2590,518,WH-Makassar,397,2026-06-03 00:00:00
2591,519,WH-Jakarta,194,2025-07-09 00:00:00
2592,519,WH-Bandung,452,2025-01-20 00:00:00
2593,519,WH-Surabaya,317,2026-01-08 00:00:00
2594,519,WH-Medan,397,2025-09-02 00:00:00
2595,519,WH-Makassar,164,2025-03-06 00:00:00
2596,520,WH-Jakarta,337,2026-07-06 00:00:00
2597,520,WH-Bandung,419,2026-02-01 00:00:00
2598,520,WH-Surabaya,97,2026-06-21 00:00:00
2599,520,WH-Medan,349,2026-05-25 00:00:00
2600,520,WH-Makassar,392,2026-07-19 00:00:00
2601,521,WH-Jakarta,78,2025-10-17 00:00:00
2602,521,WH-Bandung,165,2026-02-24 00:00:00
2603,521,WH-Surabaya,328,2025-11-26 00:00:00
2604,521,WH-Medan,56,2025-04-09 00:00:00
2605,521,WH-Makassar,267,2025-03-10 00:00:00
2606,522,WH-Jakarta,22,2025-05-13 00:00:00
2607,522,WH-Bandung,91,2025-02-02 00:00:00
2608,522,WH-Surabaya,103,2025-04-20 00:00:00
2609,522,WH-Medan,248,2025-07-16 00:00:00
2610,522,WH-Makassar,50,2025-02-02 00:00:00
2611,523,WH-Jakarta,292,2026-02-02 00:00:00
2612,523,WH-Bandung,336,2026-05-17 00:00:00
2613,523,WH-Surabaya,269,2025-09-20 00:00:00
2614,523,WH-Medan,25,2026-01-11 00:00:00
2615,523,WH-Makassar,113,2025-03-14 00:00:00
2616,524,WH-Jakarta,6,2025-08-02 00:00:00
2617,524,WH-Bandung,335,2026-05-19 00:00:00
2618,524,WH-Surabaya,475,2025-03-23 00:00:00
2619,524,WH-Medan,239,2025-03-04 00:00:00
2620,524,WH-Makassar,184,2026-07-26 00:00:00
2621,525,WH-Jakarta,380,2026-03-02 00:00:00
2622,525,WH-Bandung,420,2026-01-13 00:00:00
2623,525,WH-Surabaya,406,2025-03-01 00:00:00
2624,525,WH-Medan,421,2025-09-30 00:00:00
2625,525,WH-Makassar,270,2025-02-11 00:00:00
2626,526,WH-Jakarta,375,2025-03-14 00:00:00
2627,526,WH-Bandung,427,2025-11-08 00:00:00
2628,526,WH-Surabaya,39,2025-08-10 00:00:00
2629,526,WH-Medan,491,2026-06-16 00:00:00
2630,526,WH-Makassar,49,2025-04-14 00:00:00
2631,527,WH-Jakarta,371,2025-08-25 00:00:00
2632,527,WH-Bandung,272,2026-01-30 00:00:00
2633,527,WH-Surabaya,97,2025-07-17 00:00:00
2634,527,WH-Medan,269,2025-09-12 00:00:00
2635,527,WH-Makassar,291,2025-07-03 00:00:00
2636,528,WH-Jakarta,285,2026-07-26 00:00:00
2637,528,WH-Bandung,212,2025-04-19 00:00:00
2638,528,WH-Surabaya,392,2026-08-14 00:00:00
2639,528,WH-Medan,183,2026-04-15 00:00:00
2640,528,WH-Makassar,359,2026-03-14 00:00:00
2641,529,WH-Jakarta,452,2025-04-17 00:00:00
2642,529,WH-Bandung,85,2025-07-04 00:00:00
2643,529,WH-Surabaya,281,2026-02-16 00:00:00
2644,529,WH-Medan,258,2025-12-12 00:00:00
2645,529,WH-Makassar,336,2025-06-11 00:00:00
2646,530,WH-Jakarta,273,2026-03-30 00:00:00
2647,530,WH-Bandung,477,2025-12-27 00:00:00
2648,530,WH-Surabaya,462,2025-11-19 00:00:00
2649,530,WH-Medan,281,2025-11-29 00:00:00
2650,530,WH-Makassar,432,2026-01-16 00:00:00
2651,531,WH-Jakarta,211,2026-03-17 00:00:00
2652,531,WH-Bandung,422,2025-11-28 00:00:00
2653,531,WH-Surabaya,311,2025-09-04 00:00:00
2654,531,WH-Medan,288,2026-07-13 00:00:00
2655,531,WH-Makassar,109,2026-01-20 00:00:00
2656,532,WH-Jakarta,392,2026-07-18 00:00:00
2657,532,WH-Bandung,474,2025-09-18 00:00:00
2658,532,WH-Surabaya,184,2026-04-09 00:00:00
2659,532,WH-Medan,229,2026-02-11 00:00:00
2660,532,WH-Makassar,0,2025-02-05 00:00:00
2661,533,WH-Jakarta,145,2025-01-17 00:00:00
2662,533,WH-Bandung,265,2025-05-19 00:00:00
2663,533,WH-Surabaya,455,2025-11-06 00:00:00
2664,533,WH-Medan,3,2025-11-04 00:00:00
2665,533,WH-Makassar,113,2025-08-08 00:00:00
2666,534,WH-Jakarta,438,2025-11-19 00:00:00
2667,534,WH-Bandung,11,2025-10-10 00:00:00
2668,534,WH-Surabaya,470,2026-07-21 00:00:00
2669,534,WH-Medan,261,2026-07-24 00:00:00
2670,534,WH-Makassar,292,2026-08-09 00:00:00
2671,535,WH-Jakarta,79,2025-04-07 00:00:00
2672,535,WH-Bandung,19,2026-04-17 00:00:00
2673,535,WH-Surabaya,182,2025-06-09 00:00:00
2674,535,WH-Medan,70,2025-09-29 00:00:00
2675,535,WH-Makassar,187,2026-08-20 00:00:00
2676,536,WH-Jakarta,127,2025-08-27 00:00:00
2677,536,WH-Bandung,131,2025-11-04 00:00:00
2678,536,WH-Surabaya,47,2026-08-08 00:00:00
2679,536,WH-Medan,204,2026-08-06 00:00:00
2680,536,WH-Makassar,469,2025-08-11 00:00:00
2681,537,WH-Jakarta,375,2025-03-21 00:00:00
2682,537,WH-Bandung,370,2025-11-29 00:00:00
2683,537,WH-Surabaya,405,2026-05-10 00:00:00
2684,537,WH-Medan,88,2026-05-15 00:00:00
2685,537,WH-Makassar,422,2026-08-14 00:00:00
2686,538,WH-Jakarta,419,2025-04-08 00:00:00
2687,538,WH-Bandung,304,2025-11-04 00:00:00
2688,538,WH-Surabaya,19,2026-08-14 00:00:00
2689,538,WH-Medan,195,2025-03-22 00:00:00
2690,538,WH-Makassar,399,2025-02-27 00:00:00
2691,539,WH-Jakarta,471,2025-12-09 00:00:00
2692,539,WH-Bandung,178,2026-03-21 00:00:00
2693,539,WH-Surabaya,213,2025-05-04 00:00:00
2694,539,WH-Medan,445,2025-08-21 00:00:00
2695,539,WH-Makassar,382,2025-01-12 00:00:00
2696,540,WH-Jakarta,324,2026-01-27 00:00:00
2697,540,WH-Bandung,27,2025-11-09 00:00:00
2698,540,WH-Surabaya,268,2025-02-12 00:00:00
2699,540,WH-Medan,163,2026-07-07 00:00:00
2700,540,WH-Makassar,289,2025-06-03 00:00:00
2701,541,WH-Jakarta,167,2026-05-30 00:00:00
2702,541,WH-Bandung,357,2025-08-15 00:00:00
2703,541,WH-Surabaya,78,2025-02-21 00:00:00
2704,541,WH-Medan,344,2026-02-07 00:00:00
2705,541,WH-Makassar,497,2026-04-02 00:00:00
2706,542,WH-Jakarta,385,2026-08-13 00:00:00
2707,542,WH-Bandung,258,2025-04-03 00:00:00
2708,542,WH-Surabaya,113,2026-03-19 00:00:00
2709,542,WH-Medan,148,2026-02-08 00:00:00
2710,542,WH-Makassar,75,2025-05-16 00:00:00
2711,543,WH-Jakarta,172,2025-03-26 00:00:00
2712,543,WH-Bandung,243,2026-08-09 00:00:00
2713,543,WH-Surabaya,381,2025-02-20 00:00:00
2714,543,WH-Medan,280,2026-02-13 00:00:00
2715,543,WH-Makassar,134,2025-03-29 00:00:00
2716,544,WH-Jakarta,204,2026-05-29 00:00:00
2717,544,WH-Bandung,222,2025-05-14 00:00:00
2718,544,WH-Surabaya,390,2025-05-19 00:00:00
2719,544,WH-Medan,246,2026-07-27 00:00:00
2720,544,WH-Makassar,101,2026-05-15 00:00:00
2721,545,WH-Jakarta,202,2026-08-09 00:00:00
2722,545,WH-Bandung,100,2026-07-29 00:00:00
2723,545,WH-Surabaya,315,2026-06-21 00:00:00
2724,545,WH-Medan,126,2025-09-06 00:00:00
2725,545,WH-Makassar,36,2025-09-30 00:00:00
2726,546,WH-Jakarta,397,2026-03-17 00:00:00
2727,546,WH-Bandung,165,2026-08-13 00:00:00
2728,546,WH-Surabaya,45,2025-04-26 00:00:00
2729,546,WH-Medan,343,2026-02-28 00:00:00
2730,546,WH-Makassar,216,2026-01-10 00:00:00
2731,547,WH-Jakarta,178,2025-07-15 00:00:00
2732,547,WH-Bandung,164,2025-12-19 00:00:00
2733,547,WH-Surabaya,304,2025-01-25 00:00:00
2734,547,WH-Medan,394,2025-11-09 00:00:00
2735,547,WH-Makassar,86,2025-12-25 00:00:00
2736,548,WH-Jakarta,315,2026-03-29 00:00:00
2737,548,WH-Bandung,319,2025-05-30 00:00:00
2738,548,WH-Surabaya,225,2025-02-15 00:00:00
2739,548,WH-Medan,473,2025-08-28 00:00:00
2740,548,WH-Makassar,102,2026-01-18 00:00:00
2741,549,WH-Jakarta,79,2025-03-29 00:00:00
2742,549,WH-Bandung,57,2025-02-25 00:00:00
2743,549,WH-Surabaya,124,2025-06-01 00:00:00
2744,549,WH-Medan,444,2025-10-22 00:00:00
2745,549,WH-Makassar,7,2025-12-18 00:00:00
2746,550,WH-Jakarta,355,2025-04-24 00:00:00
2747,550,WH-Bandung,156,2026-04-06 00:00:00
2748,550,WH-Surabaya,241,2025-01-24 00:00:00
2749,550,WH-Medan,169,2025-08-03 00:00:00
2750,550,WH-Makassar,378,2026-07-05 00:00:00
2751,551,WH-Jakarta,108,2025-07-28 00:00:00
2752,551,WH-Bandung,279,2026-06-20 00:00:00
2753,551,WH-Surabaya,384,2025-09-22 00:00:00
2754,551,WH-Medan,280,2026-05-10 00:00:00
2755,551,WH-Makassar,318,2025-05-25 00:00:00
2756,552,WH-Jakarta,355,2025-01-19 00:00:00
2757,552,WH-Bandung,192,2026-08-20 00:00:00
2758,552,WH-Surabaya,463,2026-06-24 00:00:00
2759,552,WH-Medan,22,2025-09-19 00:00:00
2760,552,WH-Makassar,87,2025-03-03 00:00:00
