order_id,customer_id,subproduct_id,quantity,unit_price,discount_amount,shipping_cost,total_amount,payment_id,order_date,status_id,employee_id,city_id
1,828,283,1,222494,0,0,222494,6,2026-07-09,3,44,6
2,986,297,1,155454,23318,15000,147136,6,2026-02-12,5,56,24
3,504,435,5,1023839,0,10000,5129195,11,2024-01-19,3,62,19
4,1699,522,1,69707,10456,15000,74251,5,2025-04-29,5,75,4
5,123,515,1,79707,0,15000,94707,8,2023-07-07,2,12,26
6,1351,483,2,455632,0,0,911264,10,2025-01-28,4,59,27
7,949,229,1,1169215,116921,0,1052294,10,2026-04-09,5,32,29
8,1722,37,2,791327,0,30000,1612654,2,2023-05-21,4,5,14
9,1523,202,2,1015325,0,0,2030650,4,2025-01-24,3,23,9
10,663,416,1,1263713,0,25000,1288713,11,2023-03-31,5,31,28
11,2338,444,1,1013839,152075,0,861764,1,2024-03-20,2,31,21
12,2296,459,2,392900,0,25000,810800,4,2026-01-17,4,68,29
13,1161,461,2,392900,19645,20000,766510,4,2024-08-31,3,35,22
14,33,239,1,1189215,0,10000,1199215,12,2023-10-04,3,52,1
15,1197,493,1,1174592,117459,15000,1072133,1,2025-06-09,3,33,17
16,2289,199,3,80278,0,20000,260834,7,2025-08-06,4,53,11
17,1812,336,2,1157247,231449,30000,1881596,8,2024-05-05,4,39,15
18,2497,173,1,572301,85845,20000,506456,5,2024-07-12,4,33,23
19,2498,223,5,1179215,0,10000,5906075,6,2025-02-25,1,43,5
20,1653,319,2,135454,0,25000,295908,3,2025-06-14,3,49,2
21,46,385,1,1073936,53696,20000,1040240,9,2026-04-09,3,9,7
22,2203,187,3,60278,0,10000,190834,11,2023-09-07,4,18,17
23,1572,503,1,1204592,0,10000,1214592,4,2024-06-29,4,63,12
24,1106,55,5,1039429,0,10000,5207145,8,2026-02-16,4,39,22
25,1339,508,2,1174592,0,15000,2364184,6,2025-12-02,5,75,12
26,1334,461,2,392900,0,20000,805800,9,2025-02-27,4,1,2
27,1445,346,1,1147247,0,20000,1167247,8,2023-04-21,4,55,7
28,1047,271,1,202494,10124,10000,202370,1,2024-06-18,2,48,26
29,440,262,5,237829,11891,10000,1139690,5,2025-04-21,5,23,26
30,252,299,1,155454,23318,20000,152136,8,2023-03-28,3,13,12
31,563,52,1,1019429,0,30000,1049429,10,2025-01-25,4,68,14
32,89,349,1,1177247,0,10000,1187247,9,2024-12-12,2,41,22
33,2226,90,2,235165,0,10000,480330,12,2023-04-12,5,73,23
34,1949,434,1,983839,0,10000,993839,11,2025-10-22,5,76,3
35,1144,132,1,1417646,212646,0,1205000,1,2023-04-08,1,65,2
36,318,503,1,1204592,60229,10000,1154363,2,2026-06-14,2,68,2
37,1432,471,4,382900,0,25000,1556600,7,2024-07-01,5,47,18
38,2452,22,1,781327,0,20000,801327,3,2026-06-19,1,45,20
39,1759,98,5,195165,9758,10000,937035,9,2026-06-16,3,25,7
40,1279,7,2,303478,15173,30000,606610,12,2023-04-02,5,47,14
41,905,42,1,999429,0,25000,1024429,3,2023-09-10,5,14,24
42,2252,467,1,382900,0,20000,402900,8,2025-04-02,2,31,12
43,180,291,1,202494,0,20000,222494,2,2023-11-14,3,23,17
44,1741,422,1,550089,0,10000,560089,7,2025-04-27,2,12,1
45,1458,348,2,1157247,115724,10000,2093046,6,2025-04-27,3,43,27
46,614,432,1,768998,0,0,768998,7,2024-11-23,4,61,28
47,590,466,2,362900,0,0,725800,6,2023-04-28,1,56,20
48,1997,43,1,1019429,0,15000,1034429,2,2026-01-31,4,10,28
49,341,536,1,595602,59560,20000,556042,10,2023-12-31,5,26,9
50,987,374,3,1059326,0,25000,3202978,12,2024-01-05,5,30,23
51,1518,280,2,232494,0,0,464988,7,2023-02-04,5,43,6
52,230,453,2,382900,0,10000,775800,12,2025-08-26,5,68,27
53,132,152,1,1287879,128787,30000,1189092,12,2024-04-10,3,68,7
54,1356,114,2,1138263,0,30000,2306526,2,2024-11-15,1,9,6
55,1249,517,1,79707,3985,0,75722,4,2024-10-23,1,25,15
56,1603,374,2,1059326,0,20000,2138652,4,2024-08-05,2,1,25
57,1975,378,2,1059326,0,20000,2138652,1,2024-10-08,5,1,11
58,2213,289,1,202494,0,10000,212494,8,2026-03-29,4,5,21
59,601,99,3,195165,0,30000,615495,1,2026-08-03,3,15,25
60,1397,174,2,562301,0,10000,1134602,11,2024-01-12,6,73,17
61,380,460,2,362900,54435,15000,631930,2,2025-08-21,3,59,17
62,2479,456,1,362900,0,25000,387900,12,2025-02-14,1,31,2
63,979,32,3,781327,0,0,2343981,12,2026-02-26,4,47,21
64,344,388,2,1043936,0,10000,2097872,2,2026-04-22,5,63,8
65,868,385,1,1073936,53696,0,1020240,12,2026-04-20,4,33,28
66,177,395,1,1043936,208787,30000,865149,6,2024-09-06,3,20,25
67,2339,208,4,995325,0,20000,4001300,8,2024-11-15,1,49,29
68,28,268,1,227829,0,20000,247829,11,2025-01-25,4,42,6
69,603,187,1,60278,9041,30000,81237,7,2025-05-21,5,4,5
70,1569,67,1,836915,83691,25000,778224,1,2023-09-21,5,16,14
71,2484,226,1,1189215,0,25000,1214215,10,2023-02-24,4,36,21
72,15,69,2,876915,0,0,1753830,3,2026-03-16,5,64,17
73,689,541,1,595602,29780,20000,585822,8,2025-04-11,5,7,10
74,1137,476,1,455632,45563,25000,435069,2,2023-06-23,2,14,25
75,1376,438,2,1023839,51191,15000,1960296,8,2026-02-27,3,58,24
76,1303,371,1,1079326,0,25000,1104326,3,2024-02-19,5,5,4
77,493,210,1,995325,0,30000,1025325,12,2024-12-26,5,59,23
78,2174,179,1,582301,0,20000,602301,7,2024-08-01,3,60,7
79,2151,427,2,1148346,0,15000,2311692,9,2024-06-28,4,17,10
80,2008,509,1,1194592,59729,15000,1149863,10,2023-08-20,4,31,2
81,1365,315,1,135454,0,15000,150454,10,2025-02-04,3,76,26
82,509,182,1,90278,0,0,90278,1,2025-08-19,4,49,4
83,1745,127,1,1417646,141764,0,1275882,10,2024-06-04,4,54,27
84,2357,194,1,80278,0,30000,110278,11,2026-04-13,1,10,25
85,2274,490,2,455632,0,15000,926264,9,2024-05-17,4,17,21
86,1956,383,1,1063936,53196,15000,1025740,12,2025-11-21,2,22,21
87,557,284,3,222494,22249,15000,615735,2,2023-04-20,4,15,10
88,2288,162,1,582301,0,15000,597301,2,2024-01-17,5,58,21
89,2338,170,3,562301,0,25000,1711903,8,2024-04-17,2,59,21
90,1768,344,4,1167247,0,10000,4678988,5,2025-11-11,4,57,8
91,228,324,1,135454,6772,30000,158682,12,2025-02-03,4,62,16
92,324,470,1,382900,0,10000,392900,4,2026-02-26,4,39,4
93,1308,212,1,1035325,0,0,1035325,8,2026-08-05,4,46,4
94,2407,145,4,1317879,65893,10000,5017944,5,2023-03-06,1,66,5
95,771,390,2,1063936,0,20000,2147872,7,2023-03-12,4,24,29
96,1051,202,1,1015325,0,20000,1035325,8,2026-06-06,4,1,19
97,2200,323,1,175454,8772,25000,191682,4,2025-12-02,5,75,19
98,1117,273,3,202494,0,30000,637482,5,2026-08-10,1,19,28
99,2429,486,1,455632,0,15000,470632,10,2025-09-23,3,20,20
100,6,110,3,1108263,0,25000,3349789,11,2023-08-23,4,54,4
101,466,220,5,1035325,0,15000,5191625,6,2026-06-05,3,27,5
102,1257,515,4,79707,0,0,318828,12,2025-12-18,1,64,25
103,773,307,1,175454,8772,0,166682,7,2023-03-18,4,37,16
104,1575,192,1,60278,0,15000,75278,3,2023-11-27,3,1,10
105,506,237,1,1169215,58460,20000,1130755,12,2023-12-31,4,22,10
106,1024,292,1,232494,0,20000,252494,5,2023-10-23,2,30,17
107,1577,393,4,1073936,0,15000,4310744,1,2024-07-19,4,7,23
108,208,256,4,207829,0,0,831316,6,2025-05-04,3,14,1
109,778,346,1,1147247,0,30000,1177247,2,2025-03-12,5,23,12
110,699,170,1,562301,0,20000,582301,2,2023-01-01,3,50,9
111,171,346,1,1147247,0,25000,1172247,6,2025-11-19,5,35,22
112,786,224,2,1159215,115921,20000,2106588,1,2023-09-07,3,18,11
113,1395,69,1,876915,87691,30000,819224,6,2025-11-26,5,71,12
114,1800,102,2,1148263,57413,25000,2206700,1,2023-08-27,2,43,9
115,1246,183,1,60278,0,30000,90278,11,2023-12-30,4,37,6
116,2337,277,2,202494,0,0,404988,2,2023-11-24,3,28,13
117,1483,407,4,1043936,0,25000,4200744,3,2025-11-17,2,53,24
118,631,6,4,273478,0,30000,1123912,8,2024-10-20,1,39,5
119,624,53,2,1009429,0,30000,2048858,10,2023-03-29,3,65,25
120,2133,401,1,1053936,0,25000,1078936,9,2025-11-17,1,19,11
121,765,128,1,1427646,71382,20000,1376264,6,2025-08-06,5,14,10
122,1279,280,2,232494,0,15000,479988,3,2025-05-02,2,15,14
123,105,98,1,195165,0,25000,220165,3,2026-02-20,3,28,12
124,1472,413,3,1243713,0,10000,3741139,9,2023-07-29,3,33,6
125,514,152,4,1287879,64393,20000,4913944,7,2023-01-26,2,62,14
126,995,162,1,582301,0,15000,597301,5,2023-06-17,2,21,18
127,2200,435,1,1023839,0,20000,1043839,1,2024-05-10,4,40,19
128,811,549,1,595602,29780,30000,595822,8,2023-10-03,3,39,14
129,2209,512,1,1184592,0,0,1184592,11,2023-04-17,1,44,7
130,1197,54,1,1009429,0,30000,1039429,6,2024-01-01,1,10,17
131,2451,505,5,1204592,0,15000,6037960,3,2023-02-08,5,45,20
132,749,443,1,1013839,0,20000,1033839,11,2024-07-20,5,69,8
133,850,183,1,60278,6027,30000,84251,12,2026-04-28,7,30,8
134,2257,327,2,1177247,0,25000,2379494,9,2026-04-04,4,22,9
135,2362,196,4,70278,0,30000,311112,8,2025-11-13,4,71,29
136,1747,529,1,89707,0,15000,104707,4,2026-08-26,2,46,10
137,947,81,2,205165,30774,15000,363782,2,2025-07-24,4,11,4
138,2370,192,2,60278,0,15000,135556,12,2025-05-23,2,60,13
139,1418,8,3,303478,0,20000,930434,1,2023-04-27,4,72,14
140,1219,290,2,222494,22249,10000,410490,8,2026-02-03,5,49,7
141,1705,425,1,1148346,0,10000,1158346,1,2025-10-30,4,42,18
142,1469,75,2,876915,0,25000,1778830,6,2026-03-31,3,36,19
143,668,380,2,1079326,53966,0,2050720,4,2023-12-17,2,5,12
144,276,360,1,1079326,107932,10000,981394,6,2024-11-01,4,15,21
145,107,421,1,530089,0,0,530089,7,2023-07-23,4,30,2
146,1457,11,4,293478,0,30000,1203912,2,2025-04-03,1,63,6
147,2035,146,1,1317879,0,10000,1327879,12,2024-05-01,3,63,16
148,1910,41,5,1009429,0,30000,5077145,11,2025-10-25,2,70,3
149,574,529,1,89707,0,25000,114707,11,2023-08-18,5,73,4
150,1448,315,2,135454,6772,10000,267364,2,2024-04-16,7,10,23
151,1808,325,4,1147247,57362,10000,4369540,8,2023-11-27,5,28,15
152,360,314,2,155454,0,10000,320908,2,2023-05-25,8,3,3
153,2064,413,1,1243713,0,0,1243713,12,2025-12-31,5,43,22
154,1063,27,1,761327,114199,0,647128,1,2026-04-05,4,32,19
155,1220,382,2,1033936,206787,0,1654298,3,2025-05-05,6,9,17
156,627,312,1,155454,7772,0,147682,8,2025-10-22,4,6,3
157,2121,269,5,232494,0,20000,1182470,8,2023-10-03,4,69,24
158,785,189,3,90278,0,25000,295834,8,2025-07-01,4,2,11
159,526,22,1,781327,0,30000,811327,4,2024-03-05,4,27,15
160,1252,133,1,1397646,139764,15000,1272882,1,2024-09-20,1,3,24
161,1619,2,1,303478,15173,0,288305,4,2024-08-25,2,44,26
162,1368,467,2,382900,0,0,765800,3,2025-01-20,5,17,3
163,2445,366,1,1079326,53966,10000,1035360,8,2024-04-20,4,49,16
164,2142,509,2,1194592,119459,20000,2170266,12,2023-06-07,3,57,12
165,261,223,2,1179215,58960,30000,2270510,4,2025-01-29,1,69,2
166,2184,229,2,1169215,0,0,2338430,8,2023-06-22,3,29,1
167,1127,370,1,1069326,0,15000,1084326,9,2023-03-21,3,53,5
168,347,468,3,392900,0,15000,1193700,9,2025-11-10,2,4,9
169,2371,413,3,1243713,0,10000,3741139,2,2025-10-18,4,45,1
170,1307,523,1,89707,0,25000,114707,9,2025-09-19,2,42,16
171,1603,144,1,1277879,0,15000,1292879,4,2024-05-03,4,75,25
172,1836,84,2,235165,0,15000,485330,7,2024-01-10,1,30,15
173,1287,431,4,758998,0,10000,3045992,12,2025-11-23,7,60,16
174,306,364,1,1079326,0,10000,1089326,6,2026-07-24,1,46,9
175,1427,345,3,1187247,59362,15000,3398655,1,2026-08-21,3,58,6
176,2431,424,1,520089,0,30000,550089,12,2025-11-23,5,18,10
177,129,40,1,761327,0,30000,791327,5,2023-08-05,4,3,29
178,1272,507,3,1204592,0,0,3613776,5,2026-06-20,5,52,5
179,1817,376,2,1099326,0,15000,2213652,1,2023-08-05,1,40,6
180,1752,419,1,1085563,54278,15000,1046285,3,2026-02-04,7,56,9
181,1198,308,3,145454,14545,0,392727,10,2023-09-16,4,71,7
182,1926,85,1,225165,0,0,225165,8,2025-04-28,4,2,9
183,993,161,1,582301,0,30000,612301,5,2024-04-17,3,29,11
184,1899,251,1,217829,21782,30000,226047,9,2023-03-01,3,73,23
185,1978,263,2,217829,0,10000,445658,1,2026-06-10,4,34,29
186,2103,104,3,1118263,55913,25000,3212050,12,2024-04-11,4,65,4
187,2349,147,1,1297879,0,15000,1312879,5,2026-04-23,4,68,14
188,432,197,1,80278,4013,15000,91265,4,2023-09-06,2,11,23
189,1464,389,3,1073936,0,25000,3246808,3,2024-06-25,5,60,5
190,2436,83,4,225165,22516,0,810596,5,2025-01-22,1,31,15
191,1110,203,2,1015325,0,15000,2045650,11,2025-07-31,5,61,27
192,117,339,1,1187247,0,15000,1202247,11,2024-08-29,1,20,21
193,506,75,3,876915,43845,0,2499210,2,2024-02-25,4,76,10
194,564,29,1,751327,37566,0,713761,7,2023-02-25,2,75,5
195,217,34,1,771327,0,10000,781327,11,2024-02-22,1,40,18
196,672,435,3,1023839,102383,30000,2794368,4,2024-06-26,8,47,23
197,2296,272,2,202494,10124,20000,404740,7,2024-02-14,2,14,29
198,2339,319,1,135454,0,20000,155454,2,2024-10-02,5,69,29
199,1350,323,1,175454,8772,25000,191682,7,2024-07-17,7,68,27
200,1511,62,2,836915,41845,25000,1615140,11,2023-09-18,4,40,11
201,750,197,1,80278,0,25000,105278,4,2023-03-06,3,45,11
202,230,212,4,1035325,51766,30000,3964236,9,2025-11-12,2,4,27
203,115,508,1,1174592,117459,30000,1087133,2,2024-11-19,4,75,22
204,1848,217,1,995325,49766,10000,955559,5,2026-07-15,3,61,24
205,2002,495,1,1194592,59729,25000,1159863,10,2025-10-05,3,32,10
206,1254,438,1,1023839,0,0,1023839,7,2023-03-11,3,73,9
207,2094,139,1,1397646,69882,10000,1337764,11,2025-12-25,7,59,19
208,1496,213,1,1025325,0,25000,1050325,11,2025-01-15,3,38,2
209,1556,22,2,781327,0,0,1562654,5,2026-08-30,1,4,21
210,644,370,1,1069326,53466,30000,1045860,7,2025-08-16,2,6,17
211,1779,62,2,836915,0,10000,1683830,12,2023-07-09,5,33,3
212,128,451,2,1013839,50691,10000,1936296,2,2025-08-17,3,62,28
213,825,128,2,1427646,0,10000,2865292,1,2024-08-30,2,30,6
214,1218,253,2,217829,10891,15000,428876,8,2026-04-12,6,72,22
215,1465,160,2,1297879,0,20000,2615758,8,2026-03-19,1,76,11
216,2335,425,2,1148346,57417,15000,2196858,12,2024-06-25,4,46,3
217,1451,468,2,392900,0,10000,795800,4,2026-06-30,3,14,24
218,1180,148,1,1297879,0,25000,1322879,3,2025-10-06,2,36,7
219,662,219,2,995325,0,20000,2010650,3,2023-02-18,5,61,1
220,420,473,1,455632,0,30000,485632,11,2025-03-04,1,36,23
221,1140,399,1,1033936,0,0,1033936,9,2023-03-24,1,49,5
222,2068,82,5,205165,0,15000,1040825,3,2024-04-18,1,17,24
223,2471,166,1,542301,27115,30000,545186,10,2025-12-25,4,46,8
224,2155,139,1,1397646,69882,20000,1347764,5,2023-12-14,4,24,17
225,861,326,2,1177247,0,10000,2364494,8,2024-02-27,5,25,26
226,1805,533,5,575602,28780,30000,2764110,2,2023-09-30,4,45,22
227,169,13,1,293478,0,20000,313478,3,2023-09-03,3,9,14
228,794,258,5,237829,11891,25000,1154690,7,2024-06-11,4,44,12
229,2035,70,1,876915,0,20000,896915,1,2024-03-19,2,46,16
230,18,200,1,60278,6027,10000,64251,10,2024-01-07,1,47,24
231,1951,215,3,1035325,103532,20000,2815379,4,2023-04-16,5,14,22
232,1952,198,4,50278,2513,0,191060,9,2023-09-24,5,44,14
233,655,465,2,382900,19145,25000,752510,12,2023-04-16,4,4,24
234,612,422,2,550089,0,0,1100178,8,2025-12-12,4,20,16
235,113,490,1,455632,0,0,455632,5,2023-12-20,4,45,21
236,1005,332,2,1187247,0,10000,2384494,2,2024-01-04,2,42,4
237,2114,476,4,455632,0,20000,1842528,10,2026-06-25,3,4,1
238,686,202,1,1015325,0,20000,1035325,10,2024-02-09,5,37,22
239,1905,345,1,1187247,59362,0,1127885,1,2023-05-18,6,7,28
240,2103,434,1,983839,0,25000,1008839,8,2025-06-27,5,42,4
241,2217,347,4,1187247,0,25000,4773988,2,2024-11-28,3,39,7
242,177,304,2,145454,14545,10000,271818,7,2024-11-17,6,53,25
243,1194,403,1,1043936,0,25000,1068936,6,2026-06-27,3,14,4
244,512,295,3,202494,0,0,607482,4,2026-01-11,3,71,5
245,1327,48,2,1029429,51471,20000,1975916,8,2024-07-07,2,50,11
246,793,303,2,155454,0,25000,335908,2,2024-06-18,6,55,22
247,1840,263,5,217829,10891,25000,1059690,9,2025-02-12,5,54,20
248,2093,369,2,1079326,107932,15000,1957788,2,2026-02-28,4,7,5
249,1789,469,2,392900,39290,15000,722220,9,2025-03-20,6,58,2
250,968,461,2,392900,19645,10000,756510,1,2026-07-03,4,10,7
251,1142,218,4,1025325,0,20000,4121300,6,2023-11-24,5,77,5
252,604,265,5,247829,24782,25000,1140235,8,2025-12-04,1,1,28
253,161,495,2,1194592,0,20000,2409184,9,2024-08-22,3,58,14
254,1614,183,5,60278,0,0,301390,4,2025-02-03,5,21,28
255,854,351,3,1157247,0,10000,3481741,8,2025-08-19,3,24,5
256,633,256,1,207829,10391,20000,217438,10,2023-05-29,4,45,28
257,472,377,1,1059326,0,10000,1069326,7,2026-04-17,3,49,2
258,29,1,4,263478,0,20000,1073912,4,2023-02-10,5,53,25
259,2482,48,2,1029429,0,0,2058858,5,2026-08-31,2,10,20
260,1662,347,2,1187247,0,25000,2399494,7,2024-05-18,4,69,14
261,2467,455,3,382900,38290,0,1033830,1,2024-06-30,5,55,7
262,102,511,1,1194592,59729,0,1134863,4,2023-04-01,5,32,2
263,129,53,3,1009429,151414,0,2574045,11,2025-06-30,5,63,29
264,1163,202,1,1015325,101532,0,913793,11,2024-09-24,4,49,15
265,2064,470,1,382900,0,15000,397900,12,2024-05-03,5,63,22
266,26,333,1,1187247,59362,25000,1152885,2,2024-09-08,3,68,22
267,1190,512,1,1184592,0,10000,1194592,6,2023-11-02,4,30,27
268,261,257,1,217829,10891,10000,216938,12,2026-07-09,3,34,2
269,705,85,2,225165,0,10000,460330,10,2026-03-17,5,75,20
270,653,126,1,1427646,0,0,1427646,2,2025-12-09,4,28,27
271,28,297,2,155454,7772,15000,310364,8,2023-10-11,3,10,6
272,1090,114,2,1138263,113826,30000,2078874,7,2025-01-14,4,1,13
273,1293,428,2,1138346,0,25000,2301692,2,2024-08-30,1,52,10
274,1518,451,2,1013839,50691,30000,1956296,7,2024-09-27,6,48,6
275,1774,395,1,1043936,52196,20000,1011740,1,2025-08-28,7,72,11
276,515,9,2,293478,0,30000,616956,7,2024-12-23,2,40,8
277,1314,190,1,60278,3013,0,57265,10,2024-11-05,3,69,9
278,2028,542,1,595602,59560,10000,546042,5,2025-11-29,4,36,18
279,683,6,1,273478,13673,30000,289805,10,2023-10-18,1,22,3
280,2197,479,3,435632,0,30000,1336896,11,2026-05-03,4,36,8
281,253,390,3,1063936,0,15000,3206808,7,2023-03-13,3,26,10
282,154,252,1,217829,0,15000,232829,4,2026-04-11,2,12,1
283,778,245,1,247829,0,0,247829,2,2026-01-19,2,66,12
284,88,411,1,1192030,178804,25000,1038226,9,2024-06-22,3,64,25
285,1522,137,2,1397646,69882,10000,2665528,2,2024-10-16,4,44,28
286,1133,198,1,50278,5027,15000,60251,12,2023-06-03,3,67,28
287,1300,75,4,876915,0,30000,3537660,12,2024-03-08,4,12,15
288,1345,358,5,1099326,54966,25000,5246800,4,2024-05-09,3,27,26
289,2356,364,2,1079326,161898,20000,1854856,2,2026-01-16,4,60,7
290,2187,145,1,1317879,65893,0,1251986,10,2026-08-31,4,75,15
291,1771,133,1,1397646,139764,25000,1282882,8,2023-08-16,3,54,9
292,2425,201,1,1025325,51266,10000,984059,6,2023-12-11,3,15,16
293,2417,469,1,392900,39290,25000,378610,10,2025-09-20,5,7,3
294,17,135,2,1397646,69882,0,2655528,1,2023-07-05,4,41,2
295,37,193,2,70278,7027,10000,136502,3,2023-09-18,2,16,4
296,309,43,2,1019429,0,30000,2068858,3,2025-01-18,5,40,9
297,1709,188,1,60278,0,20000,80278,7,2024-07-08,3,28,28
298,966,218,5,1025325,0,0,5126625,5,2026-07-18,4,25,20
299,1570,132,1,1417646,0,15000,1432646,1,2023-09-27,1,64,13
300,1284,540,3,565602,0,30000,1726806,3,2024-10-04,3,8,21
301,1160,542,1,595602,29780,0,565822,6,2023-10-17,4,2,8
302,870,253,4,217829,32674,0,740620,11,2026-05-14,5,73,4
303,1908,26,1,791327,39566,0,751761,4,2026-05-30,3,12,18
304,50,480,1,465632,0,10000,475632,12,2023-02-19,4,31,14
305,2003,487,2,445632,0,20000,911264,6,2023-09-22,3,33,4
306,1630,67,1,836915,83691,15000,768224,4,2025-06-21,4,44,5
307,1270,110,1,1108263,0,10000,1118263,7,2024-10-18,6,55,14
308,1391,253,2,217829,32674,30000,400310,10,2023-08-05,5,35,5
309,1896,53,3,1009429,0,15000,3043287,11,2024-01-03,1,13,16
310,1044,228,2,1199215,0,20000,2418430,10,2024-03-01,2,70,25
311,1354,517,1,79707,3985,20000,95722,4,2026-06-09,4,73,8
312,540,45,1,1019429,0,30000,1049429,3,2023-05-24,4,57,9
313,2456,249,2,237829,11891,15000,466876,2,2024-12-10,4,37,21
314,346,92,1,195165,0,10000,205165,12,2024-01-06,1,51,23
315,1333,91,1,225165,0,15000,240165,5,2026-08-31,2,28,28
316,1094,298,1,165454,0,30000,195454,7,2025-03-14,5,76,17
317,1036,151,1,1307879,0,30000,1337879,11,2023-07-10,1,20,9
318,1809,408,2,1063936,0,15000,2142872,9,2023-12-05,2,7,6
319,2078,457,4,362900,18145,30000,1409020,1,2026-07-08,4,28,12
320,2214,382,1,1033936,0,0,1033936,1,2024-01-21,4,55,5
321,576,351,2,1157247,57862,30000,2228770,8,2024-03-09,7,43,12
322,1649,379,2,1099326,0,20000,2218652,11,2024-08-03,2,40,11
323,114,248,1,237829,11891,30000,255938,3,2025-08-05,2,37,24
324,1449,424,3,520089,0,0,1560267,12,2025-02-14,3,53,2
325,1364,124,1,1407646,140764,10000,1276882,2,2024-02-16,3,66,3
326,444,512,1,1184592,59229,15000,1140363,10,2025-01-20,5,47,10
327,1673,336,3,1157247,0,0,3471741,11,2026-04-02,5,30,25
328,1834,323,1,175454,17545,30000,187909,5,2024-03-24,3,18,18
329,36,164,1,582301,0,15000,597301,5,2023-06-30,1,44,16
330,1966,378,3,1059326,0,20000,3197978,4,2024-12-24,4,63,29
331,1693,47,1,1029429,51471,10000,987958,5,2025-03-23,6,28,19
332,758,484,1,425632,0,10000,435632,3,2023-04-28,5,23,3
333,2292,147,1,1297879,194681,10000,1113198,3,2026-04-24,3,40,7
334,2483,157,1,1317879,263575,15000,1069304,12,2024-01-25,1,40,8
335,1615,137,2,1397646,0,20000,2815292,11,2026-03-08,5,76,4
336,812,56,4,1029429,51471,25000,3936832,11,2024-11-03,6,38,5
337,1651,469,2,392900,0,0,785800,8,2025-10-18,7,65,15
338,1273,311,1,165454,8272,20000,177182,12,2023-11-16,4,72,18
339,1768,5,2,273478,0,10000,556956,9,2024-03-30,4,21,8
340,68,543,1,575602,0,15000,590602,7,2024-12-30,5,22,15
341,1953,189,1,90278,0,10000,100278,3,2026-03-15,5,42,4
342,651,500,1,1164592,58229,30000,1136363,7,2025-07-06,5,70,13
343,679,485,5,425632,0,20000,2148160,11,2026-05-25,2,31,23
344,1030,441,1,993839,0,0,993839,5,2024-06-02,3,77,25
345,357,50,5,1039429,51971,10000,4947290,9,2025-03-02,4,50,12
346,2138,483,4,455632,0,15000,1837528,10,2025-11-30,7,33,2
347,1007,369,1,1079326,53966,25000,1050360,7,2023-02-08,5,12,16
348,1228,280,1,232494,0,30000,262494,2,2024-04-15,4,70,20
349,2231,29,1,751327,0,15000,766327,10,2024-05-22,4,9,7
350,834,506,5,1194592,0,30000,6002960,9,2023-10-04,7,1,21
351,647,164,4,582301,0,0,2329204,2,2023-07-06,3,65,11
352,739,32,1,781327,0,10000,791327,6,2025-01-21,4,20,22
353,300,200,1,60278,6027,30000,84251,4,2024-03-18,5,9,23
354,20,182,1,90278,9027,0,81251,2,2024-08-19,2,71,26
355,1747,496,1,1164592,0,10000,1174592,10,2026-05-03,4,3,10
356,401,468,1,392900,19645,20000,393255,12,2024-05-16,6,2,1
357,24,108,2,1128263,0,20000,2276526,6,2023-01-16,3,28,21
358,1205,317,2,165454,8272,10000,324364,9,2023-12-23,5,62,5
359,1527,75,1,876915,87691,15000,804224,2,2023-08-21,3,15,24
360,240,464,1,372900,18645,10000,364255,3,2025-08-10,4,5,11
361,219,48,2,1029429,0,25000,2083858,4,2024-06-05,6,37,23
362,2327,117,1,1108263,0,10000,1118263,11,2026-07-08,2,2,27
363,1535,220,1,1035325,0,25000,1060325,11,2023-02-21,2,45,18
364,1847,394,1,1033936,0,30000,1063936,3,2024-01-18,5,12,13
365,458,102,1,1148263,172239,15000,991024,3,2024-03-27,5,68,27
366,686,396,1,1043936,0,0,1043936,2,2024-03-16,5,52,22
367,2071,114,1,1138263,56913,20000,1101350,12,2025-07-02,5,69,21
368,556,8,1,303478,0,15000,318478,7,2025-04-22,2,33,2
369,1771,454,1,382900,0,10000,392900,10,2023-12-13,2,74,9
370,343,495,2,1194592,59729,10000,2279726,1,2024-09-04,4,37,19
371,1479,203,1,1015325,0,0,1015325,6,2023-01-25,1,4,1
372,1321,328,1,1147247,0,25000,1172247,9,2025-07-05,3,38,13
373,2005,458,1,392900,39290,25000,378610,8,2025-04-25,3,63,4
374,29,233,5,1179215,58960,20000,5621275,5,2023-04-12,3,6,25
375,2089,238,1,1199215,0,0,1199215,3,2024-11-26,4,57,28
376,1862,454,1,382900,0,25000,407900,1,2023-12-09,2,16,5
377,968,134,1,1417646,0,0,1417646,2,2026-01-25,5,25,7
378,114,438,4,1023839,51191,25000,3915592,10,2024-06-07,1,77,24
379,1491,31,1,751327,0,20000,771327,2,2023-03-22,3,61,9
380,1119,487,3,445632,0,20000,1356896,7,2026-07-30,1,35,18
381,1441,451,2,1013839,50691,10000,1936296,2,2026-01-12,4,21,29
382,230,459,2,392900,0,15000,800800,9,2024-06-05,4,11,27
383,2222,534,1,585602,0,0,585602,5,2024-05-19,1,43,21
384,2048,412,1,1212030,60601,0,1151429,6,2025-04-13,4,17,29
385,2313,409,2,1172030,0,20000,2364060,3,2024-07-02,1,13,24
386,1730,314,1,155454,7772,20000,167682,1,2025-07-10,5,17,25
387,843,5,1,273478,13673,10000,269805,9,2023-11-09,3,21,6
388,1886,140,1,1407646,0,30000,1437646,10,2025-06-20,2,46,18
389,2409,187,2,60278,3013,10000,124530,9,2026-07-26,3,64,17
390,1879,176,2,542301,0,10000,1094602,6,2023-12-24,4,61,23
391,66,168,2,582301,0,0,1164602,10,2026-07-08,5,32,9
392,2061,411,2,1192030,0,30000,2414060,9,2026-03-24,4,40,16
393,1173,547,1,585602,0,30000,615602,10,2025-02-25,4,72,25
394,1308,403,3,1043936,0,10000,3141808,10,2024-04-21,5,10,4
395,2265,427,2,1148346,57417,10000,2191858,3,2026-02-06,5,61,26
396,1366,232,3,1179215,58960,0,3360765,11,2024-05-24,6,21,25
397,428,421,1,530089,0,15000,545089,2,2023-04-26,5,34,9
398,377,384,1,1063936,0,15000,1078936,6,2023-09-30,5,23,1
399,868,411,1,1192030,59601,10000,1142429,4,2025-05-01,5,47,28
400,132,291,1,202494,10124,15000,207370,2,2025-07-29,5,40,7
401,1110,298,4,165454,0,0,661816,6,2024-02-21,2,34,27
402,1086,301,5,175454,0,20000,897270,3,2026-03-25,4,11,26
403,2271,545,2,575602,0,30000,1181204,7,2026-07-17,5,31,22
404,450,376,1,1099326,0,0,1099326,7,2025-11-01,7,35,5
405,712,258,2,237829,11891,10000,461876,9,2025-10-02,4,57,21
406,1038,452,2,983839,49191,10000,1879296,10,2023-12-22,4,68,16
407,1535,122,1,1427646,0,0,1427646,2,2025-10-12,4,34,18
408,309,542,1,595602,0,20000,615602,3,2025-01-24,5,31,9
409,1392,477,3,455632,68344,10000,1171864,12,2023-04-10,3,26,5
410,106,516,1,69707,0,20000,89707,4,2023-06-06,7,62,2
411,1573,173,1,572301,0,30000,602301,5,2025-12-31,1,54,10
412,1744,431,2,758998,113849,20000,1310298,1,2023-01-28,2,49,5
413,1693,249,2,237829,11891,25000,476876,3,2026-05-03,2,9,19
414,2012,38,1,761327,0,20000,781327,5,2025-11-28,1,57,5
415,1434,10,1,273478,0,15000,288478,12,2023-06-21,1,25,7
416,1702,46,1,1009429,0,0,1009429,8,2023-06-16,2,22,5
417,2217,426,3,1118346,0,30000,3385038,3,2026-02-16,2,8,7
418,1602,82,1,205165,0,10000,215165,8,2026-02-08,3,51,1
419,2477,464,2,372900,0,10000,755800,1,2025-02-18,1,9,2
420,348,285,3,212494,0,15000,652482,11,2024-08-08,3,61,9
421,2001,174,1,562301,28115,0,534186,6,2024-04-01,5,75,2
422,695,532,2,59707,2985,30000,143444,10,2025-01-24,4,35,2
423,1326,482,2,465632,0,20000,951264,10,2025-07-24,5,65,22
424,2430,236,1,1199215,59960,20000,1159255,8,2023-12-16,4,77,15
425,2190,214,1,1035325,51766,0,983559,12,2026-08-06,4,13,9
426,1512,224,2,1159215,173882,0,1970666,5,2023-03-24,3,30,15
427,229,243,1,217829,10891,30000,236938,3,2026-03-12,1,68,2
428,2260,420,2,1065563,106556,20000,1938014,10,2024-12-29,5,54,8
429,1464,315,2,135454,6772,0,257364,6,2024-03-09,6,11,5
430,357,59,1,1029429,0,10000,1039429,11,2023-12-18,3,18,12
431,1274,293,4,192494,0,10000,779976,6,2025-02-16,5,75,5
432,250,514,1,49707,7456,30000,72251,7,2024-08-23,2,48,24
433,1378,162,3,582301,0,20000,1766903,12,2024-05-07,5,76,19
434,156,458,2,392900,19645,30000,776510,6,2024-11-08,6,59,27
435,1991,259,2,247829,12391,30000,500876,3,2024-04-02,6,43,22
436,699,175,4,542301,27115,20000,2080744,10,2023-06-05,4,7,9
437,2015,333,3,1187247,0,20000,3581741,11,2023-06-18,4,23,16
438,1122,439,1,1013839,0,10000,1023839,7,2026-06-26,5,64,20
439,2396,55,1,1039429,0,30000,1069429,5,2024-06-05,4,5,17
440,4,61,2,836915,0,15000,1688830,2,2025-06-15,4,17,15
441,588,425,2,1148346,57417,20000,2201858,4,2024-08-02,5,70,10
442,284,207,2,1015325,152298,20000,1746054,4,2024-11-28,3,43,20
443,1165,428,1,1138346,0,30000,1168346,3,2023-11-26,3,3,16
444,244,524,1,69707,0,20000,89707,4,2024-07-09,5,34,13
445,313,71,2,846915,42345,25000,1634140,8,2025-04-14,4,19,24
446,736,392,4,1063936,159590,10000,3627384,12,2025-12-03,4,65,25
447,1175,105,2,1108263,0,20000,2236526,7,2023-03-26,1,7,3
448,829,237,1,1169215,0,15000,1184215,9,2024-05-17,3,39,5
449,1719,441,1,993839,0,30000,1023839,10,2024-05-26,1,26,8
450,912,483,4,455632,0,30000,1852528,2,2023-06-28,2,5,3
451,985,426,1,1118346,55917,20000,1082429,8,2026-04-03,6,59,18
452,1705,351,3,1157247,57862,20000,3318155,6,2024-05-06,3,39,18
453,239,214,1,1035325,0,25000,1060325,12,2024-11-08,3,33,2
454,1468,114,1,1138263,0,10000,1148263,4,2024-02-18,3,74,18
455,1522,211,1,995325,0,25000,1020325,3,2024-10-07,4,25,28
456,773,85,1,225165,0,15000,240165,9,2024-05-25,7,41,16
457,117,476,1,455632,22781,15000,447851,3,2024-11-19,1,55,21
458,1580,451,1,1013839,0,15000,1028839,2,2023-01-30,4,39,20
459,2077,489,1,465632,0,20000,485632,9,2024-09-18,7,32,16
460,557,465,2,382900,57435,20000,670930,3,2024-06-06,2,75,10
461,220,448,2,1023839,102383,10000,1852912,11,2024-07-31,3,5,1
462,938,370,2,1069326,0,20000,2158652,2,2023-11-19,4,21,6
463,2238,186,2,70278,0,25000,165556,12,2025-02-05,4,76,27
464,2472,367,5,1099326,54966,30000,5251800,10,2024-09-06,5,75,7
465,2392,283,1,222494,11124,30000,241370,5,2023-05-18,8,56,27
466,1317,148,1,1297879,0,0,1297879,6,2024-05-29,3,22,27
467,640,539,1,585602,0,15000,600602,1,2024-09-12,3,9,11
468,2409,482,3,465632,0,0,1396896,11,2025-10-25,2,39,17
469,1850,45,2,1019429,0,20000,2058858,11,2025-02-08,4,44,17
470,526,516,2,69707,0,30000,169414,2,2023-04-02,3,60,15
471,133,508,1,1174592,58729,0,1115863,2,2025-09-17,4,53,8
472,908,306,1,135454,6772,25000,153682,11,2023-07-20,4,12,22
473,1099,359,1,1079326,0,20000,1099326,11,2025-02-28,3,23,10
474,825,129,3,1427646,71382,20000,4088792,9,2025-10-26,4,44,6
475,1455,54,1,1009429,100942,25000,933487,2,2023-07-04,6,45,28
476,1918,113,2,1148263,0,20000,2316526,2,2025-01-04,4,54,27
477,2293,309,5,175454,0,20000,897270,4,2025-04-29,6,50,23
478,1669,15,1,283478,0,15000,298478,7,2024-05-28,2,15,22
479,898,213,2,1025325,51266,10000,1958118,5,2023-05-27,2,48,8
480,2093,153,1,1277879,127787,0,1150092,2,2023-06-02,4,19,5
481,1760,462,3,372900,18645,25000,1087765,12,2026-08-06,5,50,15
482,1992,312,2,155454,7772,30000,325364,10,2026-04-02,2,55,18
483,240,356,1,1099326,0,15000,1114326,7,2024-04-04,5,74,11
484,740,356,3,1099326,219865,0,2638383,3,2024-01-11,3,31,12
485,494,138,1,1437646,71882,25000,1390764,1,2023-01-09,6,15,21
486,1600,209,5,1015325,0,25000,5101625,7,2025-09-26,5,32,22
487,70,537,1,575602,0,10000,585602,1,2025-08-13,5,54,29
488,712,198,1,50278,0,15000,65278,4,2023-11-04,3,46,21
489,1863,383,1,1063936,0,10000,1073936,9,2025-10-01,5,40,15
490,8,306,4,135454,0,10000,551816,3,2023-05-13,5,61,19
491,76,224,3,1159215,57960,25000,3328765,8,2024-02-21,2,39,16
492,848,333,1,1187247,0,15000,1202247,2,2025-02-19,5,15,6
493,2109,155,1,1317879,0,25000,1342879,7,2026-02-14,1,75,3
494,2071,423,5,510089,0,25000,2575445,11,2024-11-05,3,9,21
495,385,168,2,582301,0,20000,1184602,10,2023-07-30,4,4,28
496,1603,435,1,1023839,0,20000,1043839,10,2024-03-04,4,39,25
497,718,520,1,79707,0,10000,89707,6,2025-09-10,3,75,26
498,1147,345,1,1187247,0,30000,1217247,1,2025-11-21,4,23,6
499,1140,32,3,781327,39066,15000,2241783,11,2026-05-16,2,26,5
500,823,160,2,1297879,0,10000,2605758,8,2023-08-09,5,43,6
501,1850,101,2,1148263,57413,0,2181700,12,2025-04-29,5,32,17
502,1513,413,2,1243713,186556,0,2114314,2,2023-04-22,4,17,13
503,1351,156,1,1317879,0,25000,1342879,9,2025-03-26,4,46,27
504,2456,518,1,69707,0,0,69707,2,2023-11-24,6,42,21
505,1133,479,1,435632,43563,15000,407069,4,2023-09-05,4,52,28
506,1673,361,1,1069326,53466,10000,1025860,3,2023-06-23,4,18,25
507,445,336,2,1157247,0,10000,2324494,9,2025-03-03,4,34,3
508,1215,195,2,60278,0,30000,150556,8,2026-04-03,5,62,11
509,1619,79,2,836915,0,25000,1698830,7,2025-04-18,4,44,26
510,1393,17,3,263478,0,30000,820434,2,2026-07-04,5,48,24
511,1420,410,2,1182030,0,10000,2374060,10,2026-05-02,6,47,28
512,772,393,3,1073936,0,25000,3246808,2,2026-04-25,5,20,28
513,1883,32,1,781327,0,25000,806327,11,2026-07-28,5,30,17
514,141,544,1,565602,0,20000,585602,11,2025-04-19,2,18,4
515,916,220,2,1035325,0,0,2070650,10,2023-03-01,2,55,24
516,1953,439,5,1013839,50691,10000,4825740,4,2025-03-22,6,57,4
517,1210,257,2,217829,21782,15000,407094,1,2024-04-02,3,59,12
518,413,3,1,263478,0,20000,283478,4,2026-08-04,5,76,1
519,2004,490,1,455632,0,20000,475632,4,2025-04-15,5,77,4
520,311,402,1,1033936,0,25000,1058936,6,2024-05-14,6,35,20
521,2252,546,1,555602,0,30000,585602,6,2025-05-21,4,67,12
522,1757,547,1,585602,0,15000,600602,2,2025-10-26,2,18,1
523,722,433,3,1023839,102383,10000,2774368,8,2026-04-22,3,66,4
524,134,336,2,1157247,57862,0,2198770,5,2023-04-10,5,50,7
525,1293,479,3,435632,0,0,1306896,10,2023-09-08,1,8,10
526,1847,215,2,1035325,51766,15000,1982118,12,2023-03-13,3,30,13
527,1266,509,1,1194592,59729,25000,1159863,10,2026-07-15,2,5,6
528,2476,283,1,222494,0,25000,247494,10,2026-02-09,4,49,23
529,278,537,1,575602,0,10000,585602,6,2025-10-16,7,38,10
530,2219,260,2,247829,0,15000,510658,2,2023-09-15,4,12,1
531,172,202,3,1015325,152298,15000,2604081,1,2026-04-08,5,74,6
532,681,290,1,222494,0,15000,237494,10,2024-08-24,4,76,18
533,935,143,1,1317879,131787,30000,1216092,8,2023-03-16,3,50,4
534,149,397,3,1043936,0,0,3131808,5,2025-05-31,5,3,17
535,871,482,2,465632,69844,20000,811576,11,2026-08-19,3,25,4
536,2163,103,2,1138263,56913,10000,2172700,10,2023-02-13,2,27,9
537,1834,9,1,293478,29347,10000,274131,1,2026-07-21,4,61,18
538,1427,317,2,165454,8272,0,314364,2,2023-09-08,2,10,6
539,2087,425,1,1148346,114834,20000,1053512,8,2025-08-20,3,64,2
540,2429,140,5,1407646,211146,25000,6007500,1,2023-05-27,4,30,20
541,640,544,5,565602,28280,15000,2701610,5,2023-05-01,5,5,11
542,2063,191,1,60278,0,10000,70278,7,2025-01-02,3,57,28
543,2171,494,1,1164592,0,15000,1179592,8,2025-09-28,5,23,7
544,1326,350,3,1187247,118724,0,3205569,7,2025-02-13,2,37,22
545,1697,489,4,465632,0,0,1862528,5,2026-03-26,4,41,11
546,1854,365,3,1089326,54466,20000,3124580,5,2024-04-13,5,67,22
547,599,331,1,1157247,57862,30000,1129385,10,2025-12-25,5,74,14
548,461,534,1,585602,0,0,585602,6,2023-04-10,5,56,14
549,1023,238,2,1199215,59960,0,2278510,7,2025-09-02,3,37,12
550,2026,38,2,761327,0,30000,1552654,9,2025-05-11,3,2,19
551,2231,208,2,995325,0,0,1990650,4,2026-05-31,5,34,7
552,1326,62,1,836915,83691,15000,768224,7,2025-06-07,4,7,22
553,1226,353,1,1089326,0,10000,1099326,10,2024-05-24,5,20,10
554,1232,369,1,1079326,0,20000,1099326,2,2024-05-15,1,41,4
555,1928,544,4,565602,0,20000,2282408,9,2024-11-21,2,1,7
556,830,171,5,552301,0,20000,2781505,2,2026-08-03,1,68,21
557,659,524,4,69707,6970,25000,275948,12,2025-03-09,6,33,29
558,1712,185,5,50278,0,30000,281390,4,2025-09-12,4,72,28
559,1144,481,2,425632,42563,30000,796138,9,2024-12-06,2,13,2
560,776,126,3,1427646,0,10000,4292938,5,2026-03-14,5,12,6
561,914,143,2,1317879,0,20000,2655758,4,2023-12-26,2,75,18
562,389,514,1,49707,2485,15000,62222,9,2024-05-28,3,22,28
563,2207,543,4,575602,0,0,2302408,1,2024-10-13,3,7,6
564,1422,412,1,1212030,0,10000,1222030,7,2024-04-20,4,61,16
565,1337,311,4,165454,0,15000,676816,10,2024-01-26,8,70,8
566,1476,454,1,382900,57435,25000,350465,11,2025-02-17,5,18,27
567,798,152,3,1287879,64393,0,3670458,3,2023-07-09,4,70,22
568,2197,322,1,135454,0,15000,150454,1,2025-04-15,3,68,8
569,717,216,1,995325,0,15000,1010325,3,2026-01-07,4,67,17
570,1186,405,1,1053936,0,20000,1073936,7,2026-05-09,2,26,3
571,68,301,1,175454,0,20000,195454,7,2024-05-14,2,20,15
572,59,242,4,217829,21782,15000,799188,9,2025-11-18,4,37,22
573,1153,83,2,225165,11258,10000,437814,11,2025-10-20,3,29,25
574,937,98,1,195165,0,20000,215165,7,2023-03-12,3,56,17
575,589,537,1,575602,0,15000,590602,1,2024-01-02,1,69,7
576,1357,465,2,382900,19145,10000,737510,10,2026-07-25,2,46,4
577,427,2,2,303478,30347,0,546262,12,2023-06-05,1,54,12
578,247,188,3,60278,0,15000,195834,1,2023-03-31,3,14,28
579,1073,344,1,1167247,0,30000,1197247,3,2025-06-24,3,40,8
580,298,25,1,771327,38566,25000,757761,6,2024-07-22,4,61,14
581,605,78,1,846915,0,10000,856915,5,2024-03-28,6,20,8
582,2150,200,1,60278,3013,0,57265,2,2024-03-09,4,2,20
583,703,529,1,89707,0,10000,99707,1,2025-08-08,4,45,4
584,125,436,1,1013839,0,15000,1028839,4,2026-08-01,4,29,28
585,500,512,3,1184592,59229,20000,3396089,6,2024-02-12,4,46,28
586,271,175,2,542301,0,15000,1099602,10,2024-06-07,5,23,19
587,24,185,2,50278,0,15000,115556,3,2023-11-17,5,7,21
588,2403,363,1,1069326,106932,20000,982394,2,2025-11-08,4,21,4
589,2488,441,1,993839,0,15000,1008839,8,2025-05-04,5,30,23
590,1141,65,1,846915,127037,15000,734878,4,2023-10-06,2,22,8
591,188,173,1,572301,57230,10000,525071,4,2025-01-18,5,72,26
592,2072,289,1,202494,0,20000,222494,6,2024-04-16,4,33,1
593,2442,273,1,202494,10124,30000,222370,4,2024-03-07,4,29,1
594,2142,421,2,530089,0,15000,1075178,11,2023-02-23,4,32,12
595,2420,48,2,1029429,0,15000,2073858,5,2023-09-20,7,66,21
596,434,343,2,1157247,57862,0,2198770,4,2025-10-11,4,60,8
597,698,108,1,1128263,0,20000,1148263,5,2025-09-26,3,61,29
598,949,110,2,1108263,110826,0,1994874,5,2026-03-18,4,2,29
599,821,263,1,217829,0,25000,242829,11,2023-03-02,3,63,19
600,1962,301,3,175454,8772,20000,520046,1,2024-03-02,3,57,19
601,898,404,1,1053936,0,15000,1068936,8,2023-10-04,5,34,8
602,607,7,2,303478,0,10000,616956,10,2023-08-01,3,27,19
603,631,365,3,1089326,0,25000,3292978,10,2025-10-23,4,37,5
604,1254,222,2,1199215,0,0,2398430,3,2023-01-10,3,51,9
605,1346,495,5,1194592,0,10000,5982960,7,2026-05-29,4,54,6
606,1187,53,1,1009429,0,20000,1029429,8,2026-02-22,2,67,23
607,1884,323,1,175454,0,10000,185454,8,2023-05-23,3,50,28
608,642,528,1,49707,7456,10000,52251,10,2024-07-02,1,46,14
609,2456,376,1,1099326,109932,0,989394,9,2024-05-07,4,45,21
610,741,480,4,465632,23281,30000,1799404,2,2024-01-21,5,11,6
611,2468,501,3,1174592,58729,20000,3367589,5,2024-06-04,7,63,2
612,1842,475,1,445632,0,25000,470632,8,2024-02-18,8,69,5
613,2471,318,1,145454,14545,15000,145909,8,2023-05-19,4,30,8
614,1577,97,3,205165,0,30000,645495,11,2026-06-02,2,33,23
615,1406,482,1,465632,46563,25000,444069,12,2023-02-13,6,75,24
616,210,532,3,59707,0,15000,194121,12,2023-07-17,5,64,2
617,1759,285,4,212494,0,20000,869976,3,2024-10-04,5,14,7
618,2074,468,2,392900,0,30000,815800,10,2025-10-26,5,76,10
619,1586,328,2,1147247,0,10000,2304494,5,2023-07-26,3,9,3
620,132,271,2,202494,10124,20000,404740,12,2023-09-01,8,54,7
621,453,149,1,1287879,64393,30000,1253486,2,2025-07-09,2,71,17
622,2404,121,1,1427646,142764,25000,1309882,9,2023-10-22,4,66,2
623,675,265,2,247829,0,25000,520658,1,2025-01-21,5,68,18
624,410,357,2,1089326,0,15000,2193652,12,2024-08-21,2,30,15
625,1140,220,1,1035325,51766,10000,993559,6,2023-05-07,2,48,5
626,1653,506,1,1194592,0,20000,1214592,5,2026-03-04,5,33,2
627,392,278,2,222494,0,0,444988,12,2026-01-26,1,35,11
628,1821,379,1,1099326,0,10000,1109326,2,2023-03-16,5,7,22
629,1280,42,1,999429,49971,10000,959458,9,2025-05-15,4,21,11
630,2302,516,2,69707,0,30000,169414,3,2023-12-28,5,59,5
631,1096,265,5,247829,24782,25000,1140235,10,2024-02-27,5,20,25
632,471,492,2,455632,22781,20000,885702,6,2025-02-06,4,36,5
633,1501,521,4,89707,8970,25000,347948,11,2025-07-01,5,32,1
634,275,62,3,836915,0,10000,2520745,12,2025-09-18,7,19,7
635,2418,57,3,1009429,100942,20000,2745461,6,2024-12-27,2,25,1
636,9,110,1,1108263,0,30000,1138263,1,2025-04-01,1,21,19
637,1545,61,1,836915,0,10000,846915,7,2024-12-18,6,51,13
638,1905,361,1,1069326,0,20000,1089326,3,2025-10-09,2,58,28
639,1920,106,1,1108263,0,30000,1138263,1,2026-03-24,7,53,29
640,731,470,1,382900,0,30000,412900,9,2024-08-28,3,71,3
641,413,499,4,1184592,59229,20000,4521452,3,2026-07-12,3,57,1
642,590,357,1,1089326,0,20000,1109326,4,2023-03-12,4,74,20
643,1305,523,1,89707,4485,15000,100222,3,2023-05-17,5,43,25
644,222,290,1,222494,22249,25000,225245,11,2025-05-07,2,6,19
645,1786,22,1,781327,0,15000,796327,12,2024-02-23,5,45,2
646,757,403,4,1043936,0,15000,4190744,10,2023-03-09,1,61,11
647,384,139,1,1397646,279529,0,1118117,12,2024-04-08,5,56,16
648,1799,446,1,993839,0,15000,1008839,6,2025-02-25,4,30,15
649,733,285,1,212494,0,30000,242494,10,2026-07-24,5,36,24
650,1372,230,2,1199215,179882,30000,2068666,2,2024-03-29,3,60,22
651,50,375,2,1059326,0,10000,2128652,9,2026-01-31,7,5,14
652,1856,230,1,1199215,0,20000,1219215,8,2024-11-12,5,72,8
653,2295,395,1,1043936,0,15000,1058936,2,2026-08-31,2,41,27
654,124,452,1,983839,0,30000,1013839,8,2023-09-02,3,2,3
655,641,383,1,1063936,106393,25000,982543,5,2025-01-15,4,38,17
656,519,196,1,70278,7027,30000,93251,6,2023-07-09,2,72,8
657,2445,155,4,1317879,0,15000,5286516,1,2025-03-24,3,50,16
658,767,343,2,1157247,0,15000,2329494,10,2026-08-20,1,58,29
659,310,206,1,1035325,0,25000,1060325,2,2025-01-13,3,23,3
660,811,274,3,192494,0,15000,592482,1,2025-07-19,4,9,14
661,2018,434,2,983839,0,10000,1977678,7,2026-07-02,6,12,1
662,1136,386,1,1053936,0,30000,1083936,7,2025-03-23,5,43,21
663,620,145,1,1317879,0,20000,1337879,11,2024-05-23,1,66,15
664,10,110,1,1108263,0,10000,1118263,8,2023-07-14,4,10,12
665,2288,549,1,595602,0,10000,605602,5,2026-06-14,3,71,21
666,490,140,4,1407646,0,20000,5650584,10,2026-08-19,5,32,3
667,59,534,3,585602,29280,25000,1693966,10,2023-01-17,4,2,22
668,2081,43,2,1019429,0,0,2038858,5,2024-11-06,2,4,3
669,137,116,2,1138263,0,15000,2291526,12,2024-11-27,3,29,3
670,2123,443,3,1013839,0,30000,3071517,2,2024-11-29,2,31,20
671,399,421,2,530089,79513,15000,916152,3,2023-05-21,3,10,23
672,1191,441,5,993839,99383,15000,4487280,2,2023-11-26,2,20,13
673,2319,537,3,575602,28780,10000,1650466,5,2024-12-11,1,66,12
674,1080,329,2,1157247,0,20000,2334494,10,2026-02-20,1,20,19
675,1003,230,1,1199215,59960,30000,1169255,7,2023-01-01,3,46,15
676,492,430,1,748998,37449,25000,736549,4,2025-10-11,4,3,20
677,2354,354,3,1069326,0,10000,3217978,10,2024-08-07,6,51,17
678,412,408,1,1063936,0,25000,1088936,12,2024-08-18,3,73,6
679,779,134,3,1417646,0,0,4252938,3,2024-10-23,4,35,27
680,2004,395,1,1043936,0,20000,1063936,4,2026-02-05,1,73,4
681,1488,502,1,1174592,58729,0,1115863,1,2025-01-15,4,42,27
682,820,252,1,217829,0,25000,242829,5,2025-10-29,2,36,13
683,1941,528,2,49707,0,25000,124414,7,2023-10-16,2,50,24
684,1561,201,1,1025325,102532,10000,932793,7,2025-02-02,7,21,2
685,984,425,2,1148346,0,10000,2306692,4,2023-10-12,4,33,12
686,2181,211,2,995325,0,15000,2005650,8,2023-09-09,4,72,27
687,660,138,4,1437646,0,0,5750584,8,2023-03-09,5,11,17
688,1723,134,2,1417646,0,0,2835292,7,2023-02-24,2,74,14
689,1096,466,1,362900,18145,30000,374755,2,2024-08-09,2,37,25
690,300,32,2,781327,0,10000,1572654,2,2024-05-20,5,68,23
691,1749,480,3,465632,0,20000,1416896,8,2025-06-02,3,33,7
692,1975,140,3,1407646,0,0,4222938,1,2025-08-21,4,38,11
693,2259,236,2,1199215,0,30000,2428430,9,2023-01-04,4,23,9
694,74,87,2,235165,11758,20000,466814,10,2025-03-18,5,45,12
695,909,193,3,70278,0,10000,220834,4,2026-08-12,2,76,13
696,532,138,1,1437646,71882,20000,1385764,3,2024-04-07,4,59,1
697,1034,371,1,1079326,0,0,1079326,2,2025-07-23,2,67,20
698,1411,192,1,60278,3013,25000,82265,1,2025-12-12,3,30,11
699,777,544,1,565602,28280,30000,567322,8,2025-02-14,5,70,12
700,1220,181,3,90278,0,30000,300834,5,2025-11-01,5,60,17
701,2408,253,1,217829,0,20000,237829,1,2024-11-09,5,50,28
702,1002,182,2,90278,0,10000,190556,1,2026-03-26,4,20,29
703,1272,418,1,1105563,55278,30000,1080285,11,2024-10-11,4,61,5
704,1188,422,2,550089,55008,30000,1020162,11,2026-04-27,4,9,12
705,2333,530,3,69707,0,30000,239121,2,2025-11-30,3,29,6
706,1334,298,3,165454,0,25000,521362,2,2026-03-21,2,15,2
707,1374,449,1,993839,49691,30000,974148,10,2026-02-21,1,36,11
708,876,507,1,1204592,60229,10000,1154363,4,2025-08-01,3,65,23
709,1553,362,1,1059326,158898,25000,925428,11,2026-04-09,5,60,2
710,352,491,2,445632,0,10000,901264,9,2026-03-13,1,16,27
711,124,100,2,215165,0,25000,455330,11,2023-02-17,5,54,3
712,237,405,1,1053936,0,15000,1068936,10,2026-05-05,4,44,23
713,1038,44,2,1029429,102942,20000,1872974,12,2023-08-09,1,2,16
714,33,2,2,303478,0,25000,631956,3,2025-11-13,4,35,1
715,715,496,3,1164592,0,30000,3523776,7,2023-11-17,4,55,28
716,527,305,3,145454,0,0,436362,6,2024-12-16,6,15,16
717,510,476,1,455632,22781,0,432851,4,2025-07-24,2,33,3
718,963,336,1,1157247,57862,20000,1119385,8,2024-02-26,3,62,3
719,1820,218,1,1025325,0,20000,1045325,6,2025-10-16,5,69,16
720,1322,50,1,1039429,0,0,1039429,11,2025-09-14,3,76,26
721,2455,95,1,235165,23516,20000,231649,11,2025-06-15,1,24,29
722,123,423,1,510089,0,20000,530089,7,2025-11-10,5,51,26
723,2475,510,3,1184592,0,20000,3573776,12,2025-04-24,2,12,21
724,491,175,1,542301,0,15000,557301,9,2025-07-29,3,32,14
725,894,158,1,1297879,0,20000,1317879,10,2023-04-14,6,48,4
726,1485,334,2,1167247,58362,20000,2237770,12,2023-10-23,2,2,18
727,2295,96,2,205165,10258,10000,399814,4,2025-08-29,4,77,27
728,1890,396,1,1043936,52196,30000,1021740,2,2024-09-01,4,24,25
729,362,267,2,217829,0,30000,465658,4,2025-02-14,3,14,16
730,1618,181,3,90278,9027,15000,258753,5,2026-03-19,3,33,4
731,2377,40,2,761327,0,30000,1552654,6,2024-04-01,4,51,1
732,892,17,1,263478,26347,10000,247131,12,2025-04-01,3,16,9
733,1470,80,1,846915,0,20000,866915,12,2023-04-21,4,8,2
734,2054,111,1,1138263,0,10000,1148263,12,2024-09-07,5,61,4
735,1010,426,1,1118346,0,20000,1138346,3,2026-07-17,6,77,26
736,2379,402,1,1033936,103393,30000,960543,6,2024-10-11,1,39,8
737,2428,38,1,761327,0,30000,791327,10,2025-11-24,4,50,13
738,2464,99,1,195165,0,20000,215165,11,2026-06-01,1,17,18
739,1013,223,3,1179215,0,10000,3547645,7,2026-03-21,8,66,23
740,799,483,3,455632,22781,0,1298553,4,2026-03-17,2,56,16
741,2195,295,1,202494,10124,20000,212370,3,2026-01-21,1,9,25
742,1090,177,2,552301,27615,0,1049372,6,2025-12-13,5,53,13
743,1938,447,2,1003839,0,15000,2022678,3,2023-06-24,4,20,2
744,1510,371,4,1079326,161898,15000,3684712,11,2024-03-26,4,4,4
745,799,6,3,273478,0,10000,830434,12,2025-06-14,4,23,16
746,913,242,1,217829,0,25000,242829,9,2026-05-30,5,64,24
747,1535,199,1,80278,8027,15000,87251,3,2023-08-01,4,53,18
748,1269,511,1,1194592,59729,30000,1164863,1,2025-12-13,3,59,8
749,2130,252,1,217829,0,0,217829,6,2023-11-06,8,7,11
750,2238,51,4,1039429,51971,15000,3964832,5,2025-12-13,3,45,27
751,1387,114,2,1138263,56913,25000,2187700,1,2023-02-22,1,72,3
752,2278,431,1,758998,75899,15000,698099,7,2026-08-07,3,11,18
753,869,458,2,392900,19645,20000,766510,7,2026-04-19,2,38,8
754,1354,249,4,237829,0,15000,966316,8,2025-03-06,5,36,8
755,1673,235,1,1189215,118921,25000,1095294,3,2026-03-21,5,20,25
756,698,515,1,79707,0,15000,94707,4,2025-05-31,1,63,29
757,847,511,1,1194592,59729,0,1134863,3,2024-08-17,3,15,29
758,1187,9,1,293478,0,15000,308478,7,2026-05-14,4,4,23
759,1959,438,1,1023839,0,15000,1038839,10,2026-07-02,3,63,7
760,968,420,1,1065563,159834,25000,930729,6,2025-07-12,5,75,7
761,2485,96,1,205165,10258,20000,214907,4,2023-08-24,7,50,18
762,1495,210,2,995325,149298,25000,1717054,8,2025-06-11,3,39,23
763,2440,355,4,1079326,53966,20000,4121440,2,2025-11-02,2,69,9
764,1075,271,5,202494,10124,0,961850,4,2024-06-02,6,73,5
765,742,348,1,1157247,57862,20000,1119385,4,2024-10-17,4,57,5
766,647,82,1,205165,0,25000,230165,6,2026-08-04,4,50,11
767,334,532,1,59707,0,20000,79707,11,2023-05-29,4,69,17
768,520,192,3,60278,0,30000,210834,1,2024-03-28,5,42,11
769,51,328,1,1147247,0,20000,1167247,6,2026-04-21,2,71,11
770,1165,34,1,771327,0,25000,796327,5,2025-01-16,2,24,16
771,1675,129,3,1427646,142764,0,3854646,4,2024-08-17,8,30,27
772,227,417,1,1085563,0,15000,1100563,4,2024-05-20,5,48,17
773,1935,322,4,135454,0,25000,566816,3,2026-06-08,3,65,29
774,492,414,4,1253713,62685,25000,4789112,11,2024-01-16,4,42,20
775,1928,517,2,79707,11956,10000,145502,8,2026-07-20,5,25,7
776,1741,254,1,247829,24782,20000,243047,11,2025-08-10,2,66,1
777,1792,395,1,1043936,52196,30000,1021740,8,2024-05-21,4,65,29
778,1373,12,3,303478,0,30000,940434,5,2024-10-29,4,47,10
779,1818,144,2,1277879,0,25000,2580758,12,2023-04-05,5,4,7
780,71,453,2,382900,0,30000,795800,7,2023-06-17,6,46,18
781,1838,530,1,69707,0,20000,89707,6,2023-10-30,2,39,29
782,1439,436,1,1013839,0,20000,1033839,4,2023-06-10,3,75,7
783,1812,169,1,552301,110460,15000,456841,12,2026-02-02,4,76,15
784,1886,36,5,761327,38066,0,3616305,12,2026-02-06,4,41,18
785,2256,3,1,263478,26347,15000,252131,8,2024-02-15,4,19,5
786,2137,223,4,1179215,0,0,4716860,12,2025-06-14,5,4,18
787,337,195,3,60278,6027,25000,187753,3,2024-12-16,3,9,1
788,2191,110,1,1108263,0,25000,1133263,1,2023-09-21,3,24,20
789,2133,342,1,1177247,0,0,1177247,12,2025-09-17,3,74,11
790,1271,87,1,235165,0,20000,255165,7,2023-12-16,2,25,21
791,145,542,1,595602,0,0,595602,5,2026-03-05,3,65,26
792,1742,529,4,89707,8970,20000,342948,9,2024-02-23,2,51,15
793,1377,424,1,520089,52008,20000,488081,6,2025-05-21,4,73,13
794,1839,250,2,237829,0,15000,490658,1,2024-12-29,2,41,8
795,1811,493,4,1174592,0,15000,4713368,5,2026-08-01,7,6,1
796,1345,546,2,555602,0,0,1111204,6,2024-01-02,4,42,26
797,1834,155,1,1317879,131787,25000,1211092,6,2025-12-18,3,61,18
798,611,48,2,1029429,0,15000,2073858,1,2026-07-12,6,37,21
799,1515,61,3,836915,0,25000,2535745,7,2023-06-25,2,49,4
800,2143,122,1,1427646,0,0,1427646,6,2023-01-29,3,49,14
801,366,237,2,1169215,0,30000,2368430,11,2025-06-13,3,46,19
802,173,43,4,1019429,50971,15000,3888832,1,2023-04-03,4,71,29
803,565,134,2,1417646,0,20000,2855292,10,2026-04-17,5,5,6
804,1575,318,2,145454,0,25000,315908,7,2026-08-25,2,45,10
805,2074,42,4,999429,0,30000,4027716,9,2026-08-23,3,28,10
806,1200,499,1,1184592,0,15000,1199592,9,2025-04-06,3,13,10
807,158,537,2,575602,0,15000,1166204,5,2025-09-19,1,24,1
808,1115,417,1,1085563,0,30000,1115563,1,2024-06-17,4,5,1
809,1463,217,2,995325,0,15000,2005650,12,2024-06-16,5,71,20
810,1709,508,2,1174592,58729,0,2231726,11,2026-01-18,3,74,28
811,449,449,1,993839,99383,10000,904456,1,2025-02-10,1,76,4
812,474,408,5,1063936,0,10000,5329680,4,2025-10-23,5,70,3
813,1556,112,2,1128263,0,15000,2271526,7,2024-08-25,1,33,21
814,1070,419,1,1085563,0,15000,1100563,2,2024-10-28,3,20,18
815,898,432,1,768998,38449,20000,750549,8,2024-12-16,4,51,8
816,663,364,4,1079326,0,20000,4337304,1,2023-12-19,3,72,28
817,2311,518,2,69707,6970,0,125474,4,2023-05-03,4,29,2
818,1380,508,1,1174592,58729,0,1115863,3,2023-07-03,5,49,13
819,1086,259,1,247829,12391,15000,250438,5,2023-06-18,1,34,26
820,1516,190,1,60278,0,15000,75278,9,2023-08-03,4,19,27
821,1697,293,2,192494,0,15000,399988,11,2026-05-12,1,74,11
822,898,475,2,445632,0,25000,916264,7,2023-08-23,4,18,8
823,2470,194,3,80278,0,20000,260834,7,2023-02-12,2,42,4
824,1280,178,3,572301,28615,0,1631058,8,2023-12-04,5,37,11
825,1274,448,1,1023839,0,0,1023839,7,2023-09-05,5,16,5
826,1444,196,1,70278,3513,15000,81765,2,2024-01-25,3,72,29
827,588,441,2,993839,0,10000,1997678,2,2024-02-09,4,47,10
828,297,10,2,273478,13673,15000,534610,11,2024-12-06,6,47,5
829,1972,348,1,1157247,57862,25000,1124385,1,2023-10-17,4,66,7
830,2153,177,2,552301,55230,10000,1004142,3,2024-07-14,4,51,20
831,842,315,1,135454,0,30000,165454,8,2024-01-21,4,68,14
832,1017,156,1,1317879,0,20000,1337879,3,2023-08-04,2,53,6
833,1839,458,4,392900,19645,20000,1513020,10,2023-09-14,3,43,8
834,2084,127,2,1417646,0,20000,2855292,8,2025-11-03,4,59,6
835,2391,155,5,1317879,0,15000,6604395,4,2024-08-25,4,10,20
836,1709,501,1,1174592,117459,10000,1067133,12,2024-02-17,8,52,28
837,2067,267,2,217829,0,30000,465658,7,2025-04-17,3,55,5
838,2054,215,3,1035325,0,10000,3115975,2,2025-06-18,1,27,4
839,1982,461,2,392900,0,10000,795800,4,2023-08-08,3,71,9
840,908,194,1,80278,0,30000,110278,12,2025-12-29,6,13,22
841,65,108,1,1128263,0,25000,1153263,3,2025-11-14,5,32,21
842,554,551,1,555602,0,25000,580602,9,2025-05-17,2,47,15
843,295,113,1,1148263,0,25000,1173263,2,2024-02-02,4,47,13
844,1008,267,3,217829,10891,25000,645814,1,2025-09-19,5,49,20
845,51,513,1,59707,0,10000,69707,6,2025-05-23,5,8,11
846,1627,39,5,791327,39566,30000,3788805,3,2024-08-16,2,40,22
847,2262,135,1,1397646,0,0,1397646,9,2025-10-09,4,19,4
848,407,251,1,217829,10891,10000,216938,9,2025-05-22,1,38,29
849,317,331,3,1157247,115724,30000,3154569,3,2023-03-09,1,68,28
850,153,490,2,455632,0,20000,931264,7,2023-05-12,4,48,9
851,2185,220,1,1035325,0,20000,1055325,11,2023-04-12,4,21,23
852,1192,43,1,1019429,0,20000,1039429,1,2023-08-21,8,68,12
853,339,288,3,192494,0,10000,587482,10,2025-07-17,4,20,20
854,214,350,3,1187247,118724,10000,3215569,1,2023-02-23,3,62,4
855,727,292,1,232494,11624,30000,250870,9,2023-01-15,3,69,15
856,704,65,1,846915,84691,10000,772224,6,2025-12-20,4,23,4
857,2442,213,1,1025325,102532,30000,952793,6,2023-11-09,4,33,1
858,460,304,2,145454,0,25000,315908,5,2023-03-18,4,63,22
859,1195,241,2,227829,11391,15000,447876,5,2025-01-23,3,59,12
860,214,59,1,1029429,0,30000,1059429,7,2026-01-23,8,28,4
861,1684,536,1,595602,29780,15000,580822,11,2025-03-29,7,47,23
862,70,287,3,222494,0,25000,692482,8,2026-08-20,2,47,29
863,56,512,2,1184592,0,25000,2394184,12,2023-03-21,4,25,22
864,1818,149,1,1287879,0,10000,1297879,10,2023-08-25,5,65,7
865,1159,198,1,50278,0,15000,65278,10,2023-01-05,4,54,24
866,76,119,1,1148263,57413,20000,1110850,10,2024-06-25,1,26,16
867,1339,191,1,60278,6027,10000,64251,7,2024-03-03,8,7,12
868,849,80,5,846915,0,10000,4244575,7,2026-03-07,5,30,1
869,480,389,1,1073936,0,25000,1098936,4,2024-04-18,7,14,28
870,262,487,1,445632,22281,0,423351,10,2023-01-16,4,38,9
871,1906,257,1,217829,0,25000,242829,10,2024-10-10,4,47,19
872,2270,76,2,856915,0,0,1713830,6,2023-03-01,5,53,14
873,954,367,1,1099326,109932,10000,999394,6,2025-06-22,3,12,26
874,1771,245,1,247829,12391,0,235438,1,2025-08-24,2,20,9
875,2160,386,1,1053936,0,0,1053936,6,2024-01-16,3,55,4
876,691,302,2,135454,0,15000,285908,8,2023-02-14,5,57,27
877,333,309,2,175454,0,20000,370908,6,2024-08-11,1,25,5
878,527,508,3,1174592,176188,25000,3020212,8,2023-11-06,5,45,16
879,1613,125,1,1397646,69882,25000,1352764,9,2023-12-01,4,77,21
880,1643,256,1,207829,0,15000,222829,2,2023-08-25,5,12,9
881,1058,167,2,542301,0,10000,1094602,9,2023-05-17,3,40,6
882,1251,427,1,1148346,0,30000,1178346,8,2025-01-16,6,10,8
883,1081,95,2,235165,0,30000,500330,10,2025-08-20,3,42,4
884,1301,55,2,1039429,103942,30000,1900974,4,2024-09-27,5,33,29
885,501,93,4,195165,19516,0,702596,7,2023-01-16,4,14,5
886,151,117,1,1108263,0,20000,1128263,4,2024-02-27,2,12,15
887,360,466,1,362900,0,15000,377900,7,2025-12-05,4,46,3
888,1064,13,1,293478,0,30000,323478,11,2025-05-14,5,41,22
889,532,409,2,1172030,117203,25000,2134654,3,2024-08-18,5,38,1
890,504,432,4,768998,0,15000,3090992,3,2023-06-03,5,39,19
891,501,260,4,247829,24782,15000,907188,11,2023-05-23,5,51,5
892,592,282,4,212494,0,10000,859976,1,2025-06-12,2,55,6
893,518,76,3,856915,85691,25000,2338672,1,2024-08-24,3,29,25
894,2448,357,1,1089326,0,25000,1114326,5,2025-11-27,2,55,20
895,1305,151,1,1307879,65393,15000,1257486,6,2025-03-11,3,25,25
896,404,444,3,1013839,50691,25000,2914444,1,2024-04-23,5,56,4
897,1326,295,1,202494,0,20000,222494,11,2023-03-11,8,14,22
898,1191,436,2,1013839,0,30000,2057678,11,2024-04-03,2,2,13
899,2226,47,2,1029429,51471,25000,1980916,12,2025-10-13,5,42,23
900,1540,55,1,1039429,0,0,1039429,12,2025-07-16,3,42,14
901,1140,291,1,202494,10124,10000,202370,12,2026-07-22,2,29,5
902,2494,481,1,425632,21281,0,404351,7,2025-01-30,1,65,11
903,640,372,3,1069326,0,30000,3237978,12,2025-01-07,5,62,11
904,200,261,5,247829,37174,10000,1063275,2,2024-10-16,4,15,3
905,1342,408,2,1063936,212787,20000,1722298,1,2025-11-27,3,46,29
906,2313,22,1,781327,0,0,781327,8,2023-12-13,4,74,24
907,2057,70,2,876915,87691,30000,1608448,7,2023-11-10,2,65,8
908,1625,211,2,995325,149298,25000,1717054,3,2023-04-12,4,37,10
909,1745,98,1,195165,9758,15000,200407,12,2023-06-07,1,49,27
910,1999,526,2,49707,7456,0,84502,9,2023-12-30,4,7,13
911,2058,207,1,1015325,0,10000,1025325,2,2025-03-17,7,59,19
912,1361,143,4,1317879,0,10000,5281516,2,2026-04-08,2,24,15
913,1599,498,1,1164592,58229,0,1106363,12,2024-11-05,5,28,12
914,1410,440,1,1013839,0,30000,1043839,2,2025-11-29,4,34,4
915,777,286,3,222494,11124,30000,664110,4,2023-07-08,5,19,12
916,1293,504,1,1194592,119459,15000,1090133,2,2024-02-17,2,40,10
917,49,259,1,247829,12391,25000,260438,8,2023-11-06,2,34,4
918,1514,521,1,89707,4485,10000,95222,11,2023-08-18,3,43,17
919,557,338,1,1187247,0,25000,1212247,12,2026-03-06,3,71,10
920,2025,230,1,1199215,0,20000,1219215,10,2025-10-03,2,45,29
921,611,228,2,1199215,0,20000,2418430,2,2025-07-18,7,17,21
922,609,88,1,205165,0,0,205165,11,2026-04-08,4,10,25
923,850,52,1,1019429,101942,15000,932487,11,2024-05-05,2,6,8
924,1066,415,5,1243713,62185,25000,5932640,5,2023-12-31,5,14,10
925,865,143,3,1317879,0,10000,3963637,3,2023-12-16,2,5,14
926,1983,256,2,207829,0,30000,445658,8,2026-02-16,5,8,29
927,1247,213,2,1025325,0,10000,2060650,9,2026-03-24,4,46,5
928,1801,532,1,59707,8956,10000,60751,2,2026-02-24,2,55,15
929,762,144,1,1277879,0,25000,1302879,10,2026-02-08,1,27,25
930,277,382,1,1033936,0,0,1033936,9,2025-07-03,6,39,27
931,2452,253,2,217829,0,20000,455658,11,2024-07-06,4,57,20
932,2228,127,1,1417646,0,20000,1437646,5,2024-04-18,1,74,15
933,1621,174,1,562301,0,15000,577301,8,2024-06-29,3,63,16
934,64,329,4,1157247,57862,15000,4412540,9,2023-02-01,4,67,14
935,838,271,2,202494,0,30000,434988,9,2023-09-24,2,4,5
936,734,238,2,1199215,0,0,2398430,3,2026-02-11,5,69,11
937,2016,493,2,1174592,176188,10000,2006808,9,2024-07-28,7,63,9
938,898,476,1,455632,0,20000,475632,2,2024-12-26,5,42,8
939,887,35,1,771327,0,20000,791327,11,2024-04-25,3,64,8
940,1645,219,3,995325,0,0,2985975,2,2023-05-05,1,56,18
941,428,341,1,1157247,0,0,1157247,8,2023-07-11,4,27,9
942,780,262,2,237829,0,20000,495658,2,2023-08-22,4,60,2
943,881,498,2,1164592,232918,10000,1873348,2,2023-01-18,1,69,10
944,562,53,4,1009429,0,15000,4052716,1,2026-04-04,4,62,27
945,396,401,1,1053936,0,20000,1073936,5,2023-10-22,7,17,9
946,1768,277,4,202494,0,10000,819976,6,2024-09-03,3,8,8
947,1346,138,2,1437646,0,15000,2890292,4,2025-05-19,5,50,6
948,491,133,1,1397646,139764,10000,1267882,12,2025-06-22,6,5,14
949,1416,489,2,465632,0,10000,941264,12,2026-06-26,3,42,26
950,2201,102,2,1148263,57413,25000,2206700,12,2023-01-23,5,34,4
951,1319,446,1,993839,49691,30000,974148,9,2024-07-22,4,11,6
952,1080,302,5,135454,0,15000,692270,11,2025-07-04,3,47,19
953,1516,334,1,1167247,0,0,1167247,3,2023-06-23,4,7,27
954,1613,511,3,1194592,0,0,3583776,1,2023-08-28,6,10,21
955,1055,81,1,205165,0,15000,220165,9,2024-04-03,5,7,13
956,1961,20,2,283478,14173,15000,553610,6,2025-03-04,7,40,27
957,1055,6,5,273478,0,0,1367390,1,2025-11-29,5,3,13
958,1689,261,3,247829,12391,25000,731314,9,2024-08-22,4,28,2
959,2194,452,1,983839,49191,20000,954648,9,2024-08-28,1,75,1
960,582,289,1,202494,0,15000,217494,1,2026-05-24,3,11,23
961,2173,41,2,1009429,0,30000,2048858,9,2024-01-30,1,15,17
962,438,394,1,1033936,0,0,1033936,2,2023-12-16,4,48,4
963,1352,24,1,791327,0,15000,806327,8,2026-03-05,6,10,9
964,1052,73,2,876915,175383,15000,1418064,8,2025-10-15,4,50,21
965,416,41,2,1009429,0,10000,2028858,2,2024-01-22,5,75,8
966,1647,484,1,425632,21281,15000,419351,2,2025-07-28,7,53,1
967,1041,300,1,165454,8272,15000,172182,11,2025-11-10,3,65,25
968,738,258,2,237829,0,30000,505658,3,2026-05-28,4,66,6
969,361,248,3,237829,0,15000,728487,11,2023-05-18,6,36,16
970,2440,161,3,582301,58230,30000,1602213,10,2025-10-06,5,12,9
971,1227,543,4,575602,0,0,2302408,10,2024-06-29,5,40,8
972,1392,262,4,237829,0,25000,976316,12,2025-02-26,2,38,5
973,2061,507,2,1204592,60229,10000,2298726,11,2026-02-21,4,62,16
974,1044,482,4,465632,23281,25000,1794404,4,2025-05-06,1,36,25
975,1437,115,2,1118263,55913,0,2124700,9,2023-10-31,3,74,15
976,1256,453,1,382900,19145,20000,383755,7,2025-07-03,3,8,23
977,335,124,2,1407646,0,10000,2825292,5,2026-06-04,3,17,9
978,2363,216,1,995325,49766,25000,970559,1,2024-12-02,4,68,16
979,1723,459,1,392900,0,0,392900,11,2024-12-28,4,56,14
980,2422,426,1,1118346,0,15000,1133346,8,2024-03-11,5,62,25
981,1113,35,1,771327,77132,20000,714195,1,2023-08-16,6,18,12
982,75,88,1,205165,10258,15000,209907,1,2025-01-17,4,69,15
983,1878,332,1,1187247,118724,30000,1098523,5,2024-10-18,2,35,20
984,1103,366,1,1079326,53966,30000,1055360,8,2026-01-30,4,50,17
985,863,248,3,237829,11891,10000,687814,6,2025-04-19,1,4,4
986,1399,221,3,1179215,58960,10000,3370765,12,2026-03-03,4,61,21
987,2163,147,1,1297879,0,30000,1327879,9,2023-09-25,4,64,9
988,2275,280,3,232494,0,30000,727482,7,2023-05-04,5,52,5
989,962,420,4,1065563,0,30000,4292252,8,2023-02-16,2,56,22
990,1083,177,2,552301,0,10000,1114602,1,2024-09-19,4,8,2
991,2471,408,3,1063936,106393,15000,2887629,8,2025-09-14,2,60,8
992,1049,143,1,1317879,0,20000,1337879,10,2025-12-12,8,9,6
993,458,399,1,1033936,103393,25000,955543,11,2026-04-15,3,61,27
994,1406,181,1,90278,0,20000,110278,6,2023-12-22,4,55,24
995,1952,543,1,575602,0,10000,585602,11,2026-06-09,1,6,14
996,2146,65,1,846915,42345,30000,834570,3,2023-02-13,4,27,5
997,1228,238,1,1199215,59960,25000,1164255,3,2025-09-10,5,36,20
998,1153,101,2,1148263,0,30000,2326526,10,2026-06-30,3,46,25
999,483,121,2,1427646,0,25000,2880292,7,2026-06-04,5,34,14
1000,1013,70,5,876915,0,25000,4409575,10,2023-03-22,4,13,23
1001,1781,366,2,1079326,0,0,2158652,1,2024-06-22,4,25,27
1002,2306,61,5,836915,41845,20000,3995350,11,2024-04-17,4,75,28
1003,632,223,2,1179215,58960,10000,2250510,4,2024-06-03,4,62,14
1004,1176,163,2,542301,0,20000,1104602,12,2025-01-01,2,62,24
1005,1256,333,1,1187247,0,0,1187247,12,2024-05-09,5,23,23
1006,1946,140,2,1407646,0,20000,2835292,2,2025-07-07,4,52,10
1007,1466,48,4,1029429,51471,15000,3926832,7,2023-11-21,2,57,28
1008,2484,150,1,1297879,0,30000,1327879,9,2026-06-18,5,32,21
1009,589,405,5,1053936,52696,30000,5036200,4,2025-08-12,4,66,7
1010,2333,275,3,222494,0,10000,677482,7,2025-12-14,5,57,6
1011,2075,500,1,1164592,58229,25000,1131363,10,2023-12-06,3,11,21
1012,1207,19,1,263478,0,25000,288478,10,2023-04-17,3,49,13
1013,749,289,1,202494,10124,20000,212370,11,2024-10-04,2,66,8
1014,577,19,1,263478,0,0,263478,1,2023-04-13,5,59,11
1015,2322,71,1,846915,42345,10000,814570,4,2023-07-29,5,59,23
1016,738,433,1,1023839,0,15000,1038839,4,2023-04-26,4,46,6
1017,123,81,2,205165,0,10000,420330,11,2024-10-12,6,11,26
1018,467,332,2,1187247,59362,20000,2275770,4,2023-03-04,3,12,10
1019,1955,59,2,1029429,0,30000,2088858,5,2024-03-24,4,73,9
1020,378,462,1,372900,0,20000,392900,1,2024-01-26,8,24,3
1021,1824,219,1,995325,0,25000,1020325,11,2023-08-01,4,6,1
1022,24,101,2,1148263,0,25000,2321526,3,2023-06-20,2,10,21
1023,648,164,4,582301,0,0,2329204,7,2026-02-03,8,10,9
1024,2148,391,1,1063936,53196,20000,1030740,11,2024-03-03,1,41,25
1025,1110,256,1,207829,0,15000,222829,2,2023-06-24,5,9,27
1026,127,34,5,771327,0,0,3856635,6,2026-02-14,1,32,3
1027,461,336,2,1157247,57862,0,2198770,3,2023-05-24,5,62,14
1028,2460,196,3,70278,0,20000,230834,10,2025-04-11,8,56,15
1029,204,336,1,1157247,0,20000,1177247,8,2025-05-04,2,45,7
1030,1120,174,1,562301,56230,15000,521071,7,2023-01-17,5,76,18
1031,2049,425,3,1148346,229669,20000,2776031,5,2024-06-23,3,14,18
1032,653,511,3,1194592,0,0,3583776,9,2025-11-27,3,13,27
1033,228,378,5,1059326,0,0,5296630,11,2025-02-22,4,43,16
1034,2008,44,2,1029429,51471,20000,1975916,7,2024-12-26,5,42,2
1035,1076,278,2,222494,0,15000,459988,5,2023-04-06,6,18,24
1036,1068,149,2,1287879,64393,30000,2476972,9,2026-07-02,1,8,13
1037,179,67,1,836915,0,10000,846915,9,2024-12-10,3,54,4
1038,1683,523,1,89707,4485,0,85222,5,2023-12-29,3,9,13
1039,2308,518,1,69707,0,0,69707,7,2025-04-21,3,69,25
1040,1799,11,1,293478,0,15000,308478,6,2023-06-10,2,74,15
1041,632,232,2,1179215,117921,20000,2142588,2,2025-08-25,3,7,14
1042,1031,125,3,1397646,0,15000,4207938,8,2024-10-02,1,56,24
1043,330,469,1,392900,0,30000,422900,1,2023-01-29,5,1,27
1044,1939,257,1,217829,0,15000,232829,7,2025-07-08,3,14,18
1045,1753,495,1,1194592,0,20000,1214592,3,2025-12-20,3,12,14
1046,653,182,2,90278,0,15000,195556,2,2026-05-22,4,34,27
1047,44,155,1,1317879,0,20000,1337879,12,2024-02-25,7,47,6
1048,1988,548,1,555602,27780,20000,547822,5,2026-06-28,6,7,28
1049,2361,105,1,1108263,0,15000,1123263,5,2025-12-08,4,37,1
1050,1602,547,5,585602,0,0,2928010,3,2025-08-10,2,44,1
1051,529,63,2,876915,43845,0,1666140,9,2025-04-09,5,70,8
1052,610,367,1,1099326,0,0,1099326,11,2023-03-20,5,22,7
1053,1632,247,1,237829,0,15000,252829,10,2023-04-07,6,46,8
1054,433,326,1,1177247,117724,20000,1079523,7,2026-06-29,5,53,11
1055,2346,416,4,1263713,0,25000,5079852,12,2023-11-07,5,25,23
1056,223,136,3,1397646,0,20000,4212938,4,2025-03-01,4,19,18
1057,607,183,1,60278,3013,15000,72265,9,2023-05-05,1,3,19
1058,1099,19,2,263478,39521,20000,467914,11,2025-03-04,5,72,10
1059,397,549,4,595602,119120,15000,1920928,1,2025-10-16,5,7,27
1060,19,448,1,1023839,51191,25000,997648,4,2026-08-03,3,73,24
1061,112,6,1,273478,0,10000,283478,6,2024-04-18,5,54,7
1062,2186,509,4,1194592,119459,15000,4315532,11,2023-01-03,4,32,8
1063,1528,6,1,273478,13673,25000,284805,11,2025-08-21,7,41,6
1064,994,60,1,1039429,0,10000,1049429,9,2026-02-09,4,74,28
1065,655,467,1,382900,19145,0,363755,1,2023-02-18,8,7,24
1066,205,122,4,1427646,0,20000,5730584,8,2024-10-18,3,27,19
1067,2081,1,2,263478,0,20000,546956,7,2026-01-15,3,21,3
1068,675,514,1,49707,0,20000,69707,6,2025-11-11,2,29,18
1069,54,380,2,1079326,0,0,2158652,6,2024-01-12,3,8,1
1070,773,338,1,1187247,59362,0,1127885,8,2023-08-28,1,71,16
1071,1942,354,1,1069326,53466,0,1015860,10,2025-11-10,2,16,17
1072,1095,90,2,235165,0,30000,500330,5,2025-12-22,1,14,15
1073,91,4,1,303478,0,15000,318478,6,2023-09-18,5,9,6
1074,1753,218,1,1025325,0,20000,1045325,10,2024-11-09,3,19,14
1075,2301,272,1,202494,30374,20000,192120,4,2025-02-22,5,6,19
1076,618,379,1,1099326,0,25000,1124326,1,2026-03-07,1,47,25
1077,814,422,3,550089,55008,0,1485243,2,2025-04-25,2,27,8
1078,841,305,2,145454,0,30000,320908,2,2025-09-04,3,73,5
1079,1763,399,2,1033936,0,20000,2087872,7,2024-03-30,3,45,7
1080,345,314,4,155454,7772,30000,620728,5,2024-02-04,7,48,5
1081,2261,121,1,1427646,71382,0,1356264,7,2025-05-11,6,30,5
1082,442,547,1,585602,87840,25000,522762,7,2026-08-30,4,30,12
1083,190,132,1,1417646,0,10000,1427646,4,2024-05-06,5,31,10
1084,2123,538,2,575602,0,0,1151204,7,2024-03-30,4,1,20
1085,1329,28,2,751327,0,20000,1522654,1,2023-10-25,1,4,18
1086,1005,446,4,993839,49691,25000,3801592,1,2024-09-27,3,64,4
1087,626,399,1,1033936,0,20000,1053936,12,2026-08-28,3,65,1
1088,1715,437,1,1003839,0,15000,1018839,8,2026-05-26,2,25,11
1089,238,539,5,585602,0,10000,2938010,1,2025-12-21,2,73,1
1090,122,96,2,205165,30774,25000,373782,8,2025-07-31,2,64,26
1091,1912,371,1,1079326,215865,20000,883461,1,2023-04-14,2,73,19
1092,1696,193,1,70278,0,25000,95278,2,2025-11-04,4,55,7
1093,2352,397,1,1043936,104393,20000,959543,9,2026-01-20,5,68,8
1094,654,499,2,1184592,0,30000,2399184,6,2023-05-10,5,22,29
1095,1091,387,1,1033936,0,20000,1053936,2,2026-01-19,4,58,17
1096,550,161,2,582301,0,30000,1194602,8,2026-05-07,4,57,27
1097,889,127,1,1417646,0,25000,1442646,9,2023-01-18,2,1,13
1098,2237,355,4,1079326,53966,15000,4116440,8,2026-06-19,6,71,15
1099,183,279,4,222494,33374,10000,766480,7,2026-03-20,2,41,10
1100,1545,469,4,392900,0,20000,1591600,2,2026-01-09,1,28,13
1101,2066,31,1,751327,75132,30000,706195,5,2023-05-24,5,8,8
1102,2482,488,2,445632,22281,10000,856702,9,2024-10-17,4,64,20
1103,36,217,1,995325,0,30000,1025325,12,2026-02-12,5,31,16
1104,438,130,1,1407646,70382,0,1337264,2,2025-06-17,3,43,4
1105,1994,101,1,1148263,114826,10000,1043437,5,2024-10-17,5,22,27
1106,1958,347,1,1187247,0,15000,1202247,10,2023-09-02,4,36,15
1107,1009,202,3,1015325,50766,25000,2918677,4,2024-05-31,2,5,24
1108,1957,419,1,1085563,0,25000,1110563,1,2024-12-21,3,57,23
1109,1124,411,1,1192030,0,0,1192030,8,2025-12-02,3,38,11
1110,1582,143,1,1317879,65893,25000,1276986,7,2025-04-12,4,44,20
1111,513,324,4,135454,0,10000,551816,9,2026-07-16,3,55,7
1112,1862,179,2,582301,0,20000,1184602,12,2025-04-03,2,54,5
1113,1112,45,1,1019429,0,0,1019429,5,2025-08-25,3,14,4
1114,2117,168,1,582301,0,25000,607301,9,2024-04-11,3,68,20
1115,970,139,3,1397646,139764,10000,3783646,11,2024-03-23,2,33,4
1116,2053,432,1,768998,38449,20000,750549,1,2025-05-16,8,30,8
1117,1645,382,1,1033936,0,25000,1058936,4,2025-01-08,6,63,18
1118,325,313,3,145454,0,20000,456362,4,2026-08-27,2,47,29
1119,1634,33,1,761327,0,10000,771327,7,2023-01-09,5,37,23
1120,149,445,1,993839,0,25000,1018839,2,2025-03-10,6,1,17
1121,2447,109,1,1108263,55413,30000,1082850,6,2023-04-07,4,40,8
1122,1274,255,1,237829,0,20000,257829,5,2024-11-26,5,52,5
1123,2011,306,3,135454,0,0,406362,6,2023-09-24,6,24,1
1124,1393,519,4,59707,5970,30000,244948,4,2023-09-25,6,8,24
1125,813,162,1,582301,58230,15000,539071,7,2025-10-19,5,73,4
1126,188,459,1,392900,39290,0,353610,8,2023-08-06,5,12,26
1127,1036,1,2,263478,13173,0,500610,7,2024-03-13,7,35,9
1128,605,470,5,382900,19145,10000,1828775,10,2023-12-27,3,40,8
1129,1387,144,4,1277879,63893,0,4855944,4,2025-04-27,5,37,3
1130,2009,270,1,192494,9624,0,182870,6,2025-10-19,2,74,7
1131,788,551,2,555602,27780,15000,1070644,9,2024-12-22,4,64,24
1132,2310,192,1,60278,0,30000,90278,6,2024-10-10,3,21,23
1133,675,234,1,1169215,0,20000,1189215,5,2025-12-20,6,30,18
1134,1009,138,2,1437646,71882,20000,2751528,5,2023-02-11,5,37,24
1135,934,149,2,1287879,0,15000,2590758,9,2024-04-10,4,55,27
1136,1157,56,1,1029429,51471,20000,997958,11,2025-10-18,2,51,16
1137,1970,154,3,1307879,0,30000,3953637,2,2024-07-15,5,73,17
1138,1680,462,2,372900,0,0,745800,10,2023-01-21,1,57,19
1139,1195,299,5,155454,0,25000,802270,2,2026-02-18,4,49,12
1140,1064,135,1,1397646,0,20000,1417646,6,2026-07-26,3,61,22
1141,738,292,2,232494,0,0,464988,6,2023-04-14,3,61,6
1142,2347,91,1,225165,33774,30000,221391,5,2026-02-28,3,45,25
1143,1435,120,2,1108263,0,15000,2231526,5,2025-02-14,2,36,8
1144,1915,28,2,751327,0,20000,1522654,4,2023-04-25,5,10,15
1145,2421,337,2,1177247,58862,10000,2246770,8,2024-05-05,3,70,11
1146,1336,22,2,781327,0,30000,1592654,2,2024-07-05,5,20,25
1147,670,76,2,856915,0,10000,1723830,11,2025-12-07,3,20,11
1148,2093,81,1,205165,10258,20000,214907,9,2023-07-13,7,75,5
1149,1903,467,1,382900,0,15000,397900,8,2024-03-21,5,4,17
1150,1520,21,2,751327,0,20000,1522654,3,2026-06-27,4,57,13
1151,735,262,2,237829,0,10000,485658,8,2025-04-08,3,20,28
1152,2032,538,1,575602,28780,0,546822,10,2023-01-07,4,31,12
1153,2476,530,1,69707,0,10000,79707,11,2025-06-22,5,25,23
1154,2413,446,3,993839,0,20000,3001517,2,2026-06-24,4,67,12
1155,1483,284,1,222494,0,25000,247494,8,2024-09-07,6,73,24
1156,2160,170,1,562301,0,30000,592301,2,2023-11-11,4,54,4
1157,429,324,2,135454,0,10000,280908,5,2024-12-21,4,58,16
1158,2024,102,1,1148263,57413,30000,1120850,4,2026-01-17,2,10,17
1159,1827,234,1,1169215,0,30000,1199215,8,2026-08-19,3,43,18
1160,261,434,2,983839,49191,20000,1889296,1,2025-02-23,3,19,2
1161,84,21,3,751327,0,20000,2273981,5,2023-08-19,4,73,5
1162,2138,476,1,455632,0,15000,470632,3,2024-12-31,2,42,2
1163,2101,55,4,1039429,51971,10000,3959832,12,2024-04-10,1,1,22
1164,884,508,3,1174592,58729,25000,3372589,12,2024-11-08,2,72,22
1165,2358,172,2,562301,56230,15000,1027142,7,2025-08-15,4,24,8
1166,1619,528,2,49707,4970,15000,104474,2,2024-01-02,2,45,26
1167,1066,212,2,1035325,0,30000,2100650,6,2023-12-01,1,58,10
1168,790,100,1,215165,10758,15000,219407,5,2026-05-19,4,15,23
1169,2313,385,2,1073936,0,30000,2177872,11,2026-04-30,4,50,24
1170,1077,208,2,995325,0,25000,2015650,12,2023-12-27,6,19,27
1171,1830,77,3,856915,42845,10000,2452210,7,2025-10-06,4,68,1
1172,23,456,1,362900,0,25000,387900,2,2024-11-09,2,16,26
1173,785,92,2,195165,9758,20000,390814,1,2023-03-04,2,62,11
1174,2372,108,1,1128263,56413,20000,1091850,2,2024-12-28,3,53,16
1175,1881,386,3,1053936,0,30000,3191808,12,2025-04-04,3,35,26
1176,1115,2,3,303478,0,10000,920434,6,2024-04-25,3,44,1
1177,1551,312,1,155454,15545,30000,169909,7,2025-07-17,5,47,11
1178,789,143,2,1317879,65893,20000,2523972,2,2025-07-26,7,8,14
1179,12,444,2,1013839,0,30000,2057678,4,2024-11-22,2,7,29
1180,1217,437,3,1003839,0,0,3011517,8,2026-06-07,3,3,15
1181,401,385,5,1073936,53696,10000,5111200,8,2025-05-06,5,29,1
1182,1319,209,3,1015325,0,10000,3055975,1,2023-01-26,4,63,6
1183,288,428,1,1138346,0,0,1138346,11,2025-12-17,6,49,18
1184,1441,58,1,1009429,0,20000,1029429,7,2023-08-17,3,7,29
1185,1776,471,1,382900,57435,0,325465,2,2024-03-27,3,59,29
1186,1923,454,2,382900,0,0,765800,5,2026-03-21,4,53,28
1187,133,397,2,1043936,52196,15000,1998480,2,2025-06-26,4,20,8
1188,2479,524,1,69707,3485,25000,91222,12,2023-11-03,4,61,2
1189,2307,521,4,89707,0,15000,373828,8,2025-07-15,5,45,17
1190,1652,544,2,565602,84840,30000,991524,3,2026-06-27,3,58,7
1191,2058,192,4,60278,0,0,241112,1,2024-06-03,5,73,19
1192,266,333,1,1187247,0,25000,1212247,1,2025-06-20,8,15,15
1193,886,394,1,1033936,0,30000,1063936,2,2024-02-03,4,42,7
1194,1828,535,5,555602,0,0,2778010,9,2025-02-21,4,24,7
1195,1662,316,4,175454,0,30000,731816,2,2024-08-24,2,54,14
1196,230,286,2,222494,0,30000,474988,4,2024-10-29,5,14,27
1197,2335,419,2,1085563,108556,25000,1979014,4,2025-02-04,1,16,3
1198,257,374,1,1059326,0,30000,1089326,10,2026-08-31,2,3,22
1199,1130,451,2,1013839,0,20000,2047678,5,2023-02-23,5,77,17
1200,246,356,2,1099326,0,15000,2213652,4,2024-06-20,1,33,6
1201,2026,96,5,205165,0,25000,1050825,3,2023-11-15,7,56,19
1202,2444,56,1,1029429,154414,20000,895015,1,2025-12-31,7,55,9
1203,298,299,1,155454,0,20000,175454,7,2025-12-06,5,50,14
1204,422,489,3,465632,0,25000,1421896,1,2023-07-16,3,53,22
1205,206,31,1,751327,0,25000,776327,11,2025-08-18,2,2,21
1206,1965,497,2,1164592,174688,30000,2009808,8,2024-06-06,3,23,5
1207,28,35,1,771327,0,0,771327,12,2024-08-06,3,67,6
1208,379,459,1,392900,58935,25000,358965,3,2025-04-27,3,40,5
1209,1245,480,1,465632,0,25000,490632,6,2026-06-04,3,65,7
1210,742,372,1,1069326,0,0,1069326,7,2024-03-09,1,30,5
1211,1075,138,5,1437646,71882,20000,6848820,8,2024-03-10,4,8,5
1212,1341,314,3,155454,0,20000,486362,4,2025-12-24,4,47,3
1213,1082,204,2,995325,49766,25000,1916118,2,2025-01-29,5,31,11
1214,18,121,1,1427646,71382,20000,1376264,5,2025-12-06,3,13,24
1215,421,216,2,995325,0,15000,2005650,4,2025-01-29,5,21,6
1216,1928,371,1,1079326,0,25000,1104326,2,2024-02-24,4,60,7
1217,684,328,1,1147247,0,10000,1157247,5,2024-10-16,3,19,4
1218,838,358,3,1099326,54966,25000,3158080,6,2023-07-16,5,56,5
1219,2260,7,1,303478,0,15000,318478,7,2023-12-06,1,34,8
1220,1336,536,1,595602,29780,25000,590822,5,2024-10-29,2,6,25
1221,2217,164,2,582301,0,15000,1179602,9,2025-09-01,5,57,7
1222,2362,194,3,80278,8027,0,216753,3,2024-01-04,5,47,29
1223,1897,223,1,1179215,176882,0,1002333,9,2025-11-03,3,18,27
1224,1713,148,3,1297879,0,20000,3913637,6,2023-10-06,8,3,9
1225,346,379,1,1099326,0,30000,1129326,12,2023-05-11,6,4,23
1226,1232,98,3,195165,0,20000,605495,6,2024-03-16,4,49,4
1227,2087,432,1,768998,76899,0,692099,8,2026-01-20,2,76,2
1228,2201,484,1,425632,0,30000,455632,6,2026-04-18,7,32,4
1229,755,78,3,846915,0,30000,2570745,4,2025-11-02,5,50,25
1230,1856,373,3,1079326,53966,20000,3096080,5,2024-11-07,3,43,8
1231,650,336,4,1157247,0,10000,4638988,9,2023-08-22,2,27,15
1232,1671,263,2,217829,0,25000,460658,12,2024-07-28,4,50,10
1233,859,531,1,59707,0,25000,84707,7,2023-09-07,4,6,12
1234,2336,208,2,995325,49766,15000,1906118,7,2025-06-04,1,68,12
1235,2125,156,2,1317879,0,20000,2655758,10,2024-02-13,2,67,18
1236,61,314,2,155454,15545,25000,304818,8,2025-02-12,3,14,3
1237,1006,432,2,768998,0,15000,1552996,6,2023-04-28,3,54,29
1238,1295,36,2,761327,76132,25000,1395390,3,2023-12-27,3,28,17
1239,689,542,2,595602,0,30000,1221204,9,2024-10-15,7,66,10
1240,1572,32,2,781327,0,0,1562654,5,2025-11-28,4,77,12
1241,837,410,1,1182030,59101,25000,1147929,11,2023-12-24,1,43,12
1242,2071,294,1,222494,0,10000,232494,8,2026-02-17,5,18,21
1243,813,178,1,572301,114460,30000,487841,8,2023-08-20,4,54,4
1244,2290,230,3,1199215,0,30000,3627645,11,2024-03-11,4,65,23
1245,1247,239,2,1189215,0,30000,2408430,10,2023-04-23,2,61,5
1246,2000,338,5,1187247,118724,25000,5367615,5,2026-03-13,5,23,18
1247,2275,125,2,1397646,0,0,2795292,12,2023-08-29,5,61,5
1248,1896,171,2,552301,0,0,1104602,7,2024-07-25,2,46,16
1249,1806,317,1,165454,0,0,165454,4,2026-06-21,2,14,16
1250,296,502,2,1174592,58729,0,2231726,12,2023-09-30,3,32,7
1251,2024,323,2,175454,26318,0,298272,9,2023-10-15,5,41,17
1252,684,25,1,771327,0,15000,786327,6,2026-06-05,2,17,4
1253,686,406,1,1073936,0,0,1073936,4,2025-07-17,4,13,22
1254,77,72,1,846915,0,15000,861915,7,2023-03-29,1,22,18
1255,799,19,1,263478,13173,0,250305,10,2023-11-16,2,72,16
1256,2445,320,1,175454,0,20000,195454,2,2023-07-06,4,31,16
1257,147,477,1,455632,22781,10000,442851,12,2025-04-05,1,37,22
1258,199,8,1,303478,0,30000,333478,6,2025-01-16,4,30,23
1259,848,372,1,1069326,106932,30000,992394,3,2024-05-08,2,42,6
1260,147,320,3,175454,0,20000,546362,8,2023-05-20,6,32,22
1261,1488,77,3,856915,0,0,2570745,11,2023-03-14,2,17,27
1262,2424,406,1,1073936,0,25000,1098936,3,2023-03-02,5,38,6
1263,1957,317,1,165454,0,15000,180454,11,2023-01-01,4,54,23
1264,1383,245,1,247829,0,10000,257829,4,2025-04-29,5,67,7
1265,1969,285,1,212494,0,25000,237494,9,2025-01-11,3,3,7
1266,114,306,1,135454,0,30000,165454,6,2023-01-24,3,6,24
1267,1271,441,2,993839,0,15000,2002678,1,2023-07-09,3,3,21
1268,2366,262,3,237829,0,15000,728487,11,2024-04-06,4,38,12
1269,1178,166,1,542301,81345,0,460956,10,2025-03-06,5,3,13
1270,875,174,1,562301,56230,15000,521071,9,2023-10-15,2,71,11
1271,29,416,2,1263713,0,20000,2547426,1,2026-05-21,5,59,25
1272,492,166,1,542301,27115,20000,535186,1,2024-12-04,4,36,20
1273,386,401,2,1053936,0,30000,2137872,9,2025-04-01,4,37,23
1274,2475,442,1,1003839,50191,10000,963648,1,2024-02-06,1,33,21
1275,1992,83,4,225165,0,20000,920660,6,2026-02-12,5,30,18
1276,1999,386,3,1053936,0,15000,3176808,3,2024-08-05,3,61,13
1277,2385,449,4,993839,0,10000,3985356,5,2023-08-24,1,47,1
1278,1509,364,1,1079326,0,0,1079326,10,2026-04-03,2,3,18
1279,2387,359,1,1079326,0,15000,1094326,5,2025-05-23,3,18,26
1280,570,261,1,247829,0,0,247829,10,2025-07-08,7,4,14
1281,2133,164,1,582301,0,30000,612301,5,2026-03-04,4,56,11
1282,1811,43,1,1019429,0,20000,1039429,5,2024-08-31,1,15,1
1283,243,439,1,1013839,0,15000,1028839,6,2025-10-04,2,26,7
1284,771,261,2,247829,12391,20000,490876,3,2023-06-14,2,70,29
1285,2360,355,1,1079326,0,20000,1099326,11,2023-02-27,3,5,21
1286,1591,254,5,247829,24782,25000,1140235,9,2023-07-17,1,35,15
1287,675,117,1,1108263,0,10000,1118263,10,2026-02-09,5,52,18
1288,424,27,3,761327,0,25000,2308981,11,2026-06-20,3,46,27
1289,447,140,3,1407646,140764,15000,3815646,12,2025-06-07,3,53,25
1290,1541,266,1,237829,11891,20000,245938,1,2025-09-09,2,72,17
1291,1446,60,2,1039429,0,30000,2108858,5,2024-06-19,5,32,19
1292,2378,159,1,1287879,0,25000,1312879,3,2026-03-20,4,66,12
1293,491,9,1,293478,14673,30000,308805,2,2025-06-03,3,33,14
1294,2166,157,1,1317879,0,10000,1327879,3,2024-05-03,1,70,27
1295,1382,121,2,1427646,0,25000,2880292,9,2025-04-18,5,5,4
1296,761,543,3,575602,0,15000,1741806,7,2024-12-15,2,63,2
1297,62,231,3,1199215,0,25000,3622645,5,2024-03-25,6,3,12
1298,1765,487,1,445632,44563,25000,426069,12,2023-08-03,2,9,27
1299,504,18,1,293478,29347,0,264131,1,2026-04-06,4,46,19
1300,1202,314,1,155454,0,0,155454,10,2025-09-20,5,15,12
1301,1013,523,1,89707,4485,20000,105222,11,2024-09-25,2,40,23
1302,477,326,2,1177247,58862,20000,2256770,10,2024-05-18,4,41,28
1303,1892,168,2,582301,0,30000,1194602,3,2026-05-12,3,61,28
1304,686,271,4,202494,10124,0,769480,11,2024-03-23,2,11,22
1305,166,335,1,1167247,58362,30000,1138885,2,2026-03-15,5,34,2
1306,957,316,1,175454,17545,20000,177909,4,2023-05-09,4,20,17
1307,2077,455,1,382900,0,30000,412900,7,2026-03-28,4,5,16
1308,356,106,1,1108263,0,10000,1118263,3,2024-12-26,4,31,29
1309,985,453,1,382900,0,20000,402900,1,2025-05-26,2,9,18
1310,309,539,5,585602,0,15000,2943010,6,2024-03-22,1,62,9
1311,1792,147,1,1297879,0,0,1297879,5,2023-09-02,5,60,29
1312,699,26,1,791327,39566,20000,771761,4,2025-02-20,4,45,9
1313,496,288,3,192494,0,15000,592482,7,2024-10-01,5,40,11
1314,795,66,2,866915,86691,25000,1585448,10,2025-07-14,4,23,14
1315,1649,237,1,1169215,0,0,1169215,11,2025-04-08,4,67,11
1316,1100,229,2,1169215,0,0,2338430,11,2026-05-22,3,47,3
1317,2078,107,1,1138263,113826,0,1024437,1,2025-08-28,4,34,12
1318,2082,39,3,791327,0,15000,2388981,7,2023-05-21,3,24,20
1319,2159,175,1,542301,27115,10000,525186,7,2026-02-12,3,5,13
1320,1874,223,3,1179215,117921,10000,3193882,10,2026-01-21,1,25,29
1321,2115,88,1,205165,0,10000,215165,4,2023-07-11,4,67,16
1322,1252,348,1,1157247,0,0,1157247,11,2023-01-15,5,68,24
1323,1136,115,2,1118263,55913,15000,2139700,5,2024-04-15,4,75,21
1324,1955,203,2,1015325,101532,25000,1852586,4,2024-01-14,5,30,9
1325,539,166,2,542301,0,25000,1109602,6,2025-08-30,1,27,25
1326,760,374,2,1059326,158898,10000,1810856,3,2026-04-02,1,12,4
1327,1629,499,1,1184592,0,30000,1214592,9,2024-02-14,2,40,23
1328,1940,534,1,585602,0,10000,595602,5,2023-05-29,4,77,7
1329,1934,164,1,582301,29115,25000,578186,1,2023-01-30,4,44,25
1330,1017,91,1,225165,0,10000,235165,11,2023-03-04,4,32,6
1331,2497,227,2,1179215,176882,15000,2019666,10,2025-06-28,6,29,23
1332,2279,159,5,1287879,0,20000,6459395,9,2023-04-29,4,13,1
1333,1744,357,1,1089326,54466,10000,1044860,7,2024-07-14,5,76,5
1334,609,249,4,237829,0,0,951316,11,2025-11-23,3,39,25
1335,1698,102,3,1148263,0,15000,3459789,11,2025-11-13,3,21,22
1336,213,399,1,1033936,0,0,1033936,5,2024-04-18,4,50,25
1337,154,87,1,235165,0,10000,245165,1,2025-10-03,4,33,1
1338,1793,108,5,1128263,0,0,5641315,4,2024-08-26,8,54,29
1339,1168,458,1,392900,0,20000,412900,8,2023-09-20,2,70,19
1340,2279,436,2,1013839,101383,10000,1834912,3,2026-08-17,5,58,1
1341,1669,26,2,791327,0,25000,1607654,11,2025-07-29,5,43,22
1342,272,246,1,207829,0,20000,227829,8,2026-08-04,3,38,13
1343,1692,258,2,237829,11891,20000,471876,4,2023-06-02,6,32,2
1344,1522,427,3,1148346,172251,15000,2943285,6,2025-09-01,3,62,28
1345,1973,508,4,1174592,58729,25000,4488452,10,2025-07-16,2,36,14
1346,2069,240,1,1169215,0,20000,1189215,9,2024-11-25,3,73,5
1347,779,387,1,1033936,0,15000,1048936,1,2023-12-07,3,24,27
1348,1598,509,2,1194592,0,0,2389184,9,2024-12-20,8,23,22
1349,1364,74,4,836915,0,30000,3377660,4,2026-06-19,1,57,3
1350,854,166,2,542301,0,10000,1094602,9,2025-04-21,5,4,5
1351,877,503,1,1204592,0,20000,1224592,9,2024-09-14,4,2,7
1352,1538,327,1,1177247,0,0,1177247,2,2025-11-15,4,76,4
1353,13,508,3,1174592,0,25000,3548776,11,2025-08-05,5,11,8
1354,524,312,1,155454,15545,15000,154909,3,2024-04-26,4,46,13
1355,271,414,1,1253713,0,15000,1268713,5,2023-03-29,3,67,19
1356,870,153,2,1277879,0,30000,2585758,8,2025-02-13,6,1,4
1357,1616,61,4,836915,0,15000,3362660,9,2024-11-29,4,37,26
1358,209,415,1,1243713,0,30000,1273713,7,2023-08-26,3,15,14
1359,274,352,1,1177247,0,20000,1197247,1,2025-04-15,3,22,7
1360,1196,384,1,1063936,53196,30000,1040740,9,2024-08-23,4,11,29
1361,873,236,3,1199215,119921,25000,3262882,6,2024-08-23,7,59,16
1362,1483,270,1,192494,0,20000,212494,5,2024-11-11,4,24,24
1363,88,382,1,1033936,155090,25000,903846,11,2025-05-05,2,40,25
1364,2412,446,2,993839,49691,30000,1918296,12,2026-05-30,1,15,2
1365,1910,328,2,1147247,0,15000,2309494,11,2025-11-18,2,3,3
1366,1717,229,4,1169215,116921,15000,4224176,3,2024-01-31,3,50,28
1367,2310,247,3,237829,0,10000,723487,12,2023-09-05,2,27,23
1368,2461,299,1,155454,0,30000,185454,4,2023-02-15,2,36,28
1369,1354,451,2,1013839,152075,0,1723528,8,2024-10-24,6,24,8
1370,1643,397,3,1043936,104393,10000,2828629,1,2024-12-02,6,49,9
1371,860,430,1,748998,0,20000,768998,11,2026-08-05,4,48,23
1372,216,292,1,232494,23249,20000,229245,7,2023-08-12,4,63,5
1373,1480,207,2,1015325,0,15000,2045650,7,2026-05-26,5,62,14
1374,1917,82,2,205165,20516,15000,384298,8,2024-03-22,3,75,25
1375,542,31,3,751327,0,15000,2268981,1,2023-08-31,3,21,1
1376,1138,306,1,135454,0,20000,155454,8,2026-01-07,5,52,25
1377,1143,124,1,1407646,140764,20000,1286882,9,2026-03-16,4,67,13
1378,2074,401,2,1053936,0,25000,2132872,9,2025-05-23,5,55,10
1379,2314,81,5,205165,10258,0,974535,4,2024-04-20,4,42,24
1380,157,293,2,192494,0,15000,399988,5,2026-04-11,3,24,5
1381,219,464,1,372900,0,15000,387900,3,2025-07-27,3,62,23
1382,1688,66,1,866915,0,15000,881915,11,2026-02-22,4,21,15
1383,1947,284,4,222494,22249,15000,815980,10,2026-01-30,8,32,13
1384,508,259,1,247829,0,10000,257829,3,2026-06-05,3,72,27
1385,936,322,1,135454,0,30000,165454,9,2023-03-05,6,48,3
1386,2027,492,1,455632,91126,20000,384506,2,2025-12-31,3,25,23
1387,883,178,5,572301,57230,20000,2595355,8,2026-03-25,5,39,19
1388,1003,95,3,235165,23516,20000,654947,7,2025-03-18,1,24,15
1389,1665,451,2,1013839,50691,0,1926296,4,2025-04-12,3,29,2
1390,1607,213,3,1025325,0,10000,3085975,4,2026-02-24,1,19,2
1391,532,311,2,165454,24818,25000,306272,1,2025-04-19,3,33,1
1392,1625,376,3,1099326,54966,25000,3158080,1,2025-04-04,4,41,10
1393,1615,305,1,145454,0,15000,160454,11,2024-04-05,7,44,4
1394,423,136,1,1397646,69882,20000,1347764,9,2024-08-11,2,5,27
1395,724,544,2,565602,28280,25000,1099644,1,2023-06-06,2,4,19
1396,668,20,1,283478,28347,15000,270131,11,2026-04-21,1,46,12
1397,2149,437,2,1003839,0,0,2007678,10,2025-03-28,6,22,8
1398,771,92,3,195165,0,10000,595495,1,2024-03-23,5,35,29
1399,1284,468,1,392900,0,30000,422900,8,2023-09-09,5,55,21
1400,1710,96,2,205165,0,20000,430330,12,2025-11-25,3,74,2
1401,990,232,1,1179215,58960,20000,1140255,10,2024-02-09,6,40,12
1402,82,96,2,205165,10258,15000,404814,7,2023-11-13,3,11,12
1403,718,373,1,1079326,107932,15000,986394,4,2025-04-28,1,10,26
1404,1258,65,2,846915,84691,10000,1534448,11,2025-12-30,4,53,12
1405,576,218,1,1025325,51266,15000,989059,6,2025-01-24,5,37,12
1406,261,131,3,1407646,0,10000,4232938,9,2025-05-29,5,36,2
1407,1864,178,1,572301,0,30000,602301,10,2025-04-22,1,66,27
1408,709,523,4,89707,0,15000,373828,6,2026-06-18,4,28,29
1409,1074,185,1,50278,5027,10000,55251,9,2024-11-26,5,55,17
1410,10,509,2,1194592,0,10000,2399184,9,2026-08-17,5,37,12
1411,1365,75,1,876915,0,0,876915,5,2025-07-20,4,12,26
1412,1300,19,1,263478,0,30000,293478,6,2025-10-27,3,41,15
1413,1711,360,1,1079326,0,20000,1099326,11,2024-07-05,4,56,25
1414,393,358,3,1099326,54966,10000,3143080,3,2023-08-11,4,43,20
1415,5,238,1,1199215,0,20000,1219215,10,2024-05-03,3,33,26
1416,524,17,2,263478,13173,30000,530610,10,2024-07-09,1,22,13
1417,441,364,4,1079326,0,20000,4337304,4,2024-03-07,4,2,10
1418,774,28,3,751327,0,15000,2268981,11,2024-12-01,4,27,16
1419,652,398,1,1073936,0,30000,1103936,12,2024-01-17,3,48,25
1420,1568,152,4,1287879,64393,25000,4918944,7,2024-12-10,4,45,16
1421,2238,225,3,1179215,0,25000,3562645,10,2025-06-25,2,38,27
1422,294,31,2,751327,0,0,1502654,9,2024-03-01,7,66,23
1423,1823,451,2,1013839,0,25000,2052678,1,2024-12-24,6,73,28
1424,1976,185,2,50278,0,25000,125556,4,2024-11-27,3,2,3
1425,2298,443,3,1013839,0,20000,3061517,11,2023-05-26,5,3,10
1426,1198,350,3,1187247,0,30000,3591741,12,2025-07-12,3,49,7
1427,1916,4,4,303478,0,20000,1233912,9,2026-08-04,1,65,6
1428,1461,533,1,575602,28780,0,546822,9,2025-07-04,5,5,6
1429,142,498,1,1164592,0,0,1164592,10,2023-09-28,3,7,22
1430,1178,214,2,1035325,103532,15000,1878586,5,2025-08-05,6,62,13
1431,779,172,1,562301,28115,30000,564186,5,2025-10-10,5,2,27
1432,965,104,2,1118263,0,25000,2261526,12,2025-09-05,4,1,21
1433,277,186,1,70278,0,20000,90278,3,2023-09-05,4,10,27
1434,1035,129,4,1427646,0,30000,5740584,7,2025-03-19,5,54,7
1435,1125,496,1,1164592,0,20000,1184592,4,2025-05-10,4,45,18
1436,1815,350,1,1187247,0,30000,1217247,9,2024-01-10,5,32,18
1437,790,12,2,303478,0,30000,636956,11,2023-08-06,3,68,23
1438,732,93,1,195165,0,0,195165,8,2024-03-29,5,38,5
1439,1570,387,2,1033936,0,10000,2077872,9,2023-05-23,6,49,13
1440,1216,152,2,1287879,0,0,2575758,3,2023-02-19,3,28,19
1441,1232,392,3,1063936,0,15000,3206808,1,2023-09-25,4,49,4
1442,1612,63,1,876915,0,20000,896915,9,2023-04-09,6,69,17
1443,674,75,1,876915,0,0,876915,3,2026-06-20,1,4,8
1444,1054,483,2,455632,0,30000,941264,2,2025-10-28,2,59,16
1445,1413,401,1,1053936,105393,30000,978543,11,2023-05-05,3,48,1
1446,1494,461,2,392900,0,30000,815800,11,2025-07-19,2,60,20
1447,2413,287,3,222494,0,0,667482,10,2024-10-17,5,75,12
1448,891,495,2,1194592,179188,30000,2060808,6,2026-07-05,5,21,4
1449,177,551,1,555602,27780,10000,537822,4,2024-03-20,2,4,25
1450,2231,179,1,582301,58230,0,524071,3,2024-06-24,1,51,7
1451,1432,346,1,1147247,0,10000,1157247,10,2025-08-17,5,56,18
1452,367,435,1,1023839,0,15000,1038839,8,2024-08-18,1,19,4
1453,829,54,1,1009429,0,25000,1034429,8,2026-07-23,2,23,5
1454,923,255,3,237829,0,30000,743487,9,2025-03-06,6,2,11
1455,2112,440,4,1013839,0,0,4055356,6,2026-01-01,2,65,7
1456,1240,312,2,155454,0,0,310908,6,2023-02-12,3,60,7
1457,520,95,1,235165,23516,0,211649,9,2025-09-17,5,14,11
1458,2313,544,4,565602,28280,20000,2169288,4,2023-01-02,6,48,24
1459,350,342,1,1177247,58862,20000,1138385,11,2023-09-21,2,58,10
1460,298,13,1,293478,0,20000,313478,9,2023-08-23,4,56,14
1461,1717,315,1,135454,13545,10000,131909,10,2024-07-15,3,40,28
1462,2250,344,1,1167247,116724,15000,1065523,6,2025-05-25,7,23,27
1463,1882,455,4,382900,38290,30000,1408440,4,2024-10-12,4,74,2
1464,363,398,2,1073936,53696,0,2040480,3,2025-02-04,2,32,18
1465,124,103,1,1138263,0,25000,1163263,11,2025-09-10,3,8,3
1466,315,360,2,1079326,0,25000,2183652,7,2025-06-19,4,29,19
1467,916,60,2,1039429,103942,20000,1890974,12,2023-10-16,2,76,24
1468,309,94,1,235165,0,30000,265165,4,2025-05-07,4,30,9
1469,1193,94,1,235165,0,20000,255165,12,2025-10-31,2,66,7
1470,1315,419,1,1085563,0,0,1085563,10,2023-06-28,7,69,26
1471,1440,86,2,205165,0,15000,425330,5,2023-04-29,6,73,29
1472,1669,256,1,207829,0,30000,237829,9,2024-02-24,8,64,22
1473,1020,292,1,232494,11624,30000,250870,12,2025-06-26,3,55,26
1474,1588,148,1,1297879,194681,20000,1123198,4,2025-08-07,5,3,10
1475,1668,293,1,192494,0,25000,217494,3,2026-06-18,4,51,28
1476,968,310,2,145454,0,25000,315908,11,2025-12-17,5,23,7
1477,1375,107,1,1138263,0,25000,1163263,1,2026-04-10,5,72,17
1478,1428,272,2,202494,0,20000,424988,8,2024-10-01,2,27,25
1479,419,192,1,60278,0,10000,70278,9,2024-04-02,4,60,2
1480,1649,229,1,1169215,0,0,1169215,12,2025-03-16,4,33,11
1481,1916,436,1,1013839,0,10000,1023839,10,2024-06-19,3,52,6
1482,1357,118,1,1138263,0,0,1138263,2,2025-11-22,4,60,4
1483,1014,381,2,1033936,0,30000,2097872,6,2023-08-02,4,34,9
1484,1861,30,2,761327,38066,0,1446522,6,2026-08-08,4,57,25
1485,1363,540,5,565602,28280,20000,2706610,9,2024-06-16,3,59,27
1486,1222,118,1,1138263,0,0,1138263,7,2025-11-26,2,6,23
1487,2195,241,1,227829,0,25000,252829,3,2025-10-11,2,33,25
1488,520,294,3,222494,0,20000,687482,11,2025-01-12,5,25,11
1489,1018,317,1,165454,8272,30000,187182,5,2025-01-16,5,53,6
1490,1074,102,1,1148263,172239,30000,1006024,11,2023-08-07,2,13,17
1491,1895,228,2,1199215,0,30000,2428430,10,2024-08-22,2,65,23
1492,964,321,2,175454,8772,25000,358364,12,2026-08-28,8,2,9
1493,552,470,1,382900,0,20000,402900,12,2023-07-22,7,14,25
1494,1578,514,5,49707,0,25000,273535,10,2024-10-20,1,13,20
1495,1155,278,1,222494,11124,0,211370,1,2025-07-12,6,25,9
1496,2204,164,1,582301,116460,0,465841,5,2023-02-28,5,13,28
1497,1594,334,2,1167247,0,0,2334494,10,2026-05-24,2,32,5
1498,1724,258,1,237829,11891,30000,255938,8,2025-08-09,3,17,14
1499,59,173,1,572301,57230,15000,530071,7,2025-12-10,3,6,22
1500,2271,9,1,293478,0,30000,323478,9,2023-01-28,5,71,22
1501,56,8,2,303478,0,0,606956,4,2025-11-13,3,59,22
1502,630,407,3,1043936,104393,30000,2848629,12,2026-01-06,2,20,8
1503,781,11,1,293478,0,25000,318478,7,2023-04-15,1,74,13
1504,682,210,4,995325,99532,20000,3603172,7,2023-12-15,6,22,17
1505,1501,276,1,222494,0,25000,247494,1,2023-08-20,8,58,1
1506,520,466,2,362900,0,30000,755800,3,2023-01-06,4,72,11
1507,888,341,2,1157247,0,15000,2329494,12,2025-04-17,4,50,19
1508,2292,500,2,1164592,58229,25000,2237726,10,2024-02-15,3,12,7
1509,2497,145,3,1317879,0,10000,3963637,9,2023-04-19,3,65,23
1510,1866,153,4,1277879,0,15000,5126516,4,2024-12-14,3,67,10
1511,400,446,1,993839,0,15000,1008839,9,2026-06-01,3,63,1
1512,852,19,2,263478,0,25000,551956,5,2025-01-18,3,75,12
1513,234,305,1,145454,7272,25000,163182,11,2026-05-16,3,21,27
1514,173,192,1,60278,0,15000,75278,5,2026-08-28,3,70,29
1515,291,124,1,1407646,0,25000,1432646,9,2023-06-15,3,39,25
1516,1982,277,2,202494,0,0,404988,3,2026-01-02,4,54,9
1517,2264,530,5,69707,3485,30000,361110,1,2024-01-12,4,64,28
1518,88,58,2,1009429,0,15000,2033858,1,2024-01-15,4,11,25
1519,2039,293,3,192494,9624,20000,568610,3,2026-03-13,3,17,3
1520,1409,383,4,1063936,106393,25000,3855172,12,2024-11-07,1,71,15
1521,1739,14,1,283478,14173,30000,299305,2,2024-07-03,4,17,26
1522,1558,157,1,1317879,0,15000,1332879,11,2024-03-08,4,37,15
1523,153,5,1,273478,13673,0,259805,1,2025-09-17,4,51,9
1524,1837,143,1,1317879,65893,20000,1271986,6,2026-08-25,1,61,4
1525,653,295,2,202494,20249,15000,379490,4,2025-09-19,4,7,27
1526,871,342,1,1177247,176587,25000,1025660,10,2025-12-24,1,13,4
1527,152,428,1,1138346,113834,15000,1039512,11,2023-04-27,4,11,6
1528,59,271,4,202494,0,0,809976,3,2025-10-31,4,25,22
1529,1295,489,4,465632,46563,10000,1686276,7,2023-02-01,2,72,17
1530,767,514,3,49707,2485,15000,156666,6,2026-08-29,7,46,29
1531,569,340,2,1177247,0,20000,2374494,6,2024-12-11,5,4,11
1532,1575,274,5,192494,9624,25000,939350,7,2025-05-22,2,40,10
1533,1938,115,1,1118263,0,0,1118263,6,2025-11-10,2,34,2
1534,1086,349,3,1177247,0,15000,3546741,9,2025-04-09,3,45,26
1535,2397,272,2,202494,30374,15000,359240,1,2023-10-07,3,37,29
1536,1276,381,1,1033936,51696,10000,992240,8,2023-08-31,5,6,6
1537,2472,343,2,1157247,0,25000,2339494,7,2025-05-25,2,16,7
1538,2191,452,3,983839,0,30000,2981517,6,2024-02-10,4,73,20
1539,670,183,2,60278,0,30000,150556,11,2024-07-26,2,20,11
1540,314,472,3,372900,18645,30000,1092765,9,2024-08-14,1,1,20
1541,1546,453,2,382900,38290,15000,704220,4,2023-08-10,6,49,3
1542,1082,3,3,263478,13173,25000,775915,2,2023-04-16,2,34,11
1543,1703,278,1,222494,0,30000,252494,8,2024-04-02,3,50,22
1544,2185,218,2,1025325,102532,0,1845586,12,2025-11-24,3,12,23
1545,1969,471,1,382900,0,25000,407900,9,2025-12-14,4,38,7
1546,333,425,2,1148346,0,30000,2326692,12,2024-01-23,1,58,5
1547,149,29,3,751327,0,30000,2283981,7,2026-03-01,1,3,17
1548,1305,502,1,1174592,0,30000,1204592,9,2025-01-28,8,39,25
1549,1505,551,3,555602,55560,20000,1520126,6,2024-11-19,4,73,27
1550,699,426,2,1118346,0,0,2236692,4,2023-07-12,4,58,9
1551,448,533,2,575602,0,15000,1166204,5,2024-03-05,4,14,28
1552,967,268,1,227829,0,10000,237829,6,2023-12-17,2,67,5
1553,742,296,1,222494,11124,0,211370,7,2023-04-25,6,23,5
1554,1106,213,1,1025325,51266,25000,999059,7,2025-08-10,2,26,22
1555,2031,57,1,1009429,0,20000,1029429,1,2023-10-02,3,17,5
1556,305,46,5,1009429,0,30000,5077145,7,2025-12-10,5,30,6
1557,1122,213,1,1025325,102532,0,922793,12,2024-08-30,2,49,20
1558,1007,376,1,1099326,0,30000,1129326,3,2024-03-02,3,76,16
1559,2029,39,3,791327,0,10000,2383981,12,2026-01-25,1,12,9
1560,933,360,3,1079326,0,20000,3257978,4,2024-07-04,2,49,27
1561,1499,45,1,1019429,50971,25000,993458,7,2025-11-05,3,7,17
1562,581,252,1,217829,10891,10000,216938,5,2026-07-21,5,5,10
1563,1476,243,1,217829,21782,0,196047,4,2024-10-16,7,3,27
1564,1091,375,2,1059326,0,20000,2138652,11,2023-01-09,3,22,17
1565,1098,53,2,1009429,0,15000,2033858,11,2024-02-07,3,29,25
1566,1370,375,5,1059326,52966,10000,5041800,10,2024-03-24,4,72,14
1567,2154,158,2,1297879,0,25000,2620758,8,2023-05-10,4,39,11
1568,1596,44,1,1029429,0,30000,1059429,12,2025-12-21,3,27,7
1569,2149,4,1,303478,0,20000,323478,1,2024-02-19,4,74,8
1570,42,312,1,155454,0,0,155454,6,2024-08-14,2,2,19
1571,1690,402,1,1033936,0,25000,1058936,10,2024-11-13,4,5,9
1572,1630,331,2,1157247,115724,25000,2108046,12,2026-08-15,4,18,5
1573,828,174,1,562301,0,15000,577301,1,2023-12-02,2,52,6
1574,263,108,3,1128263,112826,25000,3071311,2,2024-05-04,4,32,7
1575,992,349,2,1177247,0,15000,2369494,3,2025-02-20,8,7,6
1576,2243,408,1,1063936,0,10000,1073936,7,2023-11-12,2,16,25
1577,9,135,2,1397646,69882,15000,2670528,5,2024-07-06,2,77,19
1578,700,295,1,202494,0,10000,212494,12,2023-11-16,4,8,1
1579,112,99,1,195165,19516,25000,200649,3,2023-01-31,6,70,7
1580,1085,242,1,217829,21782,25000,221047,4,2023-11-26,1,43,6
1581,663,331,5,1157247,0,30000,5816235,7,2024-04-16,6,24,28
1582,1150,532,1,59707,2985,20000,76722,9,2026-04-20,3,77,20
1583,1878,372,1,1069326,0,15000,1084326,4,2025-07-19,1,1,20
1584,1905,41,2,1009429,100942,10000,1826974,4,2026-08-07,5,49,28
1585,528,497,4,1164592,0,30000,4688368,7,2023-04-23,7,61,12
1586,1727,71,1,846915,0,20000,866915,3,2023-12-02,2,38,9
1587,2451,482,2,465632,23281,10000,894702,12,2024-10-19,4,24,20
1588,796,515,1,79707,0,20000,99707,3,2024-09-07,2,22,6
1589,658,543,3,575602,0,25000,1751806,2,2024-01-17,5,26,25
1590,1333,181,2,90278,0,15000,195556,1,2025-10-21,4,50,28
1591,1988,29,3,751327,0,0,2253981,11,2023-10-24,5,13,28
1592,1226,77,1,856915,42845,10000,824070,3,2024-07-23,2,33,10
1593,1589,454,2,382900,0,25000,790800,12,2025-01-27,5,45,21
1594,1146,425,4,1148346,172251,30000,3934380,11,2023-03-12,2,59,22
1595,463,361,4,1069326,53466,25000,4088440,12,2024-07-24,5,30,24
1596,2140,458,2,392900,0,25000,810800,10,2024-02-29,1,3,16
1597,993,34,2,771327,38566,15000,1480522,6,2024-11-28,4,74,11
1598,243,521,2,89707,0,15000,194414,8,2024-12-08,5,17,7
1599,746,196,1,70278,7027,0,63251,2,2024-04-05,4,72,1
1600,2470,311,2,165454,8272,20000,334364,5,2025-06-11,4,60,4
1601,1434,173,2,572301,0,15000,1159602,12,2026-07-14,4,47,7
1602,1560,372,1,1069326,53466,25000,1040860,3,2026-08-16,2,59,12
1603,708,341,3,1157247,57862,30000,3328155,5,2023-01-02,4,14,11
1604,255,377,1,1059326,105932,10000,963394,2,2023-08-15,4,19,14
1605,1672,457,1,362900,0,30000,392900,5,2025-05-15,6,7,1
1606,2329,412,1,1212030,0,10000,1222030,5,2024-10-03,2,22,24
1607,1331,204,5,995325,0,0,4976625,5,2024-08-14,3,29,18
1608,1672,69,1,876915,0,15000,891915,12,2023-10-15,5,27,1
1609,292,354,1,1069326,0,10000,1079326,1,2025-09-06,5,9,27
1610,1685,547,1,585602,0,25000,610602,12,2024-11-17,6,47,25
1611,320,191,1,60278,3013,10000,67265,7,2024-05-08,5,36,12
1612,1820,289,1,202494,10124,0,192370,11,2026-04-16,3,49,16
1613,1155,168,2,582301,0,0,1164602,11,2024-08-17,4,4,9
1614,2148,82,2,205165,0,30000,440330,3,2025-07-31,1,38,25
1615,2146,10,1,273478,41021,30000,262457,3,2024-08-16,3,14,5
1616,2086,494,1,1164592,0,0,1164592,10,2023-08-19,3,9,27
1617,253,450,1,983839,0,30000,1013839,5,2023-04-22,1,73,10
1618,127,291,2,202494,0,0,404988,7,2023-12-21,5,38,3
1619,1086,88,1,205165,0,20000,225165,5,2023-04-26,1,27,26
1620,120,357,1,1089326,0,10000,1099326,12,2023-06-03,1,67,19
1621,1867,325,1,1147247,114724,0,1032523,8,2025-11-17,5,46,15
1622,475,274,1,192494,0,15000,207494,6,2026-08-19,6,52,10
1623,2322,360,1,1079326,215865,10000,873461,8,2023-02-13,6,7,23
1624,267,351,3,1157247,57862,0,3298155,6,2023-11-16,2,16,17
1625,325,445,1,993839,49691,0,944148,6,2023-08-29,3,25,29
1626,459,37,1,791327,39566,15000,766761,5,2024-06-23,1,64,11
1627,1301,357,1,1089326,0,20000,1109326,2,2024-01-18,2,24,29
1628,29,450,1,983839,0,25000,1008839,5,2023-10-26,4,42,25
1629,1232,21,2,751327,37566,30000,1457522,12,2023-12-29,5,55,4
1630,526,326,3,1177247,0,10000,3541741,2,2026-04-29,3,2,15
1631,2356,244,3,217829,32674,0,555465,12,2026-04-07,6,35,7
1632,106,518,1,69707,3485,30000,96222,10,2023-05-01,2,18,2
1633,757,529,2,89707,4485,30000,200444,12,2026-08-09,1,76,11
1634,615,365,1,1089326,0,15000,1104326,1,2024-06-10,5,20,17
1635,1747,267,2,217829,21782,10000,402094,12,2025-04-09,4,56,10
1636,2439,404,3,1053936,52696,25000,3028720,2,2026-07-04,1,5,7
1637,288,176,2,542301,0,30000,1114602,3,2024-11-15,5,35,18
1638,79,437,1,1003839,50191,25000,978648,11,2024-01-23,4,50,22
1639,1880,520,1,79707,7970,0,71737,3,2025-07-21,4,33,25
1640,2062,229,2,1169215,0,30000,2368430,4,2023-04-21,4,25,29
1641,1456,466,2,362900,0,25000,750800,4,2023-07-18,2,56,13
1642,344,397,2,1043936,0,0,2087872,3,2025-02-28,3,76,8
1643,480,144,1,1277879,63893,0,1213986,9,2024-10-28,5,54,28
1644,1734,114,5,1138263,0,25000,5716315,11,2026-04-16,3,31,20
1645,111,185,2,50278,5027,20000,110502,4,2026-07-03,5,53,26
1646,2166,428,1,1138346,0,10000,1148346,10,2023-02-12,5,45,27
1647,1603,401,2,1053936,52696,20000,2022480,12,2023-04-01,1,44,25
1648,82,539,2,585602,0,15000,1186204,1,2024-12-26,5,7,12
1649,894,45,1,1019429,0,15000,1034429,12,2026-01-28,1,76,4
1650,147,360,5,1079326,0,20000,5416630,5,2025-10-31,6,10,22
1651,2351,295,3,202494,0,15000,622482,2,2026-04-13,2,51,1
1652,1523,14,2,283478,0,20000,586956,10,2023-04-09,3,16,9
1653,2068,113,2,1148263,57413,25000,2206700,4,2026-07-14,5,53,24
1654,2138,270,2,192494,0,10000,394988,2,2025-10-07,5,58,2
1655,1144,96,5,205165,20516,20000,943245,6,2025-06-25,3,3,2
1656,1144,193,3,70278,3513,30000,230295,12,2023-03-25,5,14,2
1657,1826,363,2,1069326,213865,10000,1720922,10,2024-11-11,5,42,11
1658,2206,254,3,247829,24782,0,669141,10,2023-04-18,6,8,4
1659,1739,508,1,1174592,117459,20000,1077133,7,2024-03-12,5,61,26
1660,834,333,4,1187247,0,10000,4758988,12,2025-01-22,3,64,21
1661,828,140,1,1407646,0,10000,1417646,9,2024-08-05,1,6,6
1662,850,505,2,1204592,0,0,2409184,11,2023-02-22,1,19,8
1663,2060,156,3,1317879,0,0,3953637,7,2023-01-12,5,2,4
1664,101,476,1,455632,0,0,455632,7,2026-05-08,5,11,9
1665,76,511,4,1194592,59729,15000,4554452,10,2026-02-26,3,7,16
1666,915,296,2,222494,11124,30000,452740,11,2024-07-28,1,19,16
1667,692,478,2,425632,21281,10000,818702,1,2023-09-14,3,44,19
1668,155,174,2,562301,0,30000,1154602,9,2024-07-04,5,39,10
1669,1457,340,2,1177247,0,30000,2384494,6,2025-04-24,4,50,6
1670,2078,411,4,1192030,0,10000,4778120,8,2026-01-12,4,36,12
1671,780,65,2,846915,0,10000,1703830,9,2024-12-22,4,57,2
1672,346,312,1,155454,0,30000,185454,4,2025-04-20,5,57,23
1673,1548,38,2,761327,0,25000,1547654,6,2024-04-19,3,29,10
1674,2470,314,1,155454,0,0,155454,4,2025-08-16,4,33,4
1675,2345,17,1,263478,13173,25000,275305,8,2024-01-04,2,69,27
1676,644,208,1,995325,0,15000,1010325,3,2024-12-01,1,15,17
1677,2015,413,2,1243713,186556,25000,2139314,2,2025-05-23,3,3,16
1678,1750,325,2,1147247,57362,25000,2204770,12,2025-02-13,4,40,19
1679,1514,432,1,768998,0,25000,793998,6,2023-09-23,2,33,17
1680,171,308,2,145454,0,0,290908,10,2026-07-31,4,71,22
1681,794,540,4,565602,0,30000,2292408,7,2025-03-28,3,3,12
1682,491,264,1,237829,35674,20000,222155,3,2025-12-07,8,52,14
1683,923,188,2,60278,0,0,120556,4,2024-11-08,3,3,11
1684,69,478,4,425632,0,25000,1727528,5,2025-09-08,1,68,18
1685,2116,436,4,1013839,0,15000,4070356,12,2025-10-13,1,29,7
1686,1136,327,1,1177247,0,25000,1202247,12,2024-05-03,8,33,21
1687,1120,90,2,235165,0,20000,490330,2,2024-12-11,4,39,18
1688,2013,315,1,135454,0,0,135454,5,2026-08-25,4,29,23
1689,545,47,3,1029429,51471,30000,2963874,12,2025-12-13,1,8,29
1690,2083,439,1,1013839,50691,15000,978148,6,2025-06-26,1,25,22
1691,1984,393,2,1073936,0,20000,2167872,4,2024-10-14,5,28,19
1692,279,276,1,222494,11124,20000,231370,6,2025-03-07,3,12,9
1693,918,154,2,1307879,65393,20000,2504972,11,2025-06-08,5,36,29
1694,641,271,2,202494,20249,15000,379490,2,2025-11-07,4,57,17
1695,664,461,2,392900,39290,20000,727220,7,2025-12-16,2,9,22
1696,1602,31,1,751327,0,0,751327,5,2024-06-17,4,4,1
1697,252,159,1,1287879,193181,10000,1104698,11,2023-05-04,6,43,12
1698,1748,130,1,1407646,0,30000,1437646,9,2026-05-14,5,61,18
1699,1961,392,1,1063936,0,10000,1073936,8,2025-09-05,2,16,27
1700,1412,118,4,1138263,56913,15000,4340400,1,2024-08-02,4,17,1
1701,670,429,3,758998,37949,15000,2178147,4,2025-12-24,2,49,11
1702,1483,398,1,1073936,0,15000,1088936,5,2025-09-07,3,2,24
1703,1250,523,3,89707,0,25000,294121,10,2024-04-24,3,46,21
1704,971,409,2,1172030,0,10000,2354060,10,2024-11-05,4,34,7
1705,138,340,1,1177247,0,20000,1197247,6,2025-06-16,5,65,14
1706,2500,12,1,303478,45521,30000,287957,7,2024-02-16,4,22,5
1707,256,280,3,232494,0,30000,727482,9,2025-07-02,2,58,8
1708,1447,531,1,59707,2985,10000,66722,10,2023-05-09,1,60,11
1709,2250,326,1,1177247,0,15000,1192247,10,2024-05-06,1,34,27
1710,31,309,2,175454,8772,30000,363364,11,2026-01-01,5,72,2
1711,192,463,1,352900,0,30000,382900,3,2026-07-27,2,40,8
1712,1907,107,1,1138263,113826,25000,1049437,8,2025-06-18,4,69,2
1713,1399,417,1,1085563,54278,10000,1041285,8,2023-06-24,1,28,21
1714,1941,88,1,205165,10258,10000,204907,1,2025-02-13,1,28,24
1715,2332,121,1,1427646,142764,30000,1314882,3,2023-06-04,2,40,24
1716,2235,536,2,595602,29780,20000,1151644,7,2025-03-24,5,23,1
1717,2058,142,1,1317879,65893,25000,1276986,11,2023-06-05,7,24,19
1718,1056,506,1,1194592,179188,20000,1035404,11,2023-09-15,3,59,6
1719,1608,454,1,382900,19145,25000,388755,6,2023-07-29,4,59,7
1720,578,342,1,1177247,58862,30000,1148385,6,2026-06-02,2,20,5
1721,2060,57,5,1009429,0,25000,5072145,2,2026-05-08,2,29,4
1722,980,258,1,237829,0,15000,252829,2,2025-06-23,4,9,9
1723,1289,531,5,59707,0,0,298535,10,2024-12-09,4,43,19
1724,1822,95,3,235165,0,20000,725495,7,2023-06-22,5,59,21
1725,1751,203,3,1015325,0,10000,3055975,7,2025-08-24,1,39,12
1726,999,202,1,1015325,0,10000,1025325,1,2024-10-02,3,29,24
1727,1003,249,2,237829,47565,30000,410528,3,2025-01-08,5,12,15
1728,411,165,1,562301,0,30000,592301,6,2023-03-09,3,77,29
1729,1197,367,3,1099326,109932,20000,2988182,2,2023-05-22,1,62,17
1730,1477,439,2,1013839,0,15000,2042678,3,2023-01-04,4,6,8
1731,1089,222,1,1199215,0,20000,1219215,4,2023-05-18,5,51,25
1732,2091,528,2,49707,0,20000,119414,4,2025-08-22,4,54,8
1733,1231,320,2,175454,0,0,350908,4,2026-07-19,4,17,12
1734,1837,198,2,50278,0,20000,120556,1,2025-04-24,5,36,4
1735,2378,302,1,135454,0,0,135454,3,2023-10-15,1,35,12
1736,1076,218,2,1025325,205065,15000,1655520,10,2025-07-04,1,62,24
1737,695,62,2,836915,0,25000,1698830,2,2026-01-13,4,13,2
1738,76,221,2,1179215,0,25000,2383430,10,2023-10-11,5,6,16
1739,1512,3,3,263478,13173,25000,775915,5,2023-08-03,3,63,15
1740,323,446,2,993839,0,30000,2017678,7,2025-05-22,4,66,10
1741,973,40,1,761327,0,0,761327,6,2023-03-12,5,35,22
1742,2134,18,1,293478,0,0,293478,5,2025-05-10,5,28,20
1743,1706,1,4,263478,26347,15000,963524,2,2024-05-07,2,14,12
1744,1410,273,2,202494,0,25000,429988,11,2023-09-03,1,61,4
1745,442,389,3,1073936,161090,30000,2768538,2,2026-05-04,1,31,12
1746,1200,68,1,856915,42845,15000,829070,10,2025-02-15,7,17,10
1747,1510,310,2,145454,0,20000,310908,10,2023-02-07,1,4,4
1748,1723,533,1,575602,0,15000,590602,11,2023-06-02,5,28,14
1749,74,395,1,1043936,0,15000,1058936,4,2025-05-02,4,35,12
1750,2019,213,1,1025325,0,25000,1050325,2,2026-05-29,3,48,25
1751,1372,207,3,1015325,0,15000,3060975,6,2024-02-07,2,56,22
1752,1263,18,3,293478,0,25000,905434,5,2023-12-20,4,53,10
1753,2259,339,1,1187247,0,30000,1217247,12,2024-07-19,3,27,9
1754,1159,33,3,761327,38066,30000,2199783,5,2023-11-30,7,13,24
1755,2318,210,1,995325,0,30000,1025325,9,2023-06-14,1,75,13
1756,1624,410,1,1182030,0,25000,1207030,6,2023-05-31,5,20,20
1757,2079,341,2,1157247,57862,25000,2223770,1,2023-05-29,5,34,9
1758,2483,267,1,217829,0,0,217829,9,2024-01-23,8,68,8
1759,586,335,3,1167247,175087,30000,3006480,9,2026-04-17,3,26,2
1760,2230,47,1,1029429,0,10000,1039429,4,2026-05-31,4,11,17
1761,212,378,5,1059326,158898,20000,4522140,12,2023-11-11,4,40,20
1762,1454,211,2,995325,49766,15000,1906118,9,2025-11-29,4,10,6
1763,1050,23,2,751327,0,30000,1532654,5,2024-01-22,4,2,27
1764,235,74,2,836915,0,30000,1703830,7,2024-10-16,5,10,12
1765,138,3,1,263478,0,25000,288478,5,2025-10-09,5,14,14
1766,788,257,2,217829,0,0,435658,10,2023-10-04,5,37,24
1767,678,326,1,1177247,0,30000,1207247,3,2024-10-28,4,42,16
1768,1767,81,1,205165,0,10000,215165,12,2025-01-09,4,73,2
1769,1825,63,1,876915,0,25000,901915,3,2026-01-15,2,16,26
1770,597,262,1,237829,11891,0,225938,5,2024-11-13,2,66,22
1771,646,257,3,217829,0,25000,678487,6,2024-04-24,3,18,28
1772,313,135,1,1397646,69882,30000,1357764,9,2025-04-22,4,12,24
1773,248,2,1,303478,0,30000,333478,12,2026-07-28,2,3,25
1774,1720,466,2,362900,18145,15000,704510,11,2023-09-09,8,50,8
1775,1904,252,1,217829,0,20000,237829,2,2026-08-25,4,38,8
1776,1259,289,1,202494,0,10000,212494,1,2024-05-08,5,63,2
1777,2469,58,1,1009429,0,25000,1034429,12,2024-06-24,4,74,27
1778,56,351,2,1157247,57862,0,2198770,12,2026-08-05,4,35,22
1779,2150,71,1,846915,0,20000,866915,8,2023-11-28,2,63,20
1780,352,27,2,761327,76132,10000,1380390,2,2024-01-02,4,7,27
1781,2388,82,4,205165,10258,30000,809628,10,2025-02-02,4,66,12
1782,1529,348,1,1157247,0,25000,1182247,6,2023-06-22,3,22,8
1783,1738,263,1,217829,0,10000,227829,8,2026-06-29,2,26,23
1784,2260,313,1,145454,14545,30000,160909,10,2023-09-20,4,69,8
1785,664,24,4,791327,0,30000,3195308,3,2023-05-03,6,50,22
1786,436,250,2,237829,0,0,475658,6,2024-10-05,3,63,23
1787,456,251,1,217829,0,20000,237829,6,2025-11-22,2,30,6
1788,896,62,4,836915,41845,0,3180280,1,2023-05-05,2,15,5
1789,864,68,1,856915,0,15000,871915,5,2023-08-20,2,32,24
1790,1959,515,2,79707,0,15000,174414,10,2025-08-10,3,18,7
1791,1960,486,1,455632,0,20000,475632,5,2023-09-30,1,73,17
1792,1637,485,2,425632,85126,25000,706012,12,2025-08-13,6,24,21
1793,1651,447,2,1003839,0,0,2007678,6,2024-12-20,1,2,15
1794,1780,297,2,155454,7772,20000,315364,8,2025-07-06,2,52,8
1795,892,421,2,530089,0,20000,1080178,2,2024-01-25,2,37,9
1796,1287,49,2,1009429,50471,30000,1947916,1,2025-10-19,2,13,16
1797,590,496,3,1164592,0,30000,3523776,3,2023-05-16,3,48,20
1798,916,242,2,217829,0,10000,445658,2,2026-03-13,5,39,24
1799,870,115,1,1118263,0,20000,1138263,12,2024-04-20,8,61,4
1800,1260,424,2,520089,0,20000,1060178,10,2024-09-21,2,68,11
1801,1354,70,3,876915,0,15000,2645745,8,2026-04-02,4,17,8
1802,2388,62,4,836915,83691,0,3012896,6,2024-05-06,3,67,12
1803,43,187,1,60278,0,10000,70278,3,2025-03-31,3,39,21
1804,2087,551,2,555602,27780,30000,1085644,10,2024-11-25,3,27,2
1805,284,288,1,192494,28874,20000,183620,1,2025-07-02,3,67,20
1806,1463,471,2,382900,0,20000,785800,11,2023-02-17,4,40,20
1807,202,62,1,836915,83691,15000,768224,10,2024-07-25,5,33,23
1808,1132,315,4,135454,6772,25000,539728,7,2023-12-15,5,50,3
1809,214,294,1,222494,22249,30000,230245,2,2025-05-26,4,69,4
1810,312,417,1,1085563,0,30000,1115563,8,2025-12-09,4,29,9
1811,1825,475,1,445632,44563,20000,421069,12,2024-08-28,7,38,26
1812,514,474,4,425632,0,30000,1732528,2,2025-02-06,4,67,14
1813,429,326,1,1177247,0,15000,1192247,4,2025-11-30,2,43,16
1814,1442,352,2,1177247,117724,30000,2149046,12,2024-07-21,5,59,1
1815,250,488,4,445632,0,15000,1797528,6,2026-05-16,4,44,24
1816,110,21,1,751327,0,0,751327,5,2024-03-07,5,14,13
1817,1929,177,5,552301,82845,10000,2357280,3,2023-11-06,2,74,13
1818,2271,366,1,1079326,0,15000,1094326,6,2026-07-06,1,44,22
1819,666,335,3,1167247,0,20000,3521741,11,2026-08-15,4,69,14
1820,1766,329,1,1157247,115724,15000,1056523,12,2024-12-28,6,35,21
1821,1794,316,1,175454,0,10000,185454,3,2024-03-18,1,7,23
1822,299,4,1,303478,30347,0,273131,7,2024-07-17,4,44,5
1823,253,110,2,1108263,55413,20000,2125700,7,2023-11-17,1,58,10
1824,1799,175,1,542301,0,25000,567301,3,2024-04-19,2,16,15
1825,1403,400,2,1043936,0,10000,2097872,12,2026-03-19,1,1,8
1826,1423,43,1,1019429,152914,20000,886515,2,2025-05-15,6,43,11
1827,2130,260,1,247829,0,10000,257829,5,2026-01-12,2,75,11
1828,296,106,4,1108263,0,0,4433052,11,2024-06-25,5,22,7
1829,2203,385,1,1073936,0,15000,1088936,7,2023-03-09,1,19,17
1830,764,99,3,195165,0,30000,615495,8,2024-05-16,7,41,12
1831,2468,386,1,1053936,0,25000,1078936,6,2023-09-13,3,67,2
1832,1449,240,1,1169215,0,30000,1199215,5,2025-05-31,5,23,2
1833,135,508,3,1174592,58729,10000,3357589,11,2024-01-03,1,6,8
1834,1874,173,1,572301,85845,20000,506456,10,2025-07-21,3,43,29
1835,2321,198,2,50278,5027,15000,105502,12,2025-11-03,2,51,1
1836,337,498,3,1164592,116459,30000,3174399,8,2023-03-09,5,28,1
1837,2114,59,1,1029429,0,10000,1039429,6,2025-10-26,1,23,1
1838,617,213,2,1025325,0,10000,2060650,8,2026-04-03,2,64,9
1839,182,277,1,202494,0,20000,222494,11,2024-11-17,4,24,28
1840,1142,409,2,1172030,117203,0,2109654,2,2024-06-24,3,22,5
1841,430,406,2,1073936,0,15000,2162872,3,2025-05-06,4,60,8
1842,1015,202,2,1015325,50766,0,1929118,5,2026-04-14,2,49,22
1843,1580,36,1,761327,76132,0,685195,10,2023-06-08,1,55,20
1844,1503,270,1,192494,0,15000,207494,8,2026-08-21,2,5,22
1845,1698,470,4,382900,0,15000,1546600,6,2023-12-08,1,53,22
1846,974,462,3,372900,18645,20000,1082765,6,2023-12-11,4,51,6
1847,1205,551,3,555602,27780,0,1583466,10,2023-01-20,1,5,5
1848,1312,403,2,1043936,0,10000,2097872,8,2025-04-08,4,10,27
1849,316,504,2,1194592,0,10000,2399184,12,2023-08-25,3,22,12
1850,732,80,1,846915,0,10000,856915,3,2025-07-19,5,19,5
1851,1011,264,1,237829,11891,15000,240938,8,2024-12-14,5,50,5
1852,2007,415,1,1243713,124371,10000,1129342,5,2023-06-27,2,47,22
1853,2132,242,1,217829,0,20000,237829,4,2025-12-02,4,31,3
1854,196,527,1,89707,0,20000,109707,7,2024-08-01,4,15,9
1855,2361,187,3,60278,6027,25000,187753,11,2024-12-21,3,67,1
1856,2221,23,1,751327,0,20000,771327,1,2023-02-18,3,4,16
1857,764,147,1,1297879,64893,0,1232986,12,2023-04-12,4,53,12
1858,1151,482,4,465632,69844,10000,1593152,4,2023-02-02,4,29,24
1859,357,272,1,202494,0,10000,212494,5,2025-07-15,5,58,12
1860,2044,234,2,1169215,0,30000,2368430,12,2023-12-28,3,65,5
1861,1141,336,1,1157247,115724,20000,1061523,3,2026-06-28,5,32,8
1862,1619,524,1,69707,3485,0,66222,3,2024-05-19,4,66,26
1863,1416,515,1,79707,7970,0,71737,1,2023-06-25,4,76,26
1864,127,548,2,555602,0,15000,1126204,4,2025-11-02,1,30,3
1865,725,449,1,993839,0,15000,1008839,3,2025-03-17,3,24,26
1866,1473,266,1,237829,11891,10000,235938,12,2025-09-18,5,62,28
1867,760,152,1,1287879,64393,15000,1238486,6,2024-01-03,2,7,4
1868,1608,193,3,70278,0,25000,235834,8,2023-07-17,6,33,7
1869,396,88,2,205165,10258,15000,404814,2,2025-01-10,5,55,9
1870,2240,409,1,1172030,58601,25000,1138429,2,2023-01-09,5,29,1
1871,2381,436,1,1013839,0,30000,1043839,8,2024-02-13,7,42,8
1872,2356,416,1,1263713,63185,20000,1220528,11,2023-11-02,1,12,7
1873,352,218,4,1025325,0,30000,4131300,3,2025-11-14,1,25,27
1874,487,90,2,235165,11758,15000,461814,1,2026-03-20,6,53,20
1875,1773,521,1,89707,0,20000,109707,12,2024-03-21,4,54,19
1876,1478,364,2,1079326,0,25000,2183652,7,2026-08-21,3,75,6
1877,1663,63,2,876915,0,10000,1763830,5,2025-06-25,3,74,14
1878,1424,107,3,1138263,0,20000,3434789,12,2026-03-20,4,35,9
1879,1032,159,1,1287879,0,20000,1307879,4,2024-02-08,2,16,18
1880,1917,481,3,425632,21281,10000,1223053,2,2025-10-15,2,24,25
1881,538,111,3,1138263,113826,10000,3083311,2,2024-09-09,7,74,18
1882,953,264,1,237829,0,20000,257829,1,2023-02-27,3,23,21
1883,1497,243,2,217829,0,0,435658,4,2026-04-25,4,31,27
1884,1942,104,1,1118263,55913,10000,1072350,6,2023-12-11,5,12,17
1885,1302,437,2,1003839,0,10000,2017678,8,2024-03-21,1,10,22
1886,265,390,1,1063936,0,15000,1078936,11,2026-05-24,3,11,3
1887,1067,217,1,995325,0,15000,1010325,8,2025-01-04,3,53,28
1888,2341,145,2,1317879,0,0,2635758,9,2026-01-20,3,18,19
1889,2425,261,1,247829,0,10000,257829,5,2026-03-12,6,45,16
1890,486,428,2,1138346,0,25000,2301692,9,2025-08-01,4,11,15
1891,721,379,4,1099326,0,0,4397304,6,2025-05-24,6,32,27
1892,1388,103,1,1138263,56913,0,1081350,7,2025-05-06,5,60,6
1893,1582,84,1,235165,11758,0,223407,4,2024-08-18,3,29,20
1894,82,496,3,1164592,0,20000,3513776,3,2025-07-16,4,64,12
1895,1982,5,1,273478,0,10000,283478,3,2024-06-15,5,14,9
1896,2166,310,3,145454,7272,25000,439546,3,2025-07-17,5,77,27
1897,1829,145,3,1317879,65893,0,3755958,3,2025-05-22,4,26,18
1898,434,387,4,1033936,103393,15000,3737172,9,2023-05-14,5,50,8
1899,2013,265,1,247829,0,25000,272829,11,2024-06-12,5,47,23
1900,1011,124,1,1407646,0,15000,1422646,5,2024-12-06,5,51,5
1901,1780,115,1,1118263,0,25000,1143263,5,2023-07-30,5,7,8
1902,2470,478,1,425632,42563,20000,403069,6,2024-04-09,3,57,4
1903,2413,59,2,1029429,0,15000,2073858,11,2025-05-06,2,8,12
1904,1445,402,1,1033936,0,10000,1043936,11,2026-06-16,4,42,7
1905,2078,536,1,595602,0,10000,605602,10,2023-11-25,2,55,12
1906,2097,222,4,1199215,0,10000,4806860,9,2025-09-22,6,47,9
1907,2372,111,4,1138263,113826,20000,4117748,9,2026-06-18,3,47,16
1908,1605,152,1,1287879,64393,10000,1233486,7,2025-11-14,4,26,11
1909,1660,181,2,90278,0,0,180556,2,2025-05-12,4,56,21
1910,870,351,2,1157247,57862,15000,2213770,10,2025-01-29,7,35,4
1911,196,436,2,1013839,50691,25000,1951296,3,2025-01-26,5,34,9
1912,1692,242,3,217829,0,25000,678487,8,2026-01-07,4,20,2
1913,1367,334,2,1167247,0,0,2334494,4,2025-12-02,3,39,6
1914,349,320,4,175454,0,15000,716816,2,2024-03-25,2,46,29
1915,1270,34,2,771327,38566,20000,1485522,3,2024-05-31,2,71,14
1916,2026,268,1,227829,0,15000,242829,11,2025-01-08,2,63,19
1917,1906,21,1,751327,37566,20000,733761,4,2026-07-27,3,7,19
1918,1809,501,1,1174592,0,25000,1199592,12,2025-07-16,1,46,6
1919,1159,24,1,791327,0,15000,806327,7,2023-07-21,7,14,24
1920,172,279,1,222494,44498,0,177996,9,2025-01-12,4,20,6
1921,621,143,1,1317879,0,15000,1332879,12,2026-02-28,1,27,2
1922,117,5,1,273478,0,0,273478,12,2026-06-20,1,12,21
1923,1808,263,4,217829,10891,10000,837752,1,2024-09-14,4,45,15
1924,1319,130,1,1407646,0,30000,1437646,5,2025-01-28,4,64,6
1925,1967,300,1,165454,8272,15000,172182,7,2024-12-07,2,30,26
1926,864,252,3,217829,0,30000,683487,6,2024-02-05,5,9,24
1927,173,213,2,1025325,0,0,2050650,5,2026-03-14,4,12,29
1928,169,121,1,1427646,0,20000,1447646,5,2024-03-02,4,34,14
1929,169,207,1,1015325,0,15000,1030325,2,2026-04-06,6,63,14
1930,797,209,1,1015325,0,30000,1045325,12,2025-09-18,4,59,2
1931,2241,156,3,1317879,0,30000,3983637,3,2023-08-16,5,12,20
1932,70,445,2,993839,0,10000,1997678,7,2025-02-23,1,60,29
1933,2135,117,2,1108263,0,25000,2241526,1,2026-07-24,5,20,20
1934,2219,247,4,237829,35674,30000,838620,1,2024-04-27,4,18,1
1935,1843,325,1,1147247,0,20000,1167247,11,2024-12-29,3,9,26
1936,2482,194,1,80278,8027,30000,102251,7,2023-05-23,2,32,20
1937,2317,402,1,1033936,0,30000,1063936,9,2026-04-27,2,34,26
1938,590,59,1,1029429,102942,30000,956487,2,2026-06-29,3,34,20
1939,42,46,2,1009429,0,30000,2048858,11,2024-10-18,2,47,19
1940,568,534,4,585602,0,25000,2367408,10,2025-09-08,3,12,13
1941,1569,493,1,1174592,0,25000,1199592,7,2023-02-20,2,41,14
1942,1211,54,3,1009429,50471,25000,2901874,9,2024-03-19,3,74,6
1943,965,371,2,1079326,0,30000,2188652,2,2023-12-17,2,1,21
1944,1492,318,1,145454,7272,25000,163182,8,2023-08-18,5,77,15
1945,17,458,1,392900,0,0,392900,12,2023-10-17,5,71,2
1946,58,194,2,80278,0,0,160556,8,2025-08-12,5,59,25
1947,224,138,1,1437646,0,30000,1467646,10,2024-11-03,5,68,26
1948,2352,77,1,856915,0,10000,866915,5,2024-05-08,1,14,8
1949,941,499,1,1184592,0,0,1184592,10,2023-04-17,8,59,16
1950,2439,350,3,1187247,118724,15000,3220569,2,2023-12-19,8,20,7
1951,880,475,1,445632,0,20000,465632,7,2025-06-02,5,28,9
1952,95,186,1,70278,0,20000,90278,7,2024-03-01,3,69,3
1953,714,121,4,1427646,71382,15000,5440056,2,2026-06-29,3,27,13
1954,1241,374,2,1059326,0,25000,2143652,10,2024-03-14,2,48,3
1955,1436,408,1,1063936,0,25000,1088936,6,2025-03-25,6,77,19
1956,2390,312,4,155454,0,15000,636816,4,2023-03-09,4,57,28
1957,803,463,3,352900,0,15000,1073700,5,2025-05-25,7,66,1
1958,2226,439,4,1013839,50691,20000,3872592,6,2024-12-25,3,42,23
1959,1992,5,1,273478,13673,15000,274805,1,2025-10-14,6,51,18
1960,2454,424,4,520089,0,0,2080356,10,2025-08-08,1,1,15
1961,563,340,1,1177247,117724,0,1059523,3,2024-10-03,3,55,14
1962,1548,512,2,1184592,0,30000,2399184,5,2024-06-21,4,51,10
1963,28,400,1,1043936,0,25000,1068936,12,2025-04-14,3,38,6
1964,1711,146,3,1317879,0,0,3953637,11,2023-07-29,5,21,25
1965,647,185,1,50278,0,10000,60278,4,2023-02-26,5,72,11
1966,715,289,1,202494,10124,10000,202370,7,2023-01-26,5,32,28
1967,393,301,2,175454,0,25000,375908,11,2024-10-25,5,12,20
1968,400,135,2,1397646,69882,15000,2670528,9,2024-10-07,3,77,1
1969,2238,321,1,175454,0,15000,190454,11,2024-05-07,4,38,27
1970,2495,69,1,876915,43845,10000,843070,11,2026-03-14,6,77,25
1971,587,137,2,1397646,139764,30000,2545764,2,2024-11-26,4,17,25
1972,2341,46,1,1009429,0,20000,1029429,10,2023-01-15,4,59,19
1973,260,126,1,1427646,142764,10000,1294882,1,2024-05-25,2,73,23
1974,2500,99,4,195165,0,15000,795660,5,2026-01-16,4,42,5
1975,1596,105,2,1108263,55413,30000,2135700,1,2026-05-24,7,4,7
1976,2011,376,3,1099326,0,15000,3312978,5,2025-01-11,6,46,1
1977,1117,173,1,572301,0,10000,582301,9,2026-05-14,1,38,28
1978,2105,192,2,60278,6027,15000,123502,1,2023-07-03,3,60,6
1979,1815,179,1,582301,0,30000,612301,2,2026-01-25,3,43,18
1980,2484,50,2,1039429,51971,15000,1989916,8,2023-09-05,5,1,21
1981,2373,389,2,1073936,0,30000,2177872,11,2025-06-25,3,55,22
1982,1129,116,1,1138263,56913,0,1081350,9,2026-04-17,2,34,13
1983,840,389,3,1073936,53696,15000,3075720,6,2026-02-13,4,69,25
1984,1985,475,2,445632,22281,25000,871702,3,2023-11-24,4,18,5
1985,2454,114,3,1138263,56913,25000,3269050,5,2025-05-01,4,77,15
1986,1782,22,3,781327,0,20000,2363981,1,2023-02-28,3,2,25
1987,923,363,3,1069326,0,0,3207978,5,2023-12-14,6,47,11
1988,1572,113,1,1148263,57413,10000,1100850,10,2026-04-15,5,34,12
1989,2304,355,4,1079326,107932,10000,3895576,6,2024-02-03,2,73,24
1990,1101,88,1,205165,30774,30000,204391,12,2025-11-14,4,68,11
1991,12,116,2,1138263,0,30000,2306526,12,2025-10-16,5,12,29
1992,945,240,3,1169215,0,30000,3537645,4,2023-09-03,6,26,28
1993,1090,241,1,227829,0,30000,257829,1,2023-07-12,6,60,13
1994,593,502,2,1174592,58729,10000,2241726,9,2023-07-21,2,63,20
1995,168,525,2,69707,0,30000,169414,3,2026-06-16,6,7,15
1996,581,186,4,70278,0,15000,296112,11,2025-11-05,4,31,10
1997,460,503,2,1204592,180688,0,2047808,5,2024-10-13,3,76,22
1998,1949,115,3,1118263,0,15000,3369789,11,2024-12-24,7,44,3
1999,2422,18,1,293478,0,25000,318478,3,2026-06-28,3,36,25
2000,2043,45,2,1019429,0,30000,2068858,4,2023-07-19,5,64,16
2001,1130,215,1,1035325,0,0,1035325,12,2025-10-05,5,61,17
2002,699,341,2,1157247,0,20000,2334494,4,2026-03-21,2,45,9
2003,472,239,1,1189215,0,10000,1199215,11,2025-12-02,1,43,2
2004,1993,429,2,758998,37949,20000,1462098,2,2023-11-16,2,50,13
2005,36,55,1,1039429,0,25000,1064429,2,2025-07-14,2,17,16
2006,41,469,3,392900,19645,20000,1139765,11,2024-07-02,3,44,6
2007,1593,157,3,1317879,0,0,3953637,4,2024-03-12,5,43,28
2008,412,108,1,1128263,0,25000,1153263,12,2023-03-31,3,75,6
2009,111,136,3,1397646,0,25000,4217938,10,2024-10-30,3,76,26
2010,1459,279,2,222494,0,30000,474988,3,2024-06-09,4,46,20
2011,1910,151,2,1307879,0,15000,2630758,5,2024-08-26,4,17,3
2012,1835,370,1,1069326,160398,15000,923928,5,2023-08-09,4,50,21
2013,414,291,1,202494,10124,20000,212370,6,2024-10-28,4,63,17
2014,2117,70,3,876915,175383,15000,2119596,3,2024-09-25,2,66,20
2015,2188,404,1,1053936,0,0,1053936,10,2025-11-12,5,30,12
2016,1025,244,5,217829,21782,25000,1005235,2,2023-02-20,3,31,27
2017,402,230,3,1199215,59960,15000,3432765,4,2026-05-05,3,28,18
2018,1987,496,4,1164592,0,30000,4688368,8,2025-09-25,5,16,29
2019,1030,156,1,1317879,0,10000,1327879,1,2025-01-11,8,27,25
2020,863,282,3,212494,0,15000,652482,3,2025-12-15,4,30,4
2021,599,45,1,1019429,0,25000,1044429,4,2025-07-21,4,62,14
2022,213,440,1,1013839,0,25000,1038839,10,2023-04-11,6,72,25
2023,2276,502,4,1174592,0,10000,4708368,3,2026-07-08,7,13,23
2024,2175,350,4,1187247,0,30000,4778988,6,2023-01-02,4,70,1
2025,1701,232,1,1179215,0,25000,1204215,6,2024-01-03,4,13,21
2026,2281,536,1,595602,0,25000,620602,2,2023-05-05,2,35,22
2027,2300,123,1,1427646,0,15000,1442646,11,2024-01-07,2,1,21
2028,1046,195,1,60278,9041,30000,81237,6,2025-04-23,4,44,8
2029,1265,201,1,1025325,102532,30000,952793,10,2024-01-21,1,57,20
2030,52,277,1,202494,30374,30000,202120,3,2023-09-19,6,38,29
2031,1135,201,3,1025325,0,0,3075975,2,2023-10-31,4,59,22
2032,458,386,1,1053936,0,15000,1068936,1,2024-04-05,4,67,27
2033,700,314,1,155454,0,25000,180454,8,2025-10-16,5,16,1
2034,343,172,1,562301,56230,25000,531071,1,2023-10-05,8,19,19
2035,457,516,3,69707,0,20000,229121,5,2024-09-13,5,38,24
2036,1475,181,5,90278,4513,20000,448825,11,2026-08-27,4,10,26
2037,588,216,1,995325,149298,20000,866027,10,2024-12-29,4,46,10
2038,1746,416,1,1263713,0,0,1263713,1,2023-08-07,5,7,19
2039,1131,304,5,145454,0,20000,747270,1,2025-02-01,3,15,9
2040,911,100,1,215165,0,20000,235165,1,2023-09-16,3,5,6
2041,884,396,3,1043936,0,20000,3151808,4,2023-02-09,5,75,22
2042,970,277,3,202494,20249,30000,576735,2,2025-08-30,5,70,4
2043,1500,515,1,79707,7970,10000,81737,3,2024-07-05,5,14,22
2044,2426,80,2,846915,0,20000,1713830,8,2023-12-23,2,18,7
2045,464,96,1,205165,0,30000,235165,12,2024-11-07,5,12,26
2046,632,390,1,1063936,106393,0,957543,7,2023-04-18,3,59,14
2047,2282,179,2,582301,0,10000,1174602,6,2024-08-26,4,37,11
2048,1379,286,1,222494,0,0,222494,2,2025-03-16,3,39,25
2049,1450,55,1,1039429,0,10000,1049429,12,2025-01-28,3,37,28
2050,836,452,1,983839,49191,20000,954648,7,2023-11-21,3,17,29
2051,1677,494,1,1164592,116459,15000,1063133,10,2023-12-09,4,2,24
2052,1457,344,4,1167247,0,15000,4683988,3,2024-07-22,5,6,6
2053,2447,438,1,1023839,0,15000,1038839,8,2025-01-07,3,69,8
2054,1538,279,1,222494,0,25000,247494,11,2023-04-18,5,51,4
2055,775,298,3,165454,16545,10000,456727,7,2023-03-23,1,6,28
2056,1426,390,3,1063936,0,25000,3216808,3,2023-09-09,4,12,12
2057,1303,287,3,222494,0,0,667482,1,2023-07-16,1,34,4
2058,1906,63,2,876915,87691,25000,1603448,9,2024-03-13,1,31,19
2059,2160,379,4,1099326,0,20000,4417304,5,2024-11-24,3,72,4
2060,1529,460,2,362900,18145,15000,704510,12,2025-07-07,2,38,8
2061,2380,60,2,1039429,0,10000,2088858,3,2023-11-28,3,62,14
2062,1654,528,1,49707,4970,30000,74737,1,2024-10-30,4,58,20
2063,1766,493,4,1174592,58729,10000,4473452,9,2025-12-06,1,14,21
2064,2171,6,2,273478,13673,20000,539610,10,2024-11-14,4,34,7
2065,444,111,3,1138263,0,30000,3444789,3,2025-02-03,6,37,10
2066,1976,73,2,876915,0,20000,1773830,4,2025-04-25,3,57,3
2067,84,9,2,293478,0,25000,611956,4,2023-08-05,4,41,5
2068,2292,498,1,1164592,0,15000,1179592,3,2023-06-01,2,6,7
2069,1007,386,1,1053936,0,0,1053936,7,2026-02-26,3,36,16
2070,1976,162,2,582301,29115,0,1106372,4,2023-08-10,4,55,3
2071,1344,544,5,565602,56560,25000,2570210,4,2025-10-06,5,20,5
2072,2423,273,1,202494,0,20000,222494,4,2025-12-09,1,5,22
2073,1985,29,2,751327,0,25000,1527654,8,2024-05-23,3,76,5
2074,2261,477,1,455632,0,20000,475632,11,2023-04-27,2,14,5
2075,2340,147,1,1297879,194681,10000,1113198,7,2025-05-02,4,7,10
2076,177,17,5,263478,52695,25000,1078915,8,2023-06-22,6,61,25
2077,212,2,2,303478,30347,0,546262,4,2024-08-21,1,17,20
2078,1632,391,2,1063936,0,25000,2152872,2,2025-01-28,1,1,8
2079,1388,250,3,237829,0,0,713487,1,2025-12-14,4,13,6
2080,614,144,1,1277879,0,10000,1287879,9,2023-01-13,5,28,28
2081,172,327,1,1177247,235449,0,941798,2,2026-06-11,2,70,6
2082,1552,201,3,1025325,153798,0,2614581,7,2023-05-20,1,60,24
2083,2123,489,3,465632,0,0,1396896,5,2025-06-12,3,11,20
2084,1744,235,3,1189215,178382,10000,3042499,6,2023-06-17,5,15,5
2085,1562,264,3,237829,0,25000,738487,2,2026-03-08,4,56,27
2086,598,112,1,1128263,112826,0,1015437,3,2025-07-02,5,42,13
2087,1235,400,1,1043936,0,10000,1053936,12,2024-06-02,5,21,5
2088,2123,146,4,1317879,0,30000,5301516,6,2023-06-21,4,60,20
2089,1347,3,5,263478,0,15000,1332390,5,2024-12-08,2,18,29
2090,882,251,5,217829,0,10000,1099145,8,2025-05-07,2,42,4
2091,2062,454,1,382900,0,30000,412900,3,2024-08-11,7,1,29
2092,69,411,1,1192030,0,25000,1217030,3,2023-11-13,5,2,18
2093,434,537,1,575602,57560,30000,548042,8,2024-04-26,5,36,8
2094,2122,172,1,562301,28115,25000,559186,4,2024-09-21,1,8,2
2095,1226,443,1,1013839,152075,20000,881764,8,2023-03-31,3,56,10
2096,2326,388,1,1043936,0,30000,1073936,7,2023-12-24,4,40,28
2097,2451,72,4,846915,0,15000,3402660,8,2026-06-03,5,16,20
2098,1220,336,3,1157247,57862,30000,3328155,5,2025-04-29,4,39,17
2099,1410,480,1,465632,0,10000,475632,11,2025-04-13,4,58,4
2100,1412,203,1,1015325,50766,25000,989559,4,2023-08-16,5,23,1
2101,1902,221,1,1179215,0,20000,1199215,7,2025-12-03,5,42,7
2102,2189,297,1,155454,0,25000,180454,5,2024-06-10,5,55,23
2103,1404,282,2,212494,0,30000,454988,1,2024-09-17,1,20,13
2104,411,308,1,145454,7272,15000,153182,10,2026-08-10,5,38,29
2105,825,177,5,552301,0,10000,2771505,5,2025-01-05,8,43,6
2106,895,358,1,1099326,0,10000,1109326,9,2024-05-16,5,77,8
2107,1495,496,2,1164592,58229,25000,2237726,3,2025-04-30,6,1,23
2108,2242,1,1,263478,0,30000,293478,7,2024-03-28,4,10,13
2109,320,375,2,1059326,105932,0,1906788,5,2026-06-06,1,12,12
2110,324,365,2,1089326,0,30000,2208652,3,2023-08-24,3,28,4
2111,1449,250,2,237829,0,25000,500658,6,2023-05-22,1,70,2
2112,1659,346,1,1147247,0,20000,1167247,10,2025-08-05,2,58,15
2113,1493,24,1,791327,39566,30000,781761,3,2026-07-29,4,16,29
2114,264,40,2,761327,0,0,1522654,10,2025-01-29,1,34,1
2115,906,16,1,273478,13673,20000,279805,1,2024-08-26,2,49,17
2116,1627,297,1,155454,7772,30000,177682,1,2024-11-18,2,68,22
2117,1568,203,4,1015325,101532,20000,3675172,4,2023-12-21,3,13,16
2118,1268,253,1,217829,0,20000,237829,10,2023-06-29,3,65,10
2119,322,283,1,222494,0,20000,242494,5,2025-09-01,5,18,18
2120,905,32,3,781327,39066,30000,2256783,2,2026-04-27,3,37,24
2121,2074,207,3,1015325,152298,30000,2619081,8,2024-02-12,1,39,10
2122,2213,321,4,175454,0,15000,716816,11,2023-10-03,4,61,21
2123,1009,300,1,165454,0,10000,175454,10,2024-06-15,5,62,24
2124,1251,342,3,1177247,58862,25000,3380155,10,2023-11-28,4,70,8
2125,767,295,1,202494,0,0,202494,5,2024-01-01,5,20,29
2126,88,10,1,273478,41021,25000,257457,2,2023-09-08,3,61,25
2127,2158,330,3,1177247,0,10000,3541741,11,2025-07-01,4,5,5
2128,1803,390,1,1063936,0,30000,1093936,3,2024-12-10,3,28,1
2129,2321,347,3,1187247,0,0,3561741,11,2024-04-30,5,17,1
2130,1439,201,2,1025325,0,30000,2080650,12,2024-12-10,3,27,7
2131,1997,224,1,1159215,57960,10000,1111255,9,2025-07-19,3,63,28
2132,504,227,5,1179215,0,0,5896075,2,2023-03-07,3,63,19
2133,845,374,2,1059326,52966,10000,2022720,10,2024-05-01,5,23,5
2134,1380,89,1,225165,0,15000,240165,8,2023-09-12,2,71,13
2135,287,469,4,392900,0,15000,1586600,10,2025-09-01,7,28,23
2136,2104,86,4,205165,10258,15000,794628,3,2024-12-14,4,43,20
2137,652,496,1,1164592,58229,15000,1121363,4,2025-06-06,2,16,25
2138,338,158,1,1297879,0,25000,1322879,9,2025-05-31,3,61,21
2139,1202,157,2,1317879,65893,20000,2523972,6,2026-02-17,3,29,12
2140,1802,141,1,1287879,128787,30000,1189092,1,2025-03-24,6,50,26
2141,2429,107,2,1138263,0,30000,2306526,12,2025-02-08,4,51,20
2142,1351,282,1,212494,10624,15000,216870,4,2025-11-26,5,27,27
2143,344,90,1,235165,0,15000,250165,3,2023-07-23,7,50,8
2144,408,531,1,59707,0,30000,89707,7,2023-09-14,2,32,23
2145,946,379,2,1099326,54966,10000,2098720,11,2023-12-14,2,12,24
2146,1451,409,1,1172030,0,20000,1192030,4,2025-05-25,5,66,24
2147,322,298,2,165454,8272,15000,329364,4,2025-06-15,3,4,18
2148,1902,300,3,165454,8272,30000,501546,5,2023-01-09,4,16,7
2149,1203,431,3,758998,37949,0,2163147,2,2026-08-20,4,52,5
2150,822,180,4,572301,0,10000,2299204,4,2024-05-15,5,6,24
2151,1871,362,1,1059326,52966,20000,1026360,8,2024-11-11,5,8,2
2152,1379,24,1,791327,79132,20000,732195,7,2024-01-18,3,74,25
2153,1463,20,2,283478,14173,30000,568610,2,2026-08-05,2,7,20
2154,2101,420,1,1065563,0,10000,1075563,5,2025-05-11,3,64,22
2155,440,266,1,237829,47565,15000,205264,5,2024-07-09,1,26,26
2156,1786,533,1,575602,0,15000,590602,7,2026-03-10,4,7,2
2157,22,69,2,876915,0,0,1753830,8,2023-01-15,6,14,24
2158,888,544,4,565602,0,25000,2287408,11,2025-03-04,2,75,19
2159,595,489,1,465632,0,25000,490632,4,2026-07-17,4,72,23
2160,2189,490,4,455632,0,0,1822528,1,2023-08-05,3,13,23
2161,304,477,2,455632,45563,20000,840138,2,2025-12-10,5,66,27
2162,2130,442,2,1003839,0,30000,2037678,7,2023-03-07,2,17,11
2163,2446,89,1,225165,45033,25000,205132,3,2024-09-19,4,66,18
2164,1654,447,1,1003839,0,20000,1023839,4,2023-08-08,6,10,20
2165,342,472,4,372900,0,0,1491600,3,2024-02-27,2,63,17
2166,747,353,1,1089326,0,20000,1109326,6,2025-05-23,3,9,12
2167,2125,131,1,1407646,70382,30000,1367264,2,2023-07-10,5,50,18
2168,2442,113,1,1148263,114826,0,1033437,5,2024-03-15,5,69,1
2169,1694,177,2,552301,0,15000,1119602,6,2024-02-02,2,4,17
2170,827,291,1,202494,10124,15000,207370,7,2024-01-20,8,65,26
2171,1335,457,1,362900,18145,20000,364755,5,2025-06-22,4,33,29
2172,584,118,2,1138263,56913,10000,2172700,9,2026-01-08,4,23,23
2173,521,338,4,1187247,178087,25000,4061640,8,2023-08-05,6,36,25
2174,1440,60,1,1039429,0,15000,1054429,5,2023-03-23,1,49,29
2175,221,426,1,1118346,55917,25000,1087429,7,2025-02-03,4,29,13
2176,2009,273,1,202494,10124,0,192370,2,2026-01-22,2,22,7
2177,977,532,3,59707,0,15000,194121,2,2024-11-26,5,4,23
2178,1510,470,3,382900,0,25000,1173700,10,2025-05-18,5,58,4
2179,1567,376,1,1099326,0,30000,1129326,7,2025-05-13,5,64,13
2180,202,242,4,217829,0,10000,881316,8,2026-07-17,7,63,23
2181,1049,319,3,135454,0,30000,436362,11,2025-07-19,5,72,6
2182,832,481,4,425632,85126,0,1362024,12,2024-05-30,4,8,14
2183,893,282,1,212494,0,15000,227494,9,2023-01-26,5,24,9
2184,465,498,1,1164592,0,0,1164592,11,2025-09-04,2,2,7
2185,1628,405,1,1053936,105393,30000,978543,9,2025-06-14,3,35,19
2186,2084,521,1,89707,4485,25000,110222,5,2025-08-30,4,45,6
2187,2014,365,1,1089326,163398,20000,945928,5,2025-10-22,1,77,26
2188,1877,301,1,175454,26318,0,149136,10,2023-06-27,6,23,27
2189,2340,363,1,1069326,160398,30000,938928,12,2024-04-06,7,27,10
2190,2021,530,5,69707,6970,25000,338685,9,2023-09-30,5,74,7
2191,1236,150,1,1297879,0,10000,1307879,6,2025-12-11,6,8,21
2192,936,51,4,1039429,0,15000,4172716,5,2026-08-06,1,22,3
2193,1815,417,1,1085563,0,10000,1095563,3,2023-03-22,2,73,18
2194,2459,383,1,1063936,0,10000,1073936,11,2024-08-01,5,73,7
2195,290,32,2,781327,0,30000,1592654,1,2025-05-05,4,39,12
2196,844,535,5,555602,55560,20000,2520210,12,2024-10-11,1,73,22
2197,1685,503,1,1204592,0,30000,1234592,4,2025-07-07,6,43,25
2198,1315,414,3,1253713,62685,30000,3603084,2,2024-09-06,2,45,26
2199,2098,196,2,70278,0,25000,165556,11,2024-02-09,5,74,4
2200,1486,251,5,217829,0,10000,1099145,1,2026-04-15,5,5,8
2201,1359,44,1,1029429,0,10000,1039429,11,2025-11-30,3,58,29
2202,881,415,2,1243713,0,10000,2497426,12,2023-03-07,5,32,10
2203,318,210,1,995325,0,15000,1010325,11,2024-03-21,1,57,2
2204,2100,494,4,1164592,58229,10000,4435452,8,2023-09-11,5,61,3
2205,1206,145,5,1317879,0,0,6589395,2,2026-05-25,1,64,6
2206,2031,274,2,192494,0,0,384988,2,2023-10-06,5,62,5
2207,82,503,2,1204592,120459,10000,2178266,3,2024-11-21,1,36,12
2208,1125,399,3,1033936,155090,20000,2656538,11,2023-05-04,4,41,18
2209,2500,406,1,1073936,107393,0,966543,8,2023-07-08,3,7,5
2210,1297,545,4,575602,28780,25000,2212288,4,2025-05-18,3,57,6
2211,1524,460,1,362900,18145,0,344755,10,2025-11-13,2,76,25
2212,799,89,1,225165,11258,0,213907,8,2026-03-14,4,2,16
2213,521,176,2,542301,81345,20000,941912,12,2023-01-03,5,36,25
2214,1380,188,1,60278,0,10000,70278,1,2024-09-18,1,29,13
2215,2233,509,2,1194592,0,20000,2409184,5,2026-05-26,8,55,15
2216,2311,315,2,135454,0,30000,300908,9,2024-11-28,5,54,2
2217,1246,524,1,69707,3485,25000,91222,12,2026-01-16,5,23,6
2218,859,145,1,1317879,197681,20000,1140198,1,2023-01-16,4,27,12
2219,1504,382,5,1033936,51696,25000,4936200,5,2025-08-21,3,42,18
2220,1584,333,1,1187247,0,15000,1202247,7,2025-09-18,5,37,29
2221,74,518,1,69707,0,10000,79707,8,2024-02-25,2,48,12
2222,1060,78,1,846915,42345,20000,824570,4,2023-02-09,3,48,27
2223,2343,288,3,192494,0,15000,592482,11,2023-01-07,7,57,8
2224,402,294,3,222494,0,30000,697482,7,2024-04-20,7,23,18
2225,1038,504,1,1194592,0,10000,1204592,3,2023-10-25,8,65,16
2226,1972,72,1,846915,0,15000,861915,12,2023-05-02,3,68,7
2227,1118,116,2,1138263,0,25000,2301526,7,2025-05-27,4,62,19
2228,1002,230,3,1199215,179882,10000,3067999,4,2026-05-20,2,26,29
2229,1828,440,2,1013839,0,25000,2052678,7,2025-12-15,5,67,7
2230,2169,154,1,1307879,0,20000,1327879,12,2026-04-04,2,56,20
2231,420,388,1,1043936,0,10000,1053936,8,2026-01-07,3,31,23
2232,2226,503,1,1204592,0,10000,1214592,10,2025-09-09,2,67,23
2233,1544,529,1,89707,8970,0,80737,4,2023-02-21,4,38,2
2234,2435,360,1,1079326,53966,20000,1045360,12,2023-12-28,2,20,29
2235,1778,190,2,60278,0,20000,140556,8,2025-04-16,3,57,29
2236,1693,454,2,382900,0,30000,795800,2,2026-01-07,4,69,19
2237,2494,47,1,1029429,51471,15000,992958,9,2023-05-19,6,74,11
2238,933,223,1,1179215,0,30000,1209215,1,2026-03-10,4,55,27
2239,1050,144,1,1277879,0,30000,1307879,3,2023-11-20,2,36,27
2240,1935,511,1,1194592,0,0,1194592,5,2026-02-12,4,15,29
2241,2198,419,3,1085563,0,10000,3266689,5,2026-06-11,2,3,2
2242,976,374,5,1059326,0,15000,5311630,4,2025-03-30,4,77,17
2243,1427,488,3,445632,44563,30000,1233207,6,2026-02-01,4,5,6
2244,1905,144,2,1277879,63893,10000,2437972,12,2023-01-24,4,46,28
2245,34,28,2,751327,112699,25000,1302256,11,2025-12-10,3,73,28
2246,1097,321,2,175454,8772,0,333364,10,2023-11-26,5,4,12
2247,2062,479,2,435632,21781,30000,857702,6,2024-09-27,4,35,29
2248,1176,330,1,1177247,58862,15000,1133385,7,2024-04-07,4,13,24
2249,1997,512,2,1184592,118459,20000,2152266,3,2023-05-06,2,19,28
2250,1260,388,2,1043936,0,15000,2102872,4,2025-05-29,6,5,11
2251,606,509,1,1194592,119459,15000,1090133,8,2023-01-22,5,54,8
2252,1927,448,2,1023839,0,25000,2072678,6,2026-06-06,4,14,28
2253,1468,247,4,237829,23782,30000,886188,1,2024-05-31,4,15,18
2254,2113,73,1,876915,0,20000,896915,1,2025-06-09,3,7,18
2255,1649,83,5,225165,0,25000,1150825,6,2023-02-21,5,73,11
2256,2398,161,3,582301,0,15000,1761903,7,2024-03-24,3,44,11
2257,869,186,1,70278,0,30000,100278,10,2024-01-10,7,40,8
2258,344,195,2,60278,0,30000,150556,8,2024-07-26,1,52,8
2259,2457,204,1,995325,0,10000,1005325,6,2026-03-01,4,56,23
2260,1340,43,1,1019429,50971,30000,998458,7,2026-04-10,4,77,6
2261,267,14,3,283478,0,20000,870434,11,2025-01-26,6,9,17
2262,2126,497,1,1164592,0,0,1164592,4,2023-10-15,4,4,3
2263,2368,235,3,1189215,0,0,3567645,3,2025-02-08,3,70,3
2264,2128,407,1,1043936,0,0,1043936,3,2025-06-21,5,71,13
2265,232,370,1,1069326,160398,15000,923928,7,2024-08-10,1,7,1
2266,778,110,2,1108263,0,30000,2246526,5,2026-02-20,3,70,12
2267,2164,432,1,768998,0,25000,793998,5,2024-12-25,7,2,10
2268,991,439,1,1013839,50691,20000,983148,3,2026-05-01,1,64,8
2269,211,382,1,1033936,103393,15000,945543,1,2026-08-06,4,44,4
2270,1559,157,1,1317879,0,15000,1332879,1,2025-03-28,3,75,8
2271,1265,279,2,222494,0,15000,459988,2,2026-08-21,1,18,20
2272,1371,54,1,1009429,0,20000,1029429,1,2024-03-28,3,47,15
2273,1430,22,3,781327,39066,30000,2256783,8,2023-03-01,3,55,11
2274,1986,551,4,555602,0,20000,2242408,4,2024-11-06,4,75,12
2275,2466,316,1,175454,0,20000,195454,10,2023-07-17,2,76,26
2276,782,334,3,1167247,0,30000,3531741,10,2023-03-27,5,50,23
2277,2427,128,1,1427646,71382,20000,1376264,5,2023-02-07,6,64,4
2278,1264,192,1,60278,0,10000,70278,2,2023-05-26,1,75,12
2279,536,448,2,1023839,204767,10000,1648144,8,2023-04-11,2,25,17
2280,2262,112,3,1128263,0,0,3384789,9,2026-07-19,4,32,4
2281,1078,379,5,1099326,0,20000,5516630,1,2023-07-20,4,27,11
2282,1581,223,3,1179215,0,25000,3562645,11,2024-09-24,3,20,18
2283,1708,328,1,1147247,57362,20000,1109885,1,2025-01-16,5,43,13
2284,167,33,1,761327,38066,25000,748261,6,2026-02-08,4,28,20
2285,475,336,1,1157247,57862,0,1099385,6,2026-01-20,6,35,10
2286,2227,342,1,1177247,0,25000,1202247,8,2024-03-28,4,59,14
2287,1122,110,3,1108263,0,15000,3339789,11,2026-06-25,4,15,20
2288,1111,438,1,1023839,51191,15000,987648,2,2024-08-27,2,5,2
2289,1666,373,1,1079326,0,20000,1099326,9,2023-01-08,3,71,24
2290,1190,322,2,135454,0,30000,300908,4,2025-01-11,4,64,27
2291,1744,444,1,1013839,152075,15000,876764,1,2025-10-13,4,22,5
2292,1129,289,4,202494,0,10000,819976,9,2024-04-13,5,14,13
2293,742,189,1,90278,0,25000,115278,10,2025-05-26,5,14,5
2294,1606,100,1,215165,0,25000,240165,7,2025-12-14,4,28,5
2295,2202,62,2,836915,0,10000,1683830,6,2024-11-17,1,11,8
2296,818,80,2,846915,0,15000,1708830,2,2026-07-14,3,57,15
2297,672,497,2,1164592,116459,10000,2106266,8,2023-01-10,3,74,23
2298,1826,175,2,542301,0,25000,1109602,12,2024-01-28,5,15,11
2299,1558,78,2,846915,84691,25000,1549448,3,2025-09-15,2,45,15
2300,2238,350,2,1187247,0,30000,2404494,4,2025-12-05,2,41,27
2301,1247,16,2,273478,0,20000,566956,8,2025-10-11,3,25,5
2302,1953,156,2,1317879,65893,0,2503972,6,2026-06-03,5,53,4
2303,1800,497,2,1164592,0,20000,2349184,4,2024-11-30,2,38,9
2304,612,337,1,1177247,0,25000,1202247,6,2024-06-21,3,41,16
2305,2397,130,1,1407646,70382,10000,1347264,7,2023-06-09,4,31,29
2306,2242,258,1,237829,11891,0,225938,1,2024-09-29,4,49,13
2307,2486,121,1,1427646,71382,10000,1366264,8,2024-05-30,8,45,26
2308,83,99,3,195165,19516,25000,551947,7,2024-01-03,1,14,25
2309,1224,79,1,836915,41845,10000,805070,7,2025-02-16,2,67,1
2310,30,91,1,225165,0,30000,255165,2,2024-07-07,4,2,13
2311,24,499,1,1184592,0,20000,1204592,11,2026-06-20,4,39,21
2312,417,320,2,175454,0,15000,365908,12,2024-12-07,4,46,1
2313,2180,194,2,80278,0,20000,180556,8,2024-10-31,4,23,19
2314,1615,437,2,1003839,0,25000,2032678,9,2026-05-03,3,67,4
2315,1568,319,2,135454,13545,30000,273818,4,2023-05-21,2,3,16
2316,2475,33,1,761327,0,15000,776327,7,2026-05-02,5,36,21
2317,1395,4,1,303478,0,20000,323478,5,2024-05-28,4,46,12
2318,2500,49,2,1009429,151414,20000,1736030,1,2023-09-12,2,4,5
2319,2020,387,1,1033936,0,20000,1053936,4,2023-12-30,2,64,9
2320,1748,332,1,1187247,0,10000,1197247,7,2024-03-30,6,6,18
2321,2397,50,1,1039429,0,15000,1054429,3,2024-11-10,2,22,29
2322,1500,267,2,217829,0,15000,450658,10,2025-05-06,5,60,22
2323,1251,379,1,1099326,0,25000,1124326,5,2024-01-24,4,19,8
2324,243,389,3,1073936,214787,0,2577447,10,2025-05-11,4,59,7
2325,1914,262,4,237829,11891,0,903752,12,2023-11-17,3,32,27
2326,1585,298,1,165454,0,25000,190454,2,2023-08-23,4,26,10
2327,1504,430,1,748998,0,30000,778998,3,2025-06-08,7,47,18
2328,710,439,1,1013839,50691,10000,973148,11,2024-08-13,4,74,18
2329,686,194,2,80278,0,15000,175556,10,2024-01-11,5,25,22
2330,2445,327,4,1177247,0,15000,4723988,9,2026-01-06,5,73,16
2331,638,334,1,1167247,116724,15000,1065523,6,2023-12-09,5,23,16
2332,1110,456,1,362900,36290,15000,341610,3,2026-05-06,3,66,27
2333,1365,447,1,1003839,0,20000,1023839,7,2025-11-16,4,45,26
2334,239,216,1,995325,0,0,995325,11,2025-07-18,2,10,2
2335,920,529,1,89707,0,30000,119707,5,2024-05-17,5,23,27
2336,1235,295,2,202494,0,15000,419988,6,2023-05-31,3,59,5
2337,2310,519,2,59707,0,25000,144414,9,2024-08-13,3,26,23
2338,521,371,1,1079326,53966,10000,1035360,4,2026-02-24,1,44,25
2339,1392,178,5,572301,28615,0,2718430,11,2024-05-24,4,37,5
2340,1721,22,4,781327,78132,25000,2837780,11,2025-02-16,5,73,12
2341,1048,482,1,465632,0,20000,485632,7,2023-11-07,5,14,23
2342,2235,48,2,1029429,0,0,2058858,1,2023-02-05,5,21,1
2343,421,144,1,1277879,0,15000,1292879,2,2024-01-03,2,54,6
2344,2098,230,1,1199215,0,25000,1224215,5,2026-05-06,3,13,4
2345,519,169,1,552301,0,30000,582301,12,2024-06-20,2,17,8
2346,1209,271,1,202494,20249,0,182245,1,2023-08-22,3,35,5
2347,511,403,1,1043936,104393,20000,959543,1,2024-10-21,4,11,2
2348,1446,103,1,1138263,113826,25000,1049437,4,2023-09-13,3,23,19
2349,779,346,1,1147247,57362,20000,1109885,1,2025-03-16,4,27,27
2350,1585,193,1,70278,0,20000,90278,8,2024-01-29,1,32,10
2351,821,103,1,1138263,0,15000,1153263,9,2023-12-27,2,61,19
2352,663,391,1,1063936,0,10000,1073936,5,2025-06-14,3,3,28
2353,954,15,2,283478,42521,25000,506914,10,2026-04-09,3,11,26
2354,1529,13,1,293478,14673,20000,298805,7,2026-05-13,6,73,8
2355,2486,223,2,1179215,0,25000,2383430,2,2026-03-16,8,73,26
2356,2302,472,1,372900,0,10000,382900,11,2024-08-17,2,11,5
2357,36,37,1,791327,0,15000,806327,8,2026-05-10,3,42,16
2358,1624,223,4,1179215,58960,10000,4491020,4,2025-11-30,3,22,20
2359,141,134,2,1417646,141764,20000,2571764,9,2025-08-27,7,56,4
2360,1512,276,1,222494,0,20000,242494,2,2025-12-27,2,8,15
2361,1453,87,1,235165,35274,15000,214891,4,2025-04-09,5,52,3
2362,1189,206,1,1035325,51766,15000,998559,2,2025-01-14,3,6,7
2363,226,148,1,1297879,129787,0,1168092,11,2024-02-24,4,70,20
2364,1355,393,2,1073936,161090,10000,1835692,9,2026-03-30,8,39,15
2365,1048,165,1,562301,0,25000,587301,6,2024-02-22,3,22,23
2366,692,354,2,1069326,53466,0,2031720,11,2023-07-27,3,1,19
2367,2098,111,2,1138263,0,0,2276526,12,2026-07-03,4,75,4
2368,1299,128,3,1427646,0,30000,4312938,1,2023-08-25,2,46,16
2369,2288,358,1,1099326,0,30000,1129326,5,2023-05-03,2,62,21
2370,1118,166,5,542301,54230,10000,2450355,5,2026-07-12,5,10,19
2371,704,422,1,550089,0,15000,565089,12,2024-01-10,4,29,4
2372,731,293,1,192494,9624,0,182870,3,2026-03-23,5,33,3
2373,2200,86,1,205165,0,10000,215165,4,2023-02-23,3,74,19
2374,2163,346,3,1147247,0,20000,3461741,7,2025-03-30,5,65,9
2375,79,101,2,1148263,0,10000,2306526,7,2023-12-29,2,50,22
2376,1064,164,3,582301,0,25000,1771903,1,2023-09-09,5,21,22
2377,2491,480,2,465632,0,25000,956264,4,2023-01-17,3,46,19
2378,1304,80,1,846915,42345,30000,834570,2,2023-07-27,2,57,5
2379,555,359,4,1079326,0,20000,4337304,1,2023-04-23,4,69,1
2380,211,316,4,175454,0,20000,721816,6,2025-03-08,5,71,4
2381,738,377,1,1059326,0,20000,1079326,11,2025-08-01,2,15,6
2382,944,246,1,207829,0,10000,217829,3,2024-10-24,6,44,13
2383,2357,426,1,1118346,0,0,1118346,4,2025-02-22,2,9,25
2384,1462,94,2,235165,0,25000,495330,9,2023-07-25,3,39,9
2385,578,423,2,510089,0,0,1020178,4,2023-11-20,3,3,5
2386,121,212,2,1035325,0,30000,2100650,4,2026-04-29,4,10,14
2387,1561,351,1,1157247,115724,20000,1061523,4,2024-12-29,4,52,2
2388,1716,201,1,1025325,51266,15000,989059,9,2024-09-18,2,18,2
2389,571,333,2,1187247,0,25000,2399494,12,2024-03-11,4,24,14
2390,1831,217,2,995325,99532,15000,1806586,8,2026-05-04,7,41,25
2391,983,227,1,1179215,0,30000,1209215,1,2026-01-30,4,50,23
2392,27,444,1,1013839,0,10000,1023839,12,2024-08-25,6,10,29
2393,1151,42,1,999429,49971,20000,969458,1,2024-10-24,4,58,24
2394,60,110,1,1108263,0,20000,1128263,4,2024-11-15,4,35,25
2395,472,259,1,247829,0,30000,277829,7,2026-03-15,3,51,2
2396,1694,305,1,145454,0,30000,175454,7,2024-02-16,1,34,17
2397,1167,208,1,995325,99532,25000,920793,8,2024-10-03,4,56,17
2398,1253,400,1,1043936,0,20000,1063936,7,2025-09-07,4,25,29
2399,365,239,1,1189215,0,20000,1209215,9,2023-01-10,4,71,23
2400,388,464,1,372900,18645,30000,384255,2,2023-10-04,5,73,29
2401,289,304,3,145454,0,25000,461362,9,2025-02-27,1,46,14
2402,1263,471,1,382900,0,20000,402900,4,2023-09-02,5,70,10
2403,2389,335,5,1167247,0,20000,5856235,7,2024-08-02,1,66,1
2404,646,514,1,49707,0,30000,79707,5,2024-01-12,3,11,28
2405,2317,390,1,1063936,0,25000,1088936,4,2023-01-23,2,21,26
2406,1851,541,2,595602,29780,0,1131644,1,2024-11-21,3,25,7
2407,912,293,2,192494,19249,30000,376490,12,2023-04-23,5,10,3
2408,754,51,1,1039429,0,0,1039429,11,2023-06-10,5,18,21
2409,2164,372,2,1069326,53466,30000,2061720,2,2024-04-24,5,18,10
2410,632,37,1,791327,0,10000,801327,4,2026-04-28,1,32,14
2411,2267,154,1,1307879,0,0,1307879,2,2025-01-31,2,31,3
2412,2387,510,3,1184592,59229,10000,3386089,11,2026-07-07,4,59,26
2413,645,450,2,983839,49191,20000,1889296,9,2026-05-17,8,21,9
2414,1604,8,2,303478,0,10000,616956,7,2024-05-18,2,53,17
2415,427,312,1,155454,7772,25000,172682,8,2024-11-04,3,35,12
2416,97,413,1,1243713,0,20000,1263713,5,2024-02-10,4,72,27
2417,1224,127,2,1417646,70882,10000,2703528,10,2026-07-26,1,66,1
2418,258,214,1,1035325,0,25000,1060325,11,2023-06-12,3,28,18
2419,491,297,4,155454,23318,30000,558544,2,2026-04-13,4,57,14
2420,1681,256,4,207829,0,30000,861316,1,2026-04-25,3,59,25
2421,2341,348,1,1157247,57862,15000,1114385,3,2024-07-26,2,57,19
2422,2420,171,2,552301,110460,0,883682,9,2023-07-18,2,36,21
2423,1081,115,3,1118263,111826,0,3019311,10,2026-08-23,4,28,4
2424,733,280,3,232494,0,0,697482,11,2025-04-16,6,55,24
2425,544,247,2,237829,0,20000,495658,12,2024-04-21,1,41,7
2426,1206,79,1,836915,41845,20000,815070,3,2025-09-15,6,54,6
2427,2462,275,1,222494,11124,10000,221370,9,2024-11-16,3,27,20
2428,1434,86,3,205165,0,15000,630495,2,2025-12-14,4,16,7
2429,1159,285,2,212494,10624,25000,428740,8,2025-04-22,3,14,24
2430,699,61,3,836915,0,0,2510745,10,2024-01-25,5,13,9
2431,2136,350,2,1187247,0,25000,2399494,2,2024-11-24,3,16,26
2432,385,293,1,192494,0,10000,202494,6,2023-04-19,5,32,28
2433,2426,407,2,1043936,0,0,2087872,1,2024-11-22,5,69,7
2434,576,249,1,237829,0,0,237829,7,2023-08-21,3,51,12
2435,586,464,1,372900,55935,25000,341965,9,2023-04-11,2,72,2
2436,1125,480,2,465632,46563,0,838138,10,2026-02-12,4,26,18
2437,941,315,1,135454,13545,30000,151909,2,2025-12-25,1,2,16
2438,1047,486,1,455632,0,30000,485632,3,2026-08-20,4,67,26
2439,387,221,1,1179215,0,30000,1209215,9,2023-12-04,3,23,10
2440,379,309,2,175454,0,15000,365908,5,2024-09-29,5,49,5
2441,1903,546,2,555602,27780,10000,1065644,10,2026-03-07,5,53,17
2442,1231,17,3,263478,0,25000,815434,9,2024-03-28,4,29,12
2443,1134,369,1,1079326,0,0,1079326,2,2024-05-20,4,12,28
2444,180,220,1,1035325,103532,20000,951793,1,2024-02-10,1,50,17
2445,1589,412,2,1212030,0,20000,2444060,12,2023-08-06,3,69,21
2446,127,535,1,555602,0,25000,580602,2,2023-10-05,6,66,3
2447,2190,399,2,1033936,0,10000,2077872,5,2023-08-05,5,33,9
2448,1338,379,1,1099326,0,20000,1119326,3,2023-04-25,5,11,21
2449,2338,420,3,1065563,106556,10000,2887021,10,2024-03-31,1,10,21
2450,32,280,2,232494,0,0,464988,12,2025-04-15,4,21,13
2451,280,30,1,761327,0,30000,791327,7,2024-02-01,5,68,17
2452,995,449,1,993839,0,25000,1018839,6,2025-02-08,4,66,18
2453,209,313,1,145454,0,30000,175454,3,2024-05-27,4,54,14
2454,1591,355,1,1079326,53966,0,1025360,6,2024-10-12,4,51,15
2455,1719,469,1,392900,39290,0,353610,2,2025-03-09,7,18,8
2456,2025,19,1,263478,0,30000,293478,9,2023-03-21,3,73,29
2457,1505,433,1,1023839,0,20000,1043839,12,2024-01-28,2,44,27
2458,1414,472,1,372900,18645,0,354255,4,2023-10-09,5,25,16
2459,2488,526,2,49707,0,25000,124414,9,2024-12-12,3,56,23
2460,2116,196,3,70278,0,10000,220834,3,2026-07-25,3,21,7
2461,2470,508,2,1174592,0,10000,2359184,2,2026-04-28,5,1,4
2462,985,225,4,1179215,0,0,4716860,5,2023-05-13,4,1,18
2463,1013,502,4,1174592,58729,15000,4478452,12,2023-04-08,4,73,23
2464,435,312,1,155454,0,20000,175454,1,2023-02-02,3,19,10
2465,1844,501,1,1174592,0,25000,1199592,1,2024-12-21,3,19,20
2466,2466,8,1,303478,0,20000,323478,2,2025-08-02,4,77,26
2467,457,529,3,89707,8970,15000,257211,9,2026-03-24,4,25,24
2468,546,419,2,1085563,108556,0,1954014,4,2025-02-18,3,50,18
2469,1946,69,1,876915,175383,20000,721532,10,2025-06-30,3,53,10
2470,1226,185,2,50278,7541,0,85474,5,2026-03-14,3,70,10
2471,1893,91,2,225165,0,0,450330,5,2026-07-19,4,42,11
2472,1822,484,1,425632,0,25000,450632,8,2023-12-02,5,44,21
2473,168,330,1,1177247,58862,15000,1133385,9,2024-11-23,5,11,15
2474,2199,546,2,555602,55560,20000,1020084,10,2026-01-18,4,48,4
2475,416,232,4,1179215,0,25000,4741860,8,2023-02-21,2,8,8
2476,1141,83,1,225165,0,0,225165,5,2025-06-16,2,69,8
2477,868,179,2,582301,0,15000,1179602,7,2024-09-26,1,23,28
2478,1945,546,1,555602,0,15000,570602,3,2024-09-30,5,28,26
2479,666,494,4,1164592,0,0,4658368,10,2025-04-20,4,2,14
2480,1253,327,3,1177247,58862,20000,3375155,5,2024-05-10,4,32,29
2481,258,44,3,1029429,51471,15000,2948874,7,2024-01-01,7,72,18
2482,417,499,1,1184592,0,0,1184592,8,2025-05-07,5,73,1
2483,2347,78,2,846915,127037,25000,1464756,11,2023-01-07,4,65,25
2484,1626,457,1,362900,18145,0,344755,6,2024-07-25,4,16,18
2485,163,221,2,1179215,0,20000,2378430,3,2023-07-09,5,41,28
2486,1630,137,1,1397646,209646,0,1188000,1,2025-09-15,2,45,5
2487,2419,352,1,1177247,0,0,1177247,5,2025-07-18,5,36,25
2488,1411,437,3,1003839,100383,30000,2740368,6,2023-05-31,2,58,11
2489,2036,382,1,1033936,0,0,1033936,8,2023-11-17,2,41,3
2490,2328,184,3,80278,0,25000,265834,6,2026-01-12,5,25,12
2491,120,121,2,1427646,71382,30000,2742528,12,2025-07-30,3,4,19
2492,757,5,2,273478,0,10000,556956,5,2025-07-23,5,67,11
2493,792,145,1,1317879,65893,20000,1271986,7,2026-05-29,6,63,16
2494,1110,385,1,1073936,161090,15000,927846,3,2025-09-01,2,36,27
2495,1203,518,1,69707,6970,30000,92737,10,2023-08-28,7,66,5
2496,145,499,1,1184592,59229,30000,1155363,7,2026-02-01,6,45,26
2497,1388,450,2,983839,49191,15000,1884296,12,2025-12-20,3,75,6
2498,1135,141,1,1287879,0,15000,1302879,11,2024-01-03,3,17,22
2499,2292,372,1,1069326,53466,10000,1025860,9,2026-08-29,2,63,7
2500,1337,111,1,1138263,113826,20000,1044437,4,2024-03-01,4,34,8
2501,279,281,1,212494,21249,30000,221245,5,2026-07-08,4,57,9
2502,807,457,2,362900,0,0,725800,9,2025-04-14,2,69,20
2503,734,510,1,1184592,59229,0,1125363,11,2025-06-17,5,70,11
2504,2138,392,1,1063936,53196,30000,1040740,1,2025-11-01,6,43,2
2505,1329,482,2,465632,23281,20000,904702,2,2023-03-04,2,52,18
2506,1073,417,1,1085563,54278,15000,1046285,6,2024-03-04,5,30,8
2507,544,66,1,866915,0,30000,896915,12,2023-06-25,5,67,7
2508,2056,496,2,1164592,116459,30000,2126266,6,2023-09-14,4,14,21
2509,1039,448,3,1023839,0,0,3071517,12,2026-08-01,4,45,28
2510,971,425,1,1148346,0,30000,1178346,12,2026-03-06,3,22,7
2511,1588,316,1,175454,0,15000,190454,6,2024-01-12,8,43,10
2512,2463,370,2,1069326,53466,10000,2041720,2,2023-11-12,6,49,1
2513,977,143,1,1317879,0,10000,1327879,8,2026-01-17,5,16,23
2514,878,83,2,225165,0,10000,460330,5,2023-06-19,1,77,15
2515,211,33,2,761327,114199,15000,1309256,11,2025-11-28,3,41,4
2516,1475,458,2,392900,0,15000,800800,4,2024-11-12,4,20,26
2517,740,235,4,1189215,0,10000,4766860,11,2026-02-21,2,9,12
2518,988,426,1,1118346,55917,25000,1087429,6,2026-01-30,4,76,6
2519,41,537,1,575602,28780,10000,556822,8,2025-11-16,2,41,6
2520,1118,343,1,1157247,115724,0,1041523,4,2025-11-11,6,60,19
2521,589,266,4,237829,11891,25000,928752,6,2023-04-20,4,73,7
2522,120,63,1,876915,0,25000,901915,9,2026-01-14,3,26,19
2523,1707,151,4,1307879,130787,15000,4723368,6,2023-04-22,3,65,12
2524,2320,512,1,1184592,0,15000,1199592,7,2025-12-25,5,32,23
2525,583,543,2,575602,0,30000,1181204,10,2023-06-18,6,23,7
2526,1253,252,2,217829,0,25000,460658,11,2025-07-28,4,11,29
2527,567,39,1,791327,0,15000,806327,3,2023-10-21,4,65,13
2528,321,216,1,995325,49766,0,945559,2,2024-12-25,3,50,12
2529,677,236,1,1199215,0,25000,1224215,8,2024-11-10,5,64,27
2530,1523,80,2,846915,0,10000,1703830,12,2025-09-02,2,56,9
2531,1949,248,1,237829,23782,25000,239047,4,2023-02-24,5,21,3
2532,1916,263,4,217829,10891,20000,847752,11,2025-05-22,3,29,6
2533,254,214,1,1035325,0,25000,1060325,6,2023-06-08,6,33,1
2534,1830,446,5,993839,49691,10000,4730740,6,2024-05-12,1,71,1
2535,2204,179,1,582301,58230,30000,554071,6,2024-12-03,3,54,28
2536,609,142,1,1317879,0,10000,1327879,2,2026-01-22,4,20,25
2537,1498,514,2,49707,0,30000,129414,12,2024-12-29,4,27,29
2538,1955,123,1,1427646,0,15000,1442646,11,2023-02-12,4,53,9
2539,240,469,1,392900,0,15000,407900,12,2025-07-11,3,44,11
2540,1921,334,2,1167247,116724,0,2101046,2,2024-09-07,2,48,13
2541,2157,499,1,1184592,236918,0,947674,3,2025-04-30,2,50,9
2542,1300,440,4,1013839,0,20000,4075356,6,2024-08-28,4,66,15
2543,408,13,3,293478,0,10000,890434,9,2024-03-13,5,45,23
2544,1951,139,1,1397646,0,30000,1427646,6,2025-10-28,5,5,22
2545,2011,73,2,876915,87691,15000,1593448,12,2024-01-19,2,1,1
2546,964,450,3,983839,0,20000,2971517,7,2023-12-21,2,40,9
2547,2022,43,1,1019429,0,25000,1044429,1,2026-03-11,5,15,14
2548,1658,274,1,192494,0,15000,207494,4,2026-02-27,3,75,16
2549,110,177,1,552301,0,0,552301,9,2024-11-13,5,61,13
2550,181,5,1,273478,0,10000,283478,1,2023-01-11,2,46,23
2551,538,171,1,552301,0,25000,577301,7,2024-04-27,5,7,18
2552,2340,542,1,595602,59560,20000,556042,8,2025-12-19,1,15,10
2553,378,293,1,192494,28874,10000,173620,8,2023-02-01,3,46,3
2554,409,125,4,1397646,0,25000,5615584,7,2026-03-03,1,54,7
2555,239,413,2,1243713,62185,20000,2383056,1,2024-10-25,5,24,2
2556,807,125,1,1397646,0,15000,1412646,12,2025-08-10,1,40,20
2557,64,404,3,1053936,0,10000,3171808,1,2024-11-27,5,45,14
2558,1128,91,2,225165,22516,25000,430298,11,2023-11-13,5,41,19
2559,1228,391,2,1063936,53196,20000,2041480,11,2025-06-02,3,33,20
2560,492,285,1,212494,0,0,212494,1,2025-04-23,1,15,20
2561,1817,270,1,192494,0,20000,212494,1,2024-03-09,5,61,6
2562,2080,183,1,60278,0,10000,70278,12,2024-05-07,3,70,4
2563,915,493,1,1174592,0,30000,1204592,4,2024-04-01,5,31,16
2564,1350,46,1,1009429,50471,0,958958,7,2024-07-04,4,48,27
2565,2208,432,5,768998,38449,0,3652745,11,2025-08-03,1,7,19
2566,78,360,2,1079326,0,25000,2183652,3,2023-03-15,5,35,16
2567,2492,245,2,247829,0,15000,510658,10,2025-10-20,4,11,23
2568,230,132,1,1417646,141764,10000,1285882,6,2024-08-07,1,45,27
2569,1438,539,1,585602,0,25000,610602,8,2026-07-21,4,44,23
2570,1346,101,4,1148263,0,0,4593052,4,2025-08-01,4,71,6
2571,789,503,1,1204592,0,15000,1219592,9,2023-10-06,3,41,14
2572,432,203,2,1015325,0,10000,2040650,12,2023-02-03,4,39,23
2573,2250,317,1,165454,0,10000,175454,12,2023-08-12,7,36,27
2574,1858,48,1,1029429,51471,10000,987958,8,2024-10-23,2,5,24
2575,194,433,1,1023839,102383,0,921456,12,2023-05-17,3,73,26
2576,340,189,1,90278,0,0,90278,9,2025-09-23,4,20,29
2577,676,493,1,1174592,58729,30000,1145863,12,2025-03-05,4,1,12
2578,91,308,1,145454,7272,25000,163182,1,2025-06-08,5,47,6
2579,1651,103,1,1138263,0,25000,1163263,2,2025-02-25,4,3,15
2580,1283,515,1,79707,0,15000,94707,4,2025-09-11,4,3,8
2581,2020,330,1,1177247,0,30000,1207247,2,2026-04-13,3,34,9
2582,552,514,2,49707,4970,25000,114474,11,2026-03-30,1,52,25
2583,1946,328,2,1147247,172087,20000,1970320,6,2023-09-03,2,36,10
2584,1565,287,2,222494,0,10000,454988,10,2026-04-26,1,74,27
2585,1386,352,2,1177247,0,0,2354494,6,2023-11-10,1,69,5
2586,2261,472,1,372900,0,15000,387900,10,2023-05-01,5,13,5
2587,2077,531,1,59707,0,15000,74707,9,2023-03-22,8,31,16
2588,2491,191,1,60278,0,20000,80278,8,2023-06-24,5,65,19
2589,1182,49,1,1009429,0,10000,1019429,9,2024-03-05,6,11,27
2590,365,396,2,1043936,0,20000,2107872,2,2026-02-14,4,16,23
2591,926,292,1,232494,0,20000,252494,7,2023-01-14,5,9,24
2592,1274,328,1,1147247,0,0,1147247,10,2025-10-17,4,9,5
2593,1115,542,1,595602,0,0,595602,2,2025-10-25,5,30,1
2594,242,173,2,572301,0,25000,1169602,5,2024-05-04,4,2,28
2595,384,254,3,247829,49565,25000,619792,6,2023-06-13,2,72,16
2596,2377,154,1,1307879,130787,10000,1187092,4,2023-06-09,3,58,1
2597,1184,331,1,1157247,57862,20000,1119385,2,2025-05-11,4,48,20
2598,2234,201,1,1025325,102532,15000,937793,8,2026-07-25,4,40,27
2599,183,107,1,1138263,113826,30000,1054437,2,2025-09-25,8,24,10
2600,62,524,3,69707,0,25000,234121,12,2026-06-01,5,49,12
2601,1729,125,2,1397646,69882,25000,2680528,3,2024-12-12,5,49,19
2602,1686,122,1,1427646,0,30000,1457646,8,2025-04-05,5,58,23
2603,2058,435,2,1023839,51191,15000,1960296,5,2023-02-24,4,69,19
2604,1521,461,1,392900,19645,25000,398255,8,2025-05-18,6,63,12
2605,1976,220,2,1035325,0,0,2070650,6,2025-06-07,6,5,3
2606,2149,137,1,1397646,0,20000,1417646,4,2025-04-22,2,73,8
2607,1143,479,3,435632,0,30000,1336896,7,2024-05-04,5,64,13
2608,2049,415,3,1243713,124371,0,3358026,11,2026-02-25,3,70,18
2609,1072,413,1,1243713,62185,10000,1191528,8,2025-01-23,1,27,3
2610,274,255,1,237829,11891,25000,250938,11,2023-10-05,5,72,7
2611,686,521,2,89707,0,10000,189414,11,2026-04-10,8,21,22
2612,1420,342,3,1177247,117724,20000,3198569,4,2026-04-20,4,8,28
2613,2141,551,1,555602,0,20000,575602,10,2025-11-14,4,9,19
2614,42,428,1,1138346,0,15000,1153346,4,2026-05-16,5,40,19
2615,323,504,1,1194592,119459,0,1075133,5,2024-08-24,4,70,10
2616,1999,128,1,1427646,142764,10000,1294882,9,2025-03-24,3,41,13
2617,1545,246,1,207829,10391,15000,212438,12,2026-04-14,5,7,13
2618,1027,107,1,1138263,0,30000,1168263,12,2026-06-17,4,51,10
2619,732,273,1,202494,10124,10000,202370,8,2025-07-21,4,8,5
2620,1011,147,3,1297879,0,20000,3913637,1,2023-06-20,3,9,5
2621,314,524,1,69707,3485,0,66222,6,2026-06-23,1,74,20
2622,651,47,1,1029429,0,25000,1054429,9,2026-05-10,5,3,13
2623,707,81,1,205165,20516,0,184649,4,2023-11-03,3,40,21
2624,447,93,1,195165,9758,0,185407,8,2025-02-27,6,33,25
2625,1143,418,3,1105563,55278,15000,3165855,2,2023-06-30,3,24,13
2626,846,349,1,1177247,0,20000,1197247,5,2024-05-21,5,12,16
2627,1683,416,1,1263713,0,20000,1283713,9,2024-12-15,2,53,13
2628,2085,410,1,1182030,0,20000,1202030,5,2024-09-22,6,27,19
2629,735,325,3,1147247,0,0,3441741,2,2024-10-28,8,53,28
2630,947,408,1,1063936,0,20000,1083936,10,2025-01-19,4,55,4
2631,1966,498,2,1164592,0,10000,2339184,5,2026-07-04,3,44,29
2632,1123,283,2,222494,22249,15000,415490,2,2023-11-03,5,41,10
2633,1418,26,2,791327,0,10000,1592654,12,2024-03-18,7,10,14
2634,1136,41,4,1009429,50471,10000,3845832,10,2025-12-02,4,33,21
2635,1655,373,1,1079326,0,10000,1089326,2,2026-07-28,6,7,20
2636,1226,107,3,1138263,113826,15000,3088311,4,2023-03-12,7,67,10
2637,1934,27,2,761327,0,25000,1547654,11,2024-06-27,5,3,25
2638,200,98,5,195165,0,10000,985825,12,2025-01-12,4,20,3
2639,1602,131,1,1407646,0,10000,1417646,7,2024-05-14,5,47,1
2640,491,114,5,1138263,170739,10000,4847620,10,2025-09-29,5,14,14
2641,2093,217,1,995325,0,20000,1015325,4,2023-10-14,2,69,5
2642,2099,217,4,995325,0,15000,3996300,7,2023-08-19,3,64,14
2643,366,506,1,1194592,0,30000,1224592,7,2026-03-14,5,2,19
2644,350,98,1,195165,0,10000,205165,12,2025-10-03,2,42,10
2645,504,255,2,237829,11891,10000,461876,6,2026-03-03,1,32,19
2646,1769,172,2,562301,28115,30000,1098372,5,2024-12-22,2,46,21
2647,91,280,2,232494,0,25000,489988,5,2026-07-21,3,58,6
2648,369,440,2,1013839,152075,30000,1753528,3,2025-10-13,4,10,5
2649,527,298,1,165454,24818,10000,150636,2,2026-01-03,5,52,16
2650,1538,134,2,1417646,0,10000,2845292,11,2024-02-03,4,37,4
2651,1799,237,1,1169215,0,10000,1179215,3,2026-08-11,6,33,15
2652,1773,205,1,1025325,0,20000,1045325,2,2023-11-22,4,21,19
2653,1030,107,1,1138263,0,25000,1163263,9,2024-11-28,5,36,25
2654,1423,8,1,303478,30347,15000,288131,8,2025-09-03,4,55,11
2655,880,280,1,232494,0,15000,247494,5,2024-10-01,4,5,9
2656,1318,187,3,60278,0,10000,190834,11,2025-03-02,4,17,12
2657,1225,276,2,222494,0,15000,459988,2,2024-07-03,5,74,14
2658,1512,327,4,1177247,176587,30000,4032640,8,2026-04-17,4,62,15
2659,1081,506,1,1194592,0,30000,1224592,8,2024-10-13,3,4,4
2660,1735,183,1,60278,0,0,60278,3,2025-05-26,5,24,8
2661,1232,200,2,60278,3013,20000,134530,5,2023-02-23,8,37,4
2662,1950,169,1,552301,0,25000,577301,7,2026-01-27,7,15,28
2663,705,532,4,59707,0,0,238828,7,2024-12-14,3,71,20
2664,211,49,2,1009429,0,30000,2048858,9,2023-10-01,4,1,4
2665,2055,527,4,89707,0,0,358828,3,2026-05-01,4,46,26
2666,472,5,2,273478,0,10000,556956,6,2023-12-29,2,34,2
2667,2314,84,1,235165,0,20000,255165,10,2025-10-02,5,17,24
2668,2377,12,1,303478,0,0,303478,11,2026-04-18,1,22,1
2669,1963,140,3,1407646,70382,25000,4036792,10,2023-12-13,7,66,13
2670,1015,341,3,1157247,0,10000,3481741,1,2025-12-12,2,30,22
2671,700,307,1,175454,0,30000,205454,11,2023-12-31,4,5,1
2672,955,493,3,1174592,0,20000,3543776,6,2023-01-26,2,7,2
2673,2221,336,1,1157247,57862,0,1099385,9,2025-02-16,4,75,16
2674,2359,166,5,542301,0,25000,2736505,6,2025-01-26,3,11,7
2675,575,523,1,89707,4485,0,85222,10,2024-01-18,1,75,27
2676,1871,297,2,155454,0,0,310908,2,2026-06-30,5,48,2
2677,256,241,1,227829,11391,10000,226438,12,2026-04-08,4,45,8
2678,88,109,1,1108263,166239,25000,967024,5,2026-06-10,3,67,25
2679,1103,235,2,1189215,178382,30000,2051666,9,2024-02-22,4,55,17
2680,2009,77,1,856915,0,30000,886915,12,2026-07-11,5,44,7
2681,2437,332,3,1187247,0,25000,3586741,11,2026-06-25,3,64,5
2682,183,479,5,435632,65344,0,1851440,12,2023-04-16,5,7,10
2683,1502,194,1,80278,0,15000,95278,2,2024-04-20,4,61,28
2684,828,273,1,202494,0,30000,232494,6,2024-01-03,1,69,6
2685,1778,431,1,758998,0,30000,788998,11,2026-01-17,4,29,29
2686,1910,58,1,1009429,0,15000,1024429,2,2026-01-14,3,15,3
2687,2049,347,2,1187247,178087,30000,2048320,10,2025-12-04,5,19,18
2688,1333,344,1,1167247,0,10000,1177247,7,2025-03-02,3,55,28
2689,2248,123,1,1427646,0,10000,1437646,5,2024-09-17,5,3,20
2690,381,60,4,1039429,0,0,4157716,4,2023-01-02,5,72,27
2691,743,281,3,212494,0,10000,647482,5,2023-12-04,3,73,19
2692,329,527,2,89707,0,30000,209414,9,2024-10-05,4,43,24
2693,267,461,2,392900,0,15000,800800,7,2024-10-29,5,75,17
2694,168,219,1,995325,149298,30000,876027,10,2026-02-16,3,27,15
2695,1162,280,1,232494,0,25000,257494,1,2023-02-28,5,1,13
2696,2403,334,1,1167247,0,25000,1192247,4,2025-05-02,4,25,4
2697,352,408,1,1063936,0,20000,1083936,5,2024-01-26,5,3,27
2698,198,458,1,392900,0,25000,417900,10,2024-05-01,5,4,9
2699,1140,22,2,781327,0,20000,1582654,1,2025-05-31,3,74,5
2700,1809,385,1,1073936,0,15000,1088936,1,2023-08-03,4,70,6
2701,1345,221,2,1179215,0,25000,2383430,12,2025-02-22,3,46,26
2702,802,193,1,70278,0,30000,100278,12,2025-12-27,3,43,20
2703,2314,252,1,217829,21782,25000,221047,3,2024-06-08,2,53,24
2704,2246,527,2,89707,0,20000,199414,11,2025-11-25,4,72,20
2705,977,181,1,90278,4513,0,85765,4,2025-02-08,4,3,23
2706,2152,124,1,1407646,70382,10000,1347264,12,2025-10-01,2,23,23
2707,1374,544,2,565602,0,30000,1161204,10,2024-10-31,5,15,11
2708,1802,475,1,445632,22281,0,423351,8,2023-12-05,4,65,26
2709,1275,130,1,1407646,140764,20000,1286882,1,2024-06-28,5,8,25
2710,570,354,2,1069326,53466,15000,2046720,3,2024-06-04,4,44,14
2711,1222,359,2,1079326,53966,25000,2075720,6,2024-06-09,4,12,23
2712,1602,66,1,866915,0,0,866915,11,2026-05-03,8,34,1
2713,2407,22,1,781327,0,15000,796327,7,2023-02-27,5,22,5
2714,1533,149,3,1287879,64393,15000,3685458,10,2026-08-22,2,59,22
2715,2385,50,1,1039429,51971,20000,1007458,8,2024-03-20,5,46,1
2716,1052,305,1,145454,0,0,145454,6,2023-11-07,5,62,21
2717,2432,506,1,1194592,0,25000,1219592,3,2026-04-21,1,36,2
2718,240,485,1,425632,0,20000,445632,1,2025-01-25,2,54,11
2719,200,106,2,1108263,0,20000,2236526,7,2025-11-13,2,54,3
2720,846,235,1,1189215,59460,0,1129755,11,2023-12-17,1,58,16
2721,1707,352,1,1177247,0,10000,1187247,7,2023-12-22,2,13,12
2722,1375,267,4,217829,21782,0,784188,9,2024-01-24,1,17,17
2723,829,136,2,1397646,0,0,2795292,11,2024-03-13,2,29,5
2724,1129,409,1,1172030,58601,0,1113429,2,2023-03-30,5,70,13
2725,902,239,1,1189215,0,15000,1204215,12,2025-02-01,3,65,19
2726,1327,425,1,1148346,114834,15000,1048512,2,2024-03-26,2,66,11
2727,2224,243,1,217829,10891,25000,231938,6,2024-06-13,2,20,15
2728,1700,260,1,247829,12391,0,235438,4,2026-04-17,3,27,14
2729,850,136,1,1397646,139764,25000,1282882,9,2023-04-07,5,6,8
2730,13,98,2,195165,0,30000,420330,6,2025-08-13,5,44,8
2731,1077,90,4,235165,11758,0,893628,9,2025-09-29,2,70,27
2732,799,298,1,165454,0,20000,185454,2,2024-01-26,4,76,16
2733,1091,351,2,1157247,115724,20000,2103046,10,2024-09-14,5,49,17
2734,1409,207,1,1015325,0,0,1015325,12,2023-11-05,4,18,15
2735,935,313,5,145454,14545,30000,684545,11,2023-03-30,3,57,4
2736,1560,353,5,1089326,0,10000,5456630,1,2024-11-28,8,17,12
2737,1199,183,1,60278,3013,0,57265,7,2024-01-14,3,40,15
2738,890,198,2,50278,2513,0,95530,10,2024-04-11,5,58,3
2739,655,68,1,856915,42845,10000,824070,10,2026-07-07,7,21,24
2740,36,218,2,1025325,51266,20000,1968118,5,2025-06-24,3,17,16
2741,478,96,1,205165,0,0,205165,1,2023-04-08,1,15,7
2742,1075,402,1,1033936,0,10000,1043936,1,2023-03-05,4,40,5
2743,1395,397,4,1043936,104393,30000,3788172,1,2026-04-13,3,26,12
2744,2447,367,1,1099326,0,10000,1109326,12,2026-01-27,4,68,8
2745,2350,188,2,60278,0,10000,130556,4,2024-04-16,3,24,22
2746,1098,542,2,595602,0,20000,1211204,7,2024-09-21,5,77,25
2747,1462,474,1,425632,21281,15000,419351,10,2025-06-11,3,46,9
2748,673,103,1,1138263,0,0,1138263,11,2026-05-05,2,38,3
2749,969,266,1,237829,0,0,237829,12,2024-12-02,3,66,13
2750,1907,124,2,1407646,0,10000,2825292,12,2024-06-27,2,35,2
2751,2347,297,1,155454,7772,25000,172682,6,2024-07-09,3,51,25
2752,1272,309,5,175454,0,30000,907270,2,2026-06-22,3,48,5
2753,576,96,1,205165,10258,30000,224907,2,2025-08-07,1,29,12
2754,2373,88,1,205165,0,20000,225165,5,2024-02-20,3,51,22
2755,542,217,2,995325,0,15000,2005650,12,2023-08-25,3,19,1
2756,2340,115,3,1118263,111826,10000,3029311,1,2024-11-17,5,53,10
2757,1808,223,1,1179215,58960,25000,1145255,10,2025-08-17,1,28,15
2758,1640,405,1,1053936,105393,15000,963543,4,2024-06-06,7,73,6
2759,2456,90,3,235165,0,25000,730495,9,2023-08-26,6,73,21
2760,2090,216,4,995325,0,0,3981300,10,2023-06-21,3,65,7
2761,2180,330,1,1177247,58862,0,1118385,2,2024-09-13,3,45,19
2762,355,272,1,202494,10124,25000,217370,11,2023-07-12,3,53,27
2763,293,481,4,425632,85126,20000,1382024,11,2023-11-26,6,60,23
2764,1269,236,3,1199215,0,15000,3612645,6,2023-12-29,3,53,8
2765,342,275,2,222494,11124,15000,437740,1,2024-12-19,2,9,17
2766,1064,395,2,1043936,0,25000,2112872,6,2024-08-29,3,37,22
2767,14,92,1,195165,0,10000,205165,10,2024-11-14,1,67,19
2768,2060,305,2,145454,0,0,290908,1,2026-08-18,2,46,4
2769,1004,58,2,1009429,0,0,2018858,12,2026-05-27,8,20,11
2770,760,156,2,1317879,0,30000,2665758,5,2026-08-31,7,9,4
2771,1748,418,4,1105563,55278,0,4201140,11,2025-10-20,5,52,18
2772,825,163,2,542301,27115,30000,1060372,5,2025-12-22,3,8,6
2773,30,493,1,1174592,0,30000,1204592,10,2023-02-07,5,53,13
2774,1497,359,2,1079326,0,10000,2168652,6,2024-01-15,1,43,27
2775,213,122,1,1427646,0,15000,1442646,4,2024-01-22,4,56,25
2776,1593,440,2,1013839,101383,0,1824912,11,2024-06-13,3,43,28
2777,1223,298,1,165454,0,15000,180454,3,2025-06-09,4,16,24
2778,1067,339,5,1187247,118724,10000,5352615,6,2023-06-01,1,48,28
2779,931,167,1,542301,81345,15000,475956,6,2024-10-17,5,41,28
2780,632,397,3,1043936,156590,15000,2677038,1,2023-01-02,5,46,14
2781,855,402,1,1033936,0,10000,1043936,9,2025-12-06,8,37,28
2782,2362,205,5,1025325,153798,10000,4367635,9,2026-03-30,5,72,29
2783,1590,518,2,69707,0,0,139414,11,2025-04-12,1,44,6
2784,2172,353,1,1089326,0,30000,1119326,6,2024-01-04,2,23,10
2785,1742,106,4,1108263,0,20000,4453052,4,2024-03-08,5,57,15
2786,1887,166,1,542301,27115,30000,545186,1,2023-02-06,2,6,4
2787,1432,55,1,1039429,0,0,1039429,8,2026-07-29,5,73,18
2788,929,454,1,382900,57435,25000,350465,1,2026-06-10,5,34,7
2789,1514,103,4,1138263,0,30000,4583052,5,2025-11-06,3,22,17
2790,2278,458,2,392900,0,15000,800800,5,2024-08-29,2,64,18
2791,1067,7,2,303478,30347,20000,566262,6,2023-08-02,5,10,28
2792,1641,165,1,562301,0,30000,592301,11,2024-10-24,2,75,12
2793,259,408,2,1063936,0,30000,2157872,12,2023-03-11,1,62,21
2794,966,236,1,1199215,0,20000,1219215,10,2025-04-06,5,13,20
2795,420,322,2,135454,0,25000,295908,8,2024-09-16,3,49,23
2796,1871,285,1,212494,0,10000,222494,5,2025-10-01,5,53,2
2797,1806,352,3,1177247,0,30000,3561741,7,2025-02-07,3,38,16
2798,1627,70,2,876915,0,0,1753830,9,2024-04-29,7,48,22
2799,1522,142,1,1317879,131787,0,1186092,8,2026-04-18,3,39,28
2800,2244,168,1,582301,0,15000,597301,4,2025-10-01,5,23,14
2801,360,11,1,293478,0,0,293478,9,2024-10-26,2,67,3
2802,481,275,2,222494,0,15000,459988,2,2024-02-20,1,12,14
2803,187,84,2,235165,0,20000,490330,9,2023-09-22,3,12,18
2804,1946,447,1,1003839,150575,15000,868264,4,2024-10-03,5,65,10
2805,763,70,1,876915,43845,30000,863070,5,2023-04-26,4,62,19
2806,2085,26,2,791327,0,25000,1607654,9,2023-01-18,2,47,19
2807,1103,198,1,50278,2513,10000,57765,3,2025-07-07,3,40,17
2808,249,177,1,552301,0,30000,582301,11,2025-08-03,3,38,23
2809,1662,447,2,1003839,0,0,2007678,12,2025-03-27,4,23,14
2810,1881,153,1,1277879,0,30000,1307879,9,2026-03-16,2,57,26
2811,2084,421,4,530089,0,10000,2130356,5,2023-02-22,5,36,6
2812,945,451,4,1013839,0,25000,4080356,11,2024-12-18,2,3,28
2813,2104,330,1,1177247,0,10000,1187247,5,2024-02-16,4,1,20
2814,1847,530,1,69707,0,30000,99707,12,2023-11-11,3,36,13
2815,1213,112,2,1128263,0,20000,2276526,5,2026-06-19,4,37,11
2816,1337,84,1,235165,23516,30000,241649,7,2025-07-22,4,3,8
2817,87,133,1,1397646,0,0,1397646,1,2025-06-02,7,2,28
2818,706,484,2,425632,42563,30000,796138,9,2026-07-27,4,18,28
2819,1099,433,1,1023839,51191,10000,982648,3,2026-07-05,1,20,10
2820,697,124,1,1407646,211146,0,1196500,1,2024-01-06,3,27,7
2821,2198,223,3,1179215,0,30000,3567645,4,2024-10-17,5,22,2
2822,589,231,1,1199215,0,15000,1214215,7,2025-10-10,1,8,7
2823,878,538,4,575602,115120,0,1841928,9,2025-11-22,3,75,15
2824,2437,278,2,222494,0,30000,474988,11,2026-08-20,2,25,5
2825,723,515,4,79707,3985,20000,322888,7,2023-09-17,5,16,25
2826,2391,456,1,362900,0,25000,387900,3,2026-05-17,3,15,20
2827,929,457,4,362900,18145,30000,1409020,3,2024-05-06,6,11,7
2828,1413,366,3,1079326,53966,20000,3096080,8,2024-06-16,2,4,1
2829,1082,529,4,89707,8970,15000,337948,3,2023-04-16,5,23,11
2830,1854,206,1,1035325,103532,15000,946793,6,2024-12-03,4,7,22
2831,869,449,3,993839,0,10000,2991517,1,2025-12-10,5,52,8
2832,2256,253,1,217829,21782,20000,216047,7,2023-01-10,2,49,5
2833,1489,520,1,79707,11956,20000,87751,2,2025-09-16,6,41,21
2834,960,232,1,1179215,0,25000,1204215,10,2025-08-16,2,5,22
2835,1011,547,2,585602,0,30000,1201204,7,2024-01-13,1,77,5
2836,1879,389,3,1073936,161090,10000,2748538,12,2024-08-15,4,68,23
2837,629,45,1,1019429,50971,10000,978458,1,2023-09-03,3,74,21
2838,1447,163,1,542301,0,20000,562301,2,2026-06-10,3,58,11
2839,1830,155,1,1317879,65893,30000,1281986,1,2024-05-17,4,9,1
2840,1828,329,2,1157247,0,30000,2344494,8,2023-08-19,3,38,7
2841,1015,378,1,1059326,52966,20000,1026360,5,2025-09-09,5,34,22
2842,2481,521,2,89707,0,30000,209414,2,2026-05-23,4,52,1
2843,2014,532,4,59707,8956,0,203004,3,2025-09-26,2,37,26
2844,556,225,2,1179215,0,0,2358430,4,2026-03-24,4,39,2
2845,2185,492,3,455632,0,15000,1381896,11,2023-09-05,5,3,23
2846,796,57,3,1009429,0,25000,3053287,1,2024-02-06,6,25,6
2847,1104,211,1,995325,0,20000,1015325,2,2025-01-26,5,20,14
2848,1513,30,3,761327,38066,25000,2194783,11,2026-03-15,5,70,13
2849,2217,511,2,1194592,119459,10000,2160266,3,2023-08-10,2,75,7
2850,1971,538,1,575602,0,25000,600602,12,2023-09-30,2,74,22
2851,1623,216,4,995325,0,30000,4011300,3,2026-01-09,1,4,23
2852,1757,472,2,372900,0,0,745800,9,2024-07-20,5,9,1
2853,2371,70,4,876915,43845,25000,3357280,1,2025-03-04,3,60,1
2854,1556,551,2,555602,0,15000,1126204,10,2026-08-22,5,9,21
2855,2236,360,1,1079326,0,15000,1094326,3,2023-09-03,3,57,2
2856,1323,343,4,1157247,0,0,4628988,9,2023-12-25,5,6,19
2857,2025,139,1,1397646,69882,10000,1337764,1,2025-12-12,5,17,29
2858,1948,185,1,50278,0,10000,60278,6,2023-11-27,2,22,24
2859,603,248,1,237829,0,30000,267829,5,2025-09-24,3,9,5
2860,1572,240,2,1169215,58460,20000,2241510,6,2025-03-01,3,75,12
2861,541,477,1,455632,0,30000,485632,12,2025-06-18,4,36,16
2862,109,361,1,1069326,0,20000,1089326,6,2025-04-14,6,57,10
2863,250,391,3,1063936,0,15000,3206808,9,2024-08-09,4,56,24
2864,2440,517,1,79707,7970,30000,101737,7,2026-07-05,3,21,9
2865,516,96,3,205165,20516,10000,563947,1,2026-06-11,3,42,11
2866,2446,3,4,263478,39521,0,895828,1,2024-05-09,1,3,18
2867,1975,483,2,455632,0,25000,936264,3,2023-03-07,5,53,11
2868,1953,257,1,217829,10891,30000,236938,4,2024-02-21,5,24,4
2869,1302,58,2,1009429,0,25000,2043858,10,2024-01-16,2,20,22
2870,1945,265,2,247829,12391,15000,485876,6,2023-11-26,4,37,26
2871,1976,165,1,562301,56230,30000,536071,3,2024-08-02,4,38,3
2872,1794,471,4,382900,0,20000,1551600,7,2024-08-01,3,51,23
2873,1588,461,2,392900,58935,30000,697930,1,2026-02-16,3,49,10
2874,896,484,1,425632,0,10000,435632,2,2023-09-05,4,72,5
2875,1300,210,4,995325,49766,25000,3807236,8,2023-09-26,5,73,15
2876,2459,72,1,846915,0,10000,856915,3,2023-03-01,6,52,7
2877,1295,115,1,1118263,111826,0,1006437,7,2024-03-20,1,22,17
2878,1330,105,2,1108263,0,15000,2231526,9,2023-12-16,3,37,28
2879,942,499,2,1184592,0,25000,2394184,12,2024-08-18,3,13,20
2880,1454,136,1,1397646,0,10000,1407646,10,2023-12-10,2,9,6
2881,642,513,3,59707,0,10000,189121,10,2026-01-12,3,51,14
2882,1766,478,2,425632,0,10000,861264,8,2025-05-07,7,22,21
2883,1092,52,2,1019429,0,20000,2058858,4,2026-05-07,3,63,16
2884,2192,265,2,247829,12391,30000,500876,12,2025-05-01,4,77,15
2885,2027,103,2,1138263,56913,0,2162700,1,2025-02-18,4,66,23
2886,1748,359,1,1079326,0,0,1079326,5,2024-07-10,6,6,18
2887,1652,297,3,155454,7772,30000,473046,10,2025-02-03,5,28,7
2888,224,102,1,1148263,57413,15000,1105850,9,2024-05-31,5,58,26
2889,1941,169,1,552301,0,20000,572301,11,2026-05-30,5,42,24
2890,528,179,1,582301,0,30000,612301,11,2023-04-07,5,21,12
2891,1946,173,1,572301,28615,30000,573686,6,2024-01-14,5,41,10
2892,49,254,2,247829,12391,25000,495876,3,2026-07-04,3,43,4
2893,1753,481,5,425632,0,10000,2138160,8,2024-05-29,4,63,14
2894,784,12,5,303478,15173,0,1441525,9,2025-12-01,3,1,25
2895,1746,186,1,70278,3513,25000,91765,1,2025-03-31,6,75,19
2896,1881,214,1,1035325,0,10000,1045325,12,2023-03-20,4,15,26
2897,1599,281,2,212494,0,20000,444988,11,2025-10-20,1,46,12
2898,1028,26,2,791327,0,25000,1607654,10,2024-09-13,1,47,7
2899,1364,20,2,283478,14173,30000,568610,9,2025-02-22,4,39,3
2900,1112,184,3,80278,0,15000,255834,1,2023-05-26,5,18,4
2901,2431,240,5,1169215,0,0,5846075,5,2023-10-04,4,66,10
2902,1664,194,1,80278,0,25000,105278,6,2026-07-23,5,69,14
2903,1605,35,1,771327,38566,10000,742761,12,2024-06-02,3,14,11
2904,1535,197,1,80278,0,20000,100278,2,2025-09-24,6,5,18
2905,1077,335,1,1167247,0,15000,1182247,10,2026-01-13,3,51,27
2906,736,432,1,768998,115349,25000,678649,10,2023-08-01,5,63,25
2907,1373,518,3,69707,0,20000,229121,11,2025-01-07,4,62,10
2908,2096,84,1,235165,23516,25000,236649,10,2026-01-08,4,52,17
2909,320,108,2,1128263,169239,25000,1943048,11,2024-11-06,3,39,12
2910,796,186,1,70278,3513,25000,91765,5,2025-08-30,5,41,6
2911,1169,489,4,465632,46563,0,1676276,9,2025-08-02,3,44,2
2912,2262,520,2,79707,0,25000,184414,7,2024-11-25,5,37,4
2913,683,478,2,425632,21281,0,808702,2,2024-04-19,7,42,3
2914,1491,154,1,1307879,0,0,1307879,6,2025-05-22,6,50,9
2915,1597,411,4,1192030,0,25000,4793120,6,2023-11-28,1,17,17
2916,2408,154,1,1307879,0,15000,1322879,2,2025-07-11,3,55,28
2917,1676,41,1,1009429,100942,30000,938487,4,2024-07-22,3,21,4
2918,1986,343,1,1157247,0,25000,1182247,12,2024-05-03,4,29,12
2919,365,270,2,192494,0,15000,399988,9,2024-04-09,5,42,23
2920,675,514,3,49707,0,30000,179121,7,2026-03-29,1,55,18
2921,1319,213,1,1025325,51266,30000,1004059,1,2025-06-09,5,73,6
2922,88,156,3,1317879,0,0,3953637,4,2023-02-13,1,22,25
2923,1636,420,3,1065563,106556,25000,2902021,12,2025-05-06,1,66,25
2924,1052,316,2,175454,35090,25000,305728,7,2025-04-11,5,19,21
2925,1992,424,1,520089,0,30000,550089,5,2025-10-09,4,21,18
2926,256,88,1,205165,0,15000,220165,6,2024-12-26,7,26,8
2927,1343,161,5,582301,0,25000,2936505,7,2025-07-23,4,51,22
2928,1540,172,1,562301,0,10000,572301,2,2023-08-27,4,7,14
2929,183,119,1,1148263,57413,15000,1105850,9,2025-08-29,3,29,10
2930,2291,385,1,1073936,0,20000,1093936,1,2024-08-29,5,59,7
2931,829,98,4,195165,0,10000,790660,6,2026-01-26,2,29,5
2932,2452,511,1,1194592,0,20000,1214592,11,2024-07-12,3,4,20
2933,907,464,1,372900,0,0,372900,9,2026-07-29,3,53,6
2934,2164,192,4,60278,0,25000,266112,11,2025-02-26,5,25,10
2935,536,456,2,362900,0,10000,735800,5,2026-08-19,5,53,17
2936,1474,376,4,1099326,0,0,4397304,11,2024-03-17,2,77,25
2937,332,269,4,232494,11624,10000,893480,6,2026-03-06,3,74,23
2938,970,8,1,303478,30347,15000,288131,12,2025-01-18,3,63,4
2939,1380,297,5,155454,0,30000,807270,10,2023-04-29,4,13,13
2940,1283,152,3,1287879,0,0,3863637,11,2024-06-16,2,27,8
2941,2234,488,1,445632,44563,0,401069,12,2025-10-29,2,55,27
2942,1180,135,1,1397646,0,0,1397646,7,2023-02-15,1,70,7
2943,2494,483,1,455632,0,0,455632,9,2025-09-20,5,37,11
2944,1768,322,1,135454,0,30000,165454,12,2026-02-02,6,56,8
2945,1572,146,1,1317879,0,30000,1347879,5,2025-11-25,4,37,12
2946,1885,91,1,225165,11258,20000,233907,12,2023-07-13,2,19,29
2947,887,422,3,550089,0,20000,1670267,7,2026-06-23,8,33,8
2948,2018,146,2,1317879,0,25000,2660758,12,2025-11-23,7,25,1
2949,2359,342,1,1177247,0,30000,1207247,5,2026-02-24,2,60,7
2950,96,41,1,1009429,0,30000,1039429,8,2025-09-16,1,51,13
2951,1893,255,4,237829,0,15000,966316,3,2023-09-23,2,59,11
2952,885,240,1,1169215,58460,10000,1120755,6,2024-09-20,5,8,26
2953,853,312,2,155454,15545,10000,289818,11,2025-05-21,6,18,1
2954,12,74,1,836915,83691,15000,768224,6,2024-04-19,3,4,29
2955,2172,58,3,1009429,0,30000,3058287,2,2024-05-24,3,70,10
2956,678,64,1,856915,42845,0,814070,2,2024-10-07,5,3,16
2957,1108,222,1,1199215,59960,0,1139255,1,2024-07-19,4,75,8
2958,989,261,1,247829,12391,30000,265438,12,2026-04-18,1,68,24
2959,1656,516,1,69707,6970,15000,77737,11,2025-09-11,3,39,24
2960,667,360,1,1079326,107932,20000,991394,6,2023-11-15,3,60,26
2961,1501,446,3,993839,49691,15000,2847444,10,2024-11-18,7,23,1
2962,2023,350,1,1187247,0,10000,1197247,3,2025-10-09,5,53,14
2963,1279,287,1,222494,0,10000,232494,7,2025-06-22,1,8,14
2964,1456,179,1,582301,0,15000,597301,8,2026-06-09,4,10,13
2965,744,23,2,751327,0,30000,1532654,8,2024-08-12,3,58,10
2966,903,124,1,1407646,0,15000,1422646,9,2026-06-29,4,50,18
2967,1537,151,3,1307879,0,20000,3943637,6,2024-03-12,3,27,16
2968,1913,205,2,1025325,51266,20000,1968118,4,2024-03-22,4,8,9
2969,1312,550,1,575602,0,20000,595602,7,2025-06-08,5,46,27
2970,1591,70,1,876915,131537,25000,770378,11,2024-09-06,4,4,15
2971,1003,504,3,1194592,59729,25000,3429589,5,2026-08-04,6,40,15
2972,520,537,3,575602,0,20000,1746806,7,2026-07-29,4,15,11
2973,87,472,1,372900,0,20000,392900,12,2026-07-02,1,45,28
2974,1491,100,1,215165,0,25000,240165,2,2024-12-24,4,72,9
2975,1645,391,4,1063936,0,15000,4270744,10,2025-12-03,4,4,18
2976,1999,74,2,836915,83691,10000,1516448,1,2023-05-12,4,11,13
2977,1699,520,1,79707,0,15000,94707,3,2024-01-17,5,34,4
2978,247,400,1,1043936,0,0,1043936,8,2024-01-17,3,54,28
2979,44,352,1,1177247,0,10000,1187247,9,2026-06-03,5,17,6
2980,2477,305,2,145454,0,25000,315908,12,2023-05-18,5,17,2
2981,710,509,2,1194592,0,30000,2419184,4,2024-05-21,4,17,18
2982,1851,375,2,1059326,0,0,2118652,4,2024-11-27,6,5,7
2983,1226,521,2,89707,0,15000,194414,5,2024-02-20,3,27,10
2984,1814,141,3,1287879,0,30000,3893637,11,2023-06-17,1,36,21
2985,859,69,3,876915,131537,30000,2266134,12,2025-03-20,3,59,12
2986,273,551,1,555602,0,15000,570602,6,2023-02-03,1,39,20
2987,1482,195,1,60278,0,10000,70278,3,2024-08-27,7,46,3
2988,1816,4,5,303478,45521,25000,1314785,5,2024-08-21,4,14,4
2989,1466,22,4,781327,39066,30000,2999044,7,2024-04-28,1,33,28
2990,449,394,2,1033936,51696,10000,1974480,12,2025-09-15,3,15,4
2991,362,303,4,155454,0,25000,646816,11,2024-01-24,3,2,16
2992,548,24,3,791327,79132,25000,2161585,12,2025-08-17,5,45,23
2993,1135,338,2,1187247,0,10000,2384494,8,2025-11-26,2,62,22
2994,24,133,1,1397646,0,20000,1417646,8,2025-02-14,5,17,21
2995,725,460,2,362900,0,15000,740800,6,2024-11-18,6,16,26
2996,157,416,1,1263713,0,30000,1293713,12,2026-04-20,2,1,5
2997,788,16,1,273478,13673,15000,274805,12,2026-02-14,2,63,24
2998,80,532,1,59707,2985,20000,76722,6,2023-07-30,5,35,12
2999,939,472,5,372900,18645,10000,1781275,10,2024-01-15,4,59,13
3000,1276,535,1,555602,0,10000,565602,6,2023-09-15,2,29,6
3001,108,189,5,90278,0,20000,471390,5,2024-11-20,6,51,19
3002,2373,8,1,303478,15173,20000,308305,4,2026-08-03,5,62,22
3003,1391,541,4,595602,59560,30000,2174168,3,2023-01-20,3,24,5
3004,657,47,1,1029429,51471,0,977958,4,2023-06-18,4,36,24
3005,194,193,1,70278,10541,20000,79737,9,2023-09-30,4,39,26
3006,861,368,3,1099326,0,10000,3307978,11,2025-02-02,1,53,26
3007,2225,204,1,995325,99532,25000,920793,4,2024-05-06,3,53,18
3008,2080,385,2,1073936,53696,25000,2065480,10,2024-11-24,1,62,4
3009,1316,117,3,1108263,0,15000,3339789,12,2026-01-15,5,42,8
3010,662,400,1,1043936,0,20000,1063936,10,2024-05-22,5,40,1
3011,2219,215,1,1035325,155298,25000,905027,2,2023-11-16,4,51,1
3012,1639,236,1,1199215,59960,10000,1149255,1,2025-05-07,5,11,16
3013,1390,266,2,237829,11891,25000,476876,10,2023-07-19,2,60,10
3014,24,365,2,1089326,0,30000,2208652,2,2025-07-23,4,34,21
3015,1756,381,2,1033936,51696,20000,1984480,3,2023-03-06,3,55,19
3016,1121,18,1,293478,0,15000,308478,9,2025-09-15,2,32,12
3017,1498,424,1,520089,0,10000,530089,10,2024-06-17,3,42,29
3018,1355,112,1,1128263,169239,10000,969024,4,2025-05-14,2,7,15
3019,1227,499,1,1184592,0,25000,1209592,7,2026-05-01,3,47,8
3020,344,172,1,562301,0,10000,572301,5,2025-06-05,5,34,8
3021,1280,392,1,1063936,53196,25000,1035740,4,2023-07-19,5,66,11
3022,614,381,2,1033936,0,15000,2082872,4,2026-04-17,4,61,28
3023,1388,164,2,582301,0,0,1164602,2,2024-03-12,5,51,6
3024,1728,459,2,392900,0,20000,805800,7,2025-11-20,4,68,24
3025,817,135,1,1397646,0,25000,1422646,2,2025-07-11,1,52,4
3026,1038,258,3,237829,0,20000,733487,8,2026-06-17,5,11,16
3027,1913,59,2,1029429,0,10000,2068858,9,2025-10-29,5,60,9
3028,86,360,3,1079326,0,25000,3262978,10,2024-07-03,1,75,12
3029,2465,548,2,555602,0,0,1111204,5,2024-09-04,6,22,25
3030,328,319,1,135454,13545,15000,136909,6,2025-03-10,1,11,7
3031,682,537,2,575602,0,30000,1181204,9,2023-12-10,4,15,17
3032,967,354,1,1069326,0,10000,1079326,9,2023-04-12,6,73,5
3033,152,31,1,751327,0,15000,766327,2,2023-08-27,3,20,6
3034,1470,266,2,237829,11891,10000,461876,4,2026-01-15,3,13,2
3035,1372,54,2,1009429,0,25000,2043858,8,2026-08-28,3,7,22
3036,530,368,3,1099326,109932,25000,2993182,4,2024-07-03,1,42,11
3037,189,397,1,1043936,0,10000,1053936,10,2024-07-24,5,65,16
3038,2183,515,4,79707,3985,25000,327888,9,2024-07-27,4,54,24
3039,2124,290,1,222494,0,0,222494,5,2024-08-01,2,73,27
3040,144,359,2,1079326,0,20000,2178652,7,2025-02-16,1,19,9
3041,587,232,1,1179215,117921,15000,1076294,4,2025-08-07,5,49,25
3042,455,252,3,217829,10891,0,620814,8,2023-07-02,5,14,10
3043,663,520,1,79707,0,15000,94707,1,2025-06-04,4,7,28
3044,1764,262,1,237829,11891,20000,245938,5,2026-03-10,4,66,22
3045,2100,361,1,1069326,0,0,1069326,7,2024-05-16,3,65,3
3046,2269,424,1,520089,26004,25000,519085,4,2024-11-24,4,18,20
3047,1846,345,3,1187247,178087,10000,3037480,11,2024-09-20,1,51,16
3048,2338,214,1,1035325,0,10000,1045325,12,2023-06-05,5,51,21
3049,1521,449,4,993839,49691,10000,3786592,12,2023-08-17,5,25,12
3050,2192,205,1,1025325,153798,0,871527,8,2025-03-15,4,11,15
3051,299,444,1,1013839,0,20000,1033839,7,2025-08-15,3,15,5
3052,162,258,3,237829,11891,15000,692814,6,2023-10-28,3,56,27
3053,906,395,2,1043936,0,20000,2107872,12,2025-03-09,2,71,17
3054,856,147,3,1297879,0,10000,3903637,1,2023-08-21,2,37,8
3055,397,59,1,1029429,154414,30000,905015,10,2024-01-10,7,71,27
3056,126,310,2,145454,7272,25000,301364,12,2024-01-16,6,28,1
3057,189,95,1,235165,0,15000,250165,12,2025-10-17,5,73,16
3058,2025,483,2,455632,22781,25000,890702,3,2024-03-21,1,77,29
3059,2416,133,2,1397646,0,0,2795292,8,2023-09-23,2,2,12
3060,1316,486,4,455632,0,30000,1852528,6,2024-08-08,4,7,8
3061,1216,81,4,205165,0,10000,830660,9,2025-08-25,4,18,19
3062,1686,433,2,1023839,0,25000,2072678,7,2024-02-07,5,72,23
3063,359,245,2,247829,0,30000,525658,4,2024-04-04,4,72,9
3064,964,445,2,993839,0,30000,2017678,5,2024-02-09,3,8,9
3065,2044,424,1,520089,0,15000,535089,7,2024-08-04,5,12,5
3066,2196,111,2,1138263,0,0,2276526,10,2024-10-16,3,37,24
3067,2370,189,1,90278,0,0,90278,8,2023-11-06,5,65,13
3068,1405,536,5,595602,0,30000,3008010,1,2026-04-01,4,9,22
3069,2292,531,2,59707,0,20000,139414,3,2023-03-21,2,19,7
3070,1229,451,2,1013839,0,0,2027678,5,2025-10-16,4,35,23
3071,25,522,4,69707,0,15000,293828,5,2023-09-11,5,33,7
3072,1390,255,1,237829,0,15000,252829,5,2023-11-07,4,12,10
3073,2053,340,2,1177247,58862,30000,2266770,3,2025-10-12,4,28,8
3074,535,520,2,79707,0,0,159414,2,2026-04-10,1,48,7
3075,281,96,1,205165,0,30000,235165,10,2025-06-18,4,23,22
3076,1271,93,1,195165,0,15000,210165,1,2024-05-06,2,42,21
3077,1598,209,1,1015325,50766,10000,974559,9,2026-05-27,3,38,22
3078,272,480,3,465632,46563,20000,1277207,9,2024-07-30,5,54,13
3079,1922,438,2,1023839,102383,30000,1872912,7,2023-06-29,2,17,12
3080,1235,175,3,542301,27115,15000,1560558,9,2023-02-10,5,12,5
3081,383,317,1,165454,0,25000,190454,3,2023-04-29,5,45,13
3082,734,217,1,995325,0,0,995325,7,2026-04-28,2,72,11
3083,1332,122,1,1427646,0,25000,1452646,1,2023-11-26,4,40,1
3084,1707,26,3,791327,39566,20000,2275283,6,2026-05-31,4,6,12
3085,1232,343,2,1157247,0,20000,2334494,1,2025-11-02,5,34,4
3086,204,290,1,222494,0,25000,247494,9,2023-09-15,5,70,7
3087,1358,130,1,1407646,0,10000,1417646,9,2025-06-22,5,33,16
3088,474,239,1,1189215,0,15000,1204215,1,2024-08-28,4,23,3
3089,245,221,1,1179215,117921,0,1061294,4,2023-06-01,1,28,29
3090,2223,143,1,1317879,0,20000,1337879,5,2024-10-12,2,11,6
3091,1939,55,4,1039429,0,10000,4167716,7,2025-01-27,4,5,18
3092,393,390,1,1063936,0,15000,1078936,4,2024-06-24,5,39,20
3093,460,516,2,69707,3485,15000,147444,8,2026-04-12,4,37,22
3094,1724,303,2,155454,0,10000,320908,1,2026-08-26,1,28,14
3095,1389,84,2,235165,11758,30000,476814,6,2023-04-01,4,31,11
3096,14,441,1,993839,0,15000,1008839,9,2024-12-03,7,5,19
3097,2446,283,2,222494,33374,30000,408240,5,2026-05-06,5,31,18
3098,803,244,1,217829,0,25000,242829,12,2025-06-26,5,68,1
3099,1446,345,1,1187247,178087,15000,1024160,1,2025-02-19,5,21,19
3100,40,545,1,575602,0,25000,600602,8,2023-10-08,5,74,7
3101,1843,379,1,1099326,0,30000,1129326,6,2023-11-10,3,10,26
3102,774,379,4,1099326,164898,0,3737712,2,2026-01-23,3,22,16
3103,469,272,1,202494,20249,25000,207245,4,2023-04-02,6,36,11
3104,23,461,3,392900,0,30000,1208700,11,2023-02-07,4,8,26
3105,128,226,3,1189215,59460,10000,3399265,10,2023-07-24,3,73,28
3106,832,180,1,572301,28615,10000,553686,4,2025-05-31,4,60,14
3107,828,105,1,1108263,0,10000,1118263,9,2024-10-18,5,49,6
3108,758,163,1,542301,0,30000,572301,1,2023-07-24,4,18,3
3109,2351,203,1,1015325,0,25000,1040325,4,2024-10-02,1,44,1
3110,185,190,1,60278,6027,30000,84251,11,2023-03-20,3,68,13
3111,2012,381,5,1033936,51696,30000,4941200,5,2026-04-25,4,18,5
3112,1419,84,2,235165,0,30000,500330,7,2024-04-13,5,40,10
3113,453,309,2,175454,0,0,350908,4,2024-01-07,3,36,17
3114,2012,480,2,465632,0,20000,951264,7,2024-08-07,4,26,5
3115,618,6,1,273478,0,15000,288478,8,2026-06-18,5,1,25
3116,1455,194,2,80278,0,0,160556,5,2024-05-29,3,35,28
3117,458,371,4,1079326,161898,25000,3694712,12,2026-02-11,5,50,27
3118,1927,300,1,165454,0,30000,195454,4,2025-11-23,4,15,28
3119,47,147,2,1297879,0,0,2595758,2,2024-06-22,1,1,12
3120,2488,93,1,195165,0,0,195165,6,2024-03-30,4,74,23
3121,2202,448,1,1023839,51191,10000,982648,5,2025-08-16,3,37,8
3122,244,342,1,1177247,0,30000,1207247,6,2024-04-24,6,46,13
3123,2109,152,4,1287879,0,25000,5176516,9,2023-02-13,4,13,3
3124,329,239,4,1189215,0,25000,4781860,11,2025-03-18,5,66,24
3125,119,503,1,1204592,0,20000,1224592,7,2026-01-01,2,29,27
3126,1406,302,1,135454,6772,20000,148682,7,2024-12-15,5,28,24
3127,2225,455,1,382900,0,10000,392900,4,2026-07-17,2,20,18
3128,1973,63,1,876915,43845,10000,843070,3,2023-09-17,5,62,14
3129,117,164,1,582301,0,25000,607301,3,2024-08-22,3,34,21
3130,2293,52,1,1019429,0,0,1019429,2,2025-01-21,1,65,23
3131,1145,550,2,575602,28780,30000,1123644,2,2024-12-26,4,33,15
3132,2115,535,2,555602,27780,10000,1065644,5,2024-04-27,4,75,16
3133,2402,266,2,237829,23782,0,428094,11,2023-04-05,4,9,6
3134,591,304,3,145454,7272,10000,424546,12,2024-02-18,5,37,25
3135,389,238,1,1199215,59960,20000,1159255,12,2025-04-17,2,32,28
3136,241,173,3,572301,0,15000,1731903,12,2025-08-24,3,51,7
3137,1192,123,4,1427646,0,30000,5740584,8,2024-01-27,3,15,12
3138,232,461,4,392900,58935,10000,1345860,11,2026-02-17,2,25,1
3139,1757,425,1,1148346,172251,30000,1006095,2,2026-06-21,3,34,1
3140,2431,1,2,263478,0,20000,546956,11,2023-08-06,3,58,10
3141,1529,422,1,550089,0,15000,565089,7,2024-07-17,1,25,8
3142,1946,237,1,1169215,0,15000,1184215,4,2024-04-09,5,64,10
3143,741,101,1,1148263,0,0,1148263,11,2023-08-18,4,8,6
3144,1347,544,1,565602,0,15000,580602,9,2026-05-29,2,51,29
3145,612,246,1,207829,0,20000,227829,6,2024-03-20,3,64,16
3146,1955,271,2,202494,30374,10000,354240,8,2024-07-30,3,30,9
3147,589,102,1,1148263,0,15000,1163263,9,2024-10-29,1,76,7
3148,1145,4,2,303478,0,15000,621956,10,2025-07-23,6,51,15
3149,1948,202,1,1015325,0,20000,1035325,2,2024-07-26,2,42,24
3150,613,427,1,1148346,57417,20000,1110929,9,2024-08-19,5,69,25
3151,648,420,2,1065563,0,0,2131126,2,2026-05-20,2,75,9
3152,1690,397,1,1043936,0,10000,1053936,12,2023-07-08,2,59,9
3153,1835,358,2,1099326,0,15000,2213652,8,2026-08-22,3,23,21
3154,1148,350,1,1187247,0,20000,1207247,7,2023-02-19,5,76,11
3155,2451,104,2,1118263,0,20000,2256526,5,2025-07-23,3,32,20
3156,1677,52,3,1019429,0,0,3058287,8,2026-03-24,1,76,24
3157,709,213,2,1025325,0,20000,2070650,4,2025-12-22,4,47,29
3158,906,190,1,60278,3013,25000,82265,2,2025-05-07,5,50,17
3159,1570,539,1,585602,0,15000,600602,2,2023-10-18,5,7,13
3160,1894,218,1,1025325,102532,25000,947793,1,2024-12-24,3,5,22
3161,1205,460,2,362900,18145,20000,709510,10,2026-06-24,5,21,5
3162,959,409,3,1172030,0,20000,3536090,3,2026-04-13,5,6,9
3163,1823,136,2,1397646,209646,20000,2396000,7,2026-01-20,2,63,28
3164,1752,237,2,1169215,58460,10000,2231510,3,2025-07-16,5,61,9
3165,1651,12,1,303478,15173,15000,303305,5,2024-05-03,3,2,15
3166,2290,283,1,222494,0,25000,247494,9,2026-08-26,2,74,23
3167,401,68,1,856915,0,25000,881915,1,2023-04-15,4,61,1
3168,50,510,1,1184592,118459,0,1066133,3,2026-05-08,6,48,14
3169,282,425,1,1148346,0,10000,1158346,1,2025-04-28,4,17,4
3170,108,149,1,1287879,0,30000,1317879,7,2026-02-22,3,56,19
3171,1693,334,1,1167247,58362,25000,1133885,7,2023-06-20,3,24,19
3172,1454,510,3,1184592,0,10000,3563776,9,2025-04-06,4,26,6
3173,2339,180,1,572301,0,0,572301,12,2024-02-08,4,16,29
3174,1620,80,1,846915,0,25000,871915,8,2024-01-19,4,57,14
3175,687,455,1,382900,0,25000,407900,5,2024-08-30,4,8,7
3176,106,330,1,1177247,0,0,1177247,3,2025-07-24,5,56,2
3177,1591,336,3,1157247,173587,20000,2970980,10,2024-07-02,4,33,15
3178,454,514,2,49707,0,30000,129414,9,2025-08-23,3,6,23
3179,952,118,2,1138263,0,0,2276526,8,2025-09-30,6,73,20
3180,1925,412,1,1212030,0,0,1212030,1,2025-08-22,2,4,22
3181,1024,441,1,993839,0,10000,1003839,3,2026-08-20,4,32,17
3182,1309,186,1,70278,0,0,70278,5,2024-12-04,2,44,6
3183,762,112,1,1128263,0,10000,1138263,11,2025-04-02,3,4,25
3184,1035,109,1,1108263,0,25000,1133263,6,2026-03-27,5,34,7
3185,653,338,2,1187247,0,20000,2394494,6,2024-12-13,5,54,27
3186,2296,226,1,1189215,59460,0,1129755,11,2026-06-10,5,23,29
3187,605,524,4,69707,6970,15000,265948,8,2025-04-14,4,20,8
3188,785,102,1,1148263,0,0,1148263,5,2023-05-02,3,31,11
3189,2090,513,4,59707,0,20000,258828,11,2023-12-30,1,75,7
3190,1698,117,2,1108263,0,10000,2226526,8,2023-02-13,5,10,22
3191,1057,311,2,165454,8272,0,314364,4,2023-05-03,4,55,23
3192,1737,56,4,1029429,51471,30000,3941832,9,2024-06-03,4,60,21
3193,1287,552,4,585602,0,25000,2367408,11,2025-11-20,2,59,16
3194,153,345,1,1187247,118724,15000,1083523,12,2025-09-18,1,65,9
3195,1397,218,2,1025325,51266,10000,1958118,10,2026-06-30,8,58,17
3196,221,236,2,1199215,59960,30000,2308510,8,2026-08-06,5,26,13
3197,2105,4,3,303478,15173,0,864915,4,2024-04-20,3,22,6
3198,1712,320,2,175454,0,0,350908,3,2026-08-30,5,27,28
3199,58,35,4,771327,77132,15000,2791780,3,2023-10-16,4,25,25
3200,1064,498,2,1164592,0,15000,2344184,2,2024-04-02,5,9,22
3201,1794,290,1,222494,0,20000,242494,12,2024-08-06,2,41,23
3202,1026,112,1,1128263,112826,0,1015437,4,2023-06-23,4,12,3
3203,1147,232,1,1179215,58960,25000,1145255,5,2023-12-30,7,61,6
3204,468,474,1,425632,0,15000,440632,4,2025-03-27,4,5,20
3205,1361,393,2,1073936,0,0,2147872,3,2023-03-22,5,63,15
3206,1111,58,1,1009429,100942,15000,923487,4,2024-03-06,3,24,2
3207,795,6,4,273478,0,15000,1108912,9,2025-02-25,6,75,14
3208,539,517,1,79707,0,10000,89707,4,2023-09-27,1,27,25
3209,126,260,2,247829,0,10000,505658,9,2025-08-09,4,53,1
3210,2033,169,2,552301,0,0,1104602,9,2023-02-02,3,59,1
3211,1124,344,1,1167247,0,0,1167247,11,2024-01-20,4,19,11
3212,1376,342,2,1177247,58862,25000,2261770,2,2026-01-04,5,49,24
3213,633,485,2,425632,0,30000,881264,9,2023-03-23,5,57,28
3214,1482,402,5,1033936,0,10000,5179680,1,2025-05-08,4,53,3
3215,1428,326,3,1177247,0,0,3531741,12,2026-05-26,2,77,25
3216,869,81,1,205165,0,15000,220165,7,2024-11-09,3,61,8
3217,1383,455,3,382900,0,15000,1163700,3,2026-02-07,1,19,7
3218,2198,533,1,575602,28780,10000,556822,9,2026-07-18,5,42,2
3219,742,260,1,247829,12391,15000,250438,6,2026-07-07,4,38,5
3220,177,514,1,49707,2485,25000,72222,6,2024-12-28,4,77,25
3221,180,397,2,1043936,52196,10000,1993480,9,2025-11-19,4,61,17
3222,2164,296,2,222494,11124,15000,437740,7,2025-11-20,5,5,10
3223,1590,36,2,761327,38066,25000,1471522,6,2023-10-27,3,17,6
3224,2318,540,2,565602,0,10000,1141204,8,2023-08-04,6,60,13
3225,795,53,2,1009429,151414,0,1716030,1,2025-10-18,3,21,14
3226,903,212,1,1035325,51766,20000,1003559,6,2026-04-02,3,19,18
3227,2021,140,1,1407646,211146,15000,1211500,3,2026-03-01,2,58,7
3228,426,230,1,1199215,0,10000,1209215,6,2026-04-19,2,67,4
3229,2086,267,3,217829,0,15000,668487,7,2026-02-22,5,23,27
3230,1128,182,1,90278,0,30000,120278,2,2025-09-22,5,42,19
3231,1113,318,2,145454,21818,15000,262272,11,2024-09-08,1,39,12
3232,300,19,2,263478,0,20000,546956,2,2025-04-14,5,1,23
3233,419,253,4,217829,10891,30000,857752,12,2025-10-10,4,63,2
3234,61,343,4,1157247,57862,30000,4427540,7,2024-04-19,6,2,3
3235,780,506,1,1194592,59729,0,1134863,3,2025-07-04,2,39,2
3236,1163,311,4,165454,0,10000,671816,9,2023-01-19,1,44,15
3237,841,318,1,145454,0,15000,160454,1,2025-05-19,3,11,5
3238,2458,17,1,263478,0,10000,273478,7,2023-11-17,4,69,17
3239,1753,469,1,392900,19645,15000,388255,10,2025-05-20,3,65,14
3240,1568,248,1,237829,0,0,237829,9,2024-02-17,4,13,16
3241,2079,364,1,1079326,0,30000,1109326,1,2025-04-12,4,9,9
3242,1559,116,4,1138263,113826,0,4097748,12,2024-09-15,5,21,8
3243,936,133,1,1397646,139764,20000,1277882,4,2025-09-02,4,12,3
3244,1590,287,1,222494,0,25000,247494,12,2024-09-16,5,23,6
3245,580,272,2,202494,30374,20000,364240,7,2024-05-01,5,40,21
3246,2010,219,4,995325,0,20000,4001300,10,2025-07-06,2,22,14
3247,679,89,1,225165,0,15000,240165,7,2026-05-22,6,10,23
3248,1651,296,1,222494,0,20000,242494,3,2025-11-24,4,58,15
3249,1520,28,4,751327,37566,25000,2880044,9,2024-05-31,3,22,13
3250,342,440,2,1013839,0,10000,2037678,4,2025-02-22,3,67,17
3251,640,348,2,1157247,0,10000,2324494,7,2023-05-25,3,22,11
3252,2456,454,1,382900,38290,0,344610,5,2023-06-20,3,8,21
3253,603,273,1,202494,0,30000,232494,6,2024-08-31,4,49,5
3254,1731,73,4,876915,0,15000,3522660,4,2023-11-14,3,4,21
3255,1797,165,1,562301,56230,20000,526071,1,2023-02-25,7,46,29
3256,294,224,2,1159215,57960,25000,2227510,5,2024-03-22,2,62,23
3257,1556,230,1,1199215,59960,10000,1149255,12,2025-02-09,3,23,21
3258,692,495,2,1194592,0,10000,2399184,11,2024-06-10,5,63,19
3259,1689,109,1,1108263,0,20000,1128263,3,2026-08-04,7,36,2
3260,2268,473,1,455632,0,30000,485632,9,2026-04-09,8,10,17
3261,1277,39,1,791327,118699,0,672628,8,2026-04-08,2,45,10
3262,370,11,1,293478,0,25000,318478,4,2025-04-02,3,19,11
3263,2135,403,2,1043936,0,25000,2112872,7,2024-10-24,1,21,20
3264,1885,77,4,856915,42845,15000,3271280,10,2024-07-19,6,25,29
3265,2194,430,4,748998,0,10000,3005992,5,2026-07-12,1,15,1
3266,528,515,1,79707,7970,25000,96737,5,2024-12-27,3,60,12
3267,32,117,1,1108263,55413,10000,1062850,12,2025-09-17,6,20,13
3268,791,390,1,1063936,0,20000,1083936,4,2024-05-05,3,72,15
3269,854,484,2,425632,0,20000,871264,4,2023-05-28,4,42,5
3270,926,375,2,1059326,0,10000,2128652,1,2024-08-26,4,40,24
3271,2233,426,1,1118346,0,25000,1143346,3,2025-01-06,6,38,15
3272,1391,41,1,1009429,50471,0,958958,1,2023-04-09,5,52,5
3273,1562,418,1,1105563,0,25000,1130563,3,2026-08-09,3,34,27
3274,2373,516,1,69707,0,10000,79707,6,2024-03-08,2,63,22
3275,691,114,1,1138263,113826,20000,1044437,1,2023-04-25,7,21,27
3276,2496,187,2,60278,0,15000,135556,10,2026-01-08,4,51,17
3277,1780,97,3,205165,10258,25000,609721,6,2024-12-17,2,34,8
3278,771,394,3,1033936,0,15000,3116808,4,2026-02-05,2,29,29
3279,1592,313,1,145454,0,15000,160454,5,2025-02-12,4,30,18
3280,954,302,2,135454,13545,20000,263818,5,2023-04-18,4,44,26
3281,1779,67,1,836915,0,15000,851915,11,2025-03-21,3,10,3
3282,14,393,1,1073936,0,15000,1088936,8,2025-04-17,3,55,19
3283,113,78,1,846915,0,30000,876915,7,2025-05-05,7,13,21
3284,1930,233,1,1179215,58960,25000,1145255,3,2024-08-05,5,59,8
3285,2040,138,4,1437646,143764,10000,5185528,10,2026-05-10,1,55,25
3286,2395,313,1,145454,0,10000,155454,5,2026-07-03,2,48,28
3287,1604,322,2,135454,0,10000,280908,7,2026-08-29,5,72,17
3288,1243,232,2,1179215,0,30000,2388430,9,2024-08-28,3,36,4
3289,1244,383,1,1063936,159590,15000,919346,12,2023-08-06,8,59,28
3290,2265,68,1,856915,42845,30000,844070,10,2024-02-08,4,61,26
3291,537,543,1,575602,57560,0,518042,1,2026-08-10,2,17,7
3292,929,166,3,542301,54230,10000,1474213,2,2026-07-08,4,51,7
3293,1164,512,1,1184592,177688,20000,1026904,8,2026-07-17,3,50,6
3294,2390,419,1,1085563,54278,0,1031285,2,2025-01-20,4,62,28
3295,930,273,1,202494,20249,0,182245,10,2024-12-30,8,57,25
3296,1410,117,1,1108263,110826,15000,1012437,4,2026-07-15,3,37,4
3297,240,423,1,510089,0,0,510089,7,2024-07-26,4,24,11
3298,1702,430,4,748998,0,20000,3015992,9,2025-06-06,5,31,5
3299,718,183,1,60278,0,20000,80278,10,2024-03-15,2,53,26
3300,715,312,1,155454,0,10000,165454,1,2025-11-24,5,56,28
3301,2279,460,1,362900,36290,0,326610,7,2025-08-26,8,75,1
3302,1236,480,3,465632,0,0,1396896,9,2023-06-26,2,28,21
3303,1047,366,1,1079326,53966,15000,1040360,8,2026-04-17,3,14,26
3304,173,2,1,303478,30347,15000,288131,9,2024-12-20,6,43,29
3305,206,33,1,761327,0,20000,781327,9,2024-02-15,4,52,21
3306,1375,187,1,60278,0,30000,90278,1,2025-12-29,7,50,17
3307,1960,463,1,352900,0,15000,367900,11,2024-12-10,3,8,17
3308,2080,3,1,263478,13173,10000,260305,7,2023-06-19,1,71,4
3309,709,70,4,876915,0,15000,3522660,7,2025-08-14,5,54,29
3310,1936,29,5,751327,0,20000,3776635,3,2025-12-11,4,16,21
3311,1777,496,1,1164592,0,0,1164592,12,2023-06-15,3,44,16
3312,926,407,3,1043936,0,30000,3161808,11,2025-11-05,5,13,24
3313,1701,367,2,1099326,219865,0,1758922,7,2025-04-12,5,53,21
3314,685,157,5,1317879,0,25000,6614395,2,2023-12-02,3,4,12
3315,412,244,3,217829,0,0,653487,7,2023-10-13,5,31,6
3316,2350,267,1,217829,0,15000,232829,2,2026-05-18,4,35,22
3317,26,149,1,1287879,128787,15000,1174092,12,2025-03-23,1,60,22
3318,1240,213,1,1025325,0,0,1025325,8,2026-03-06,4,48,7
3319,1759,395,1,1043936,104393,10000,949543,3,2025-02-10,1,31,7
3320,740,383,1,1063936,212787,25000,876149,7,2026-04-10,4,11,12
3321,796,138,3,1437646,71882,15000,4112292,9,2023-03-23,5,1,6
3322,1883,154,1,1307879,130787,30000,1207092,12,2026-02-13,1,43,17
3323,469,230,3,1199215,0,30000,3627645,1,2023-06-05,1,35,11
3324,2092,90,1,235165,11758,10000,233407,2,2024-11-30,4,77,27
3325,41,278,1,222494,0,0,222494,6,2024-05-12,7,75,6
3326,1433,164,1,582301,0,0,582301,8,2023-05-06,5,51,16
3327,1684,504,4,1194592,0,15000,4793368,9,2024-12-20,2,50,23
3328,97,255,5,237829,0,0,1189145,11,2024-11-17,1,73,27
3329,2380,192,1,60278,0,25000,85278,5,2024-12-25,2,33,14
3330,113,410,1,1182030,0,15000,1197030,3,2024-06-23,4,17,21
3331,216,503,3,1204592,60229,25000,3458089,9,2023-10-02,3,25,5
3332,689,357,3,1089326,0,30000,3297978,5,2026-02-22,4,29,10
3333,305,118,2,1138263,0,15000,2291526,12,2023-12-28,3,8,6
3334,316,525,1,69707,10456,30000,89251,7,2024-12-05,1,15,12
3335,2103,3,2,263478,0,10000,536956,9,2025-07-14,3,40,4
3336,804,154,5,1307879,0,0,6539395,12,2025-06-24,5,46,27
3337,243,229,1,1169215,175382,15000,1008833,6,2025-08-08,4,62,7
3338,2018,192,3,60278,3013,30000,201795,3,2023-02-22,5,77,1
3339,1073,441,2,993839,0,0,1987678,3,2023-01-04,5,11,8
3340,934,492,1,455632,22781,30000,462851,8,2026-08-23,1,12,27
3341,1946,186,3,70278,0,10000,220834,5,2025-03-02,2,11,10
3342,679,428,1,1138346,0,25000,1163346,9,2023-03-19,2,27,23
3343,77,89,1,225165,0,30000,255165,10,2024-01-18,2,31,18
3344,1046,69,3,876915,0,0,2630745,12,2026-01-02,4,67,8
3345,687,236,1,1199215,0,0,1199215,8,2026-05-01,2,19,7
3346,2216,532,1,59707,0,25000,84707,8,2026-03-08,4,10,11
3347,168,310,1,145454,0,25000,170454,7,2024-03-06,4,65,15
3348,2407,8,1,303478,15173,30000,318305,10,2023-02-16,5,55,5
3349,645,472,4,372900,0,25000,1516600,9,2024-07-30,5,48,9
3350,1529,252,3,217829,0,10000,663487,6,2023-11-02,6,40,8
3351,925,126,3,1427646,142764,30000,3884646,5,2023-05-20,4,69,21
3352,1373,125,3,1397646,69882,15000,3998292,3,2026-08-12,3,29,10
3353,1066,262,1,237829,11891,30000,255938,9,2024-02-25,4,47,10
3354,261,10,2,273478,0,30000,576956,8,2024-11-09,5,13,2
3355,2144,464,1,372900,0,10000,382900,10,2023-01-03,1,77,1
3356,1178,407,2,1043936,156590,30000,1804692,3,2025-06-06,3,44,13
3357,2046,508,5,1174592,58729,10000,5589315,9,2024-05-28,6,16,7
3358,1782,550,1,575602,0,10000,585602,9,2025-07-10,3,11,25
3359,48,122,3,1427646,0,0,4282938,9,2023-08-18,7,73,1
3360,1047,292,1,232494,0,0,232494,12,2025-09-10,3,12,26
3361,301,398,1,1073936,0,30000,1103936,8,2024-12-07,4,7,4
3362,1110,285,1,212494,31874,30000,210620,10,2026-07-18,3,24,27
3363,103,390,2,1063936,106393,0,1915086,10,2024-05-03,5,2,25
3364,1962,279,3,222494,0,10000,677482,3,2023-08-23,7,35,19
3365,1901,123,2,1427646,0,20000,2875292,11,2025-04-17,5,38,8
3366,815,26,3,791327,79132,15000,2151585,9,2025-09-25,2,73,19
3367,835,166,2,542301,0,15000,1099602,12,2026-02-20,4,47,15
3368,966,196,1,70278,3513,30000,96765,5,2023-08-21,4,26,20
3369,1003,188,1,60278,9041,10000,61237,2,2023-10-01,3,54,15
3370,2033,529,3,89707,4485,20000,275666,3,2026-06-17,4,7,1
3371,943,510,3,1184592,0,10000,3563776,2,2024-09-22,4,49,24
3372,1743,324,1,135454,0,15000,150454,10,2026-07-03,5,21,1
3373,1069,19,4,263478,13173,20000,1021220,10,2025-12-02,3,52,15
3374,1520,273,4,202494,0,0,809976,9,2024-09-05,3,77,13
3375,1229,154,1,1307879,0,25000,1332879,10,2026-04-26,2,30,23
3376,2267,31,1,751327,37566,10000,723761,4,2023-01-12,2,73,3
3377,775,18,4,293478,0,30000,1203912,6,2026-01-18,1,55,28
3378,1399,459,4,392900,0,30000,1601600,7,2026-07-08,2,16,21
3379,196,79,2,836915,83691,0,1506448,4,2025-04-15,4,56,9
3380,243,424,2,520089,78013,0,884152,6,2024-07-08,5,10,7
3381,1272,48,1,1029429,51471,20000,997958,1,2025-11-14,2,31,5
3382,2100,542,1,595602,29780,15000,580822,4,2023-09-05,1,24,3
3383,2157,321,1,175454,0,10000,185454,11,2023-12-04,3,1,9
3384,914,344,1,1167247,0,20000,1187247,11,2024-01-12,4,18,18
3385,483,179,5,582301,87345,0,2474780,12,2023-08-05,2,42,14
3386,84,159,1,1287879,0,15000,1302879,9,2023-06-01,6,12,5
3387,1884,430,2,748998,0,20000,1517996,4,2024-06-27,2,5,28
3388,1047,470,2,382900,19145,20000,747510,9,2026-04-24,6,44,26
3389,809,268,3,227829,11391,15000,664314,3,2024-06-28,3,42,8
3390,1651,211,5,995325,49766,10000,4737795,1,2024-06-13,2,6,15
3391,29,279,1,222494,11124,30000,241370,3,2024-04-01,3,31,25
3392,724,375,1,1059326,0,0,1059326,11,2024-08-05,6,68,19
3393,366,296,1,222494,0,0,222494,10,2026-07-12,1,45,19
3394,212,500,2,1164592,174688,0,1979808,12,2023-10-02,4,38,20
3395,1243,396,1,1043936,52196,30000,1021740,1,2023-07-20,2,64,4
3396,1068,242,2,217829,10891,10000,423876,8,2023-03-18,5,48,13
3397,1046,242,1,217829,0,15000,232829,5,2023-06-16,3,55,8
3398,517,157,2,1317879,0,20000,2655758,7,2023-12-05,5,50,26
3399,231,499,1,1184592,177688,0,1006904,2,2023-03-14,4,20,15
3400,442,232,1,1179215,0,15000,1194215,2,2025-02-18,2,70,12
3401,1218,59,1,1029429,102942,15000,941487,9,2025-01-29,3,33,22
3402,2307,378,1,1059326,52966,25000,1031360,7,2025-03-02,5,73,17
3403,1894,370,1,1069326,0,10000,1079326,1,2025-08-14,2,6,22
3404,1343,137,1,1397646,0,15000,1412646,2,2023-06-17,1,46,22
3405,1978,441,1,993839,0,10000,1003839,3,2023-02-22,1,14,29
3406,560,190,1,60278,0,10000,70278,3,2025-07-29,3,4,22
3407,563,305,5,145454,0,30000,757270,11,2025-11-26,4,47,14
3408,1866,525,1,69707,0,0,69707,4,2025-08-06,4,58,10
3409,852,41,2,1009429,50471,10000,1927916,2,2023-11-02,3,28,12
3410,282,514,1,49707,2485,25000,72222,10,2025-03-10,4,47,4
3411,1489,167,1,542301,27115,10000,525186,6,2024-03-03,5,74,21
3412,492,323,1,175454,0,10000,185454,1,2024-11-28,3,37,20
3413,2243,505,1,1204592,0,10000,1214592,9,2024-05-06,1,66,25
3414,2288,415,2,1243713,62185,15000,2378056,5,2024-08-25,4,39,21
3415,1486,52,2,1019429,50971,25000,1961916,8,2023-11-12,2,43,8
3416,2351,50,1,1039429,0,0,1039429,1,2025-09-21,4,55,1
3417,2347,348,2,1157247,57862,15000,2213770,11,2024-02-18,3,42,25
3418,741,399,1,1033936,103393,0,930543,5,2026-08-14,5,61,6
3419,2058,64,2,856915,0,20000,1733830,6,2025-04-21,4,7,19
3420,401,539,1,585602,29280,0,556322,6,2024-12-28,2,47,1
3421,2009,55,1,1039429,0,10000,1049429,10,2024-06-20,5,44,7
3422,985,207,1,1015325,0,20000,1035325,5,2023-02-12,4,5,18
3423,421,127,1,1417646,0,15000,1432646,9,2023-11-13,5,6,6
3424,1179,399,1,1033936,51696,10000,992240,11,2026-07-10,6,75,10
3425,85,434,1,983839,49191,10000,944648,2,2024-03-12,3,54,29
3426,221,383,2,1063936,53196,20000,2041480,12,2025-02-08,7,74,13
3427,1069,368,1,1099326,54966,10000,1054360,3,2023-03-23,3,29,15
3428,331,217,1,995325,0,30000,1025325,1,2024-01-31,1,72,5
3429,482,42,1,999429,49971,20000,969458,12,2023-09-12,2,71,27
3430,138,457,2,362900,0,25000,750800,9,2023-02-23,4,58,14
3431,1706,395,4,1043936,156590,30000,3579384,4,2023-01-23,4,26,12
3432,1776,329,1,1157247,173587,10000,993660,9,2023-07-01,2,9,29
3433,2009,144,3,1277879,0,0,3833637,5,2024-01-04,5,7,7
3434,1249,205,5,1025325,0,15000,5141625,10,2025-01-07,3,67,15
3435,2135,272,1,202494,0,25000,227494,4,2026-05-16,5,76,20
3436,880,499,1,1184592,0,30000,1214592,2,2024-10-10,4,44,9
3437,1511,534,1,585602,58560,10000,537042,1,2024-04-20,5,27,11
3438,921,37,1,791327,0,30000,821327,7,2024-01-09,4,69,2
3439,248,114,1,1138263,0,15000,1153263,6,2025-03-27,4,46,25
3440,1416,98,2,195165,0,30000,420330,8,2023-04-12,6,49,26
3441,1233,164,1,582301,29115,10000,563186,4,2023-07-07,3,53,9
3442,1956,4,3,303478,0,0,910434,1,2025-10-09,1,7,21
3443,732,403,4,1043936,0,10000,4185744,11,2026-07-17,6,76,5
3444,1060,539,2,585602,29280,15000,1127644,3,2025-09-03,2,63,27
3445,880,93,1,195165,0,0,195165,4,2024-11-24,3,57,9
3446,1467,420,1,1065563,0,10000,1075563,5,2023-12-25,4,25,5
3447,2240,76,2,856915,0,0,1713830,3,2024-09-21,6,33,1
3448,91,74,3,836915,41845,20000,2405210,1,2023-12-29,3,50,6
3449,545,383,2,1063936,53196,20000,2041480,5,2025-03-25,4,39,29
3450,398,133,2,1397646,69882,25000,2680528,2,2023-08-16,3,62,13
3451,1992,260,3,247829,0,0,743487,10,2023-12-26,8,33,18
3452,1177,485,2,425632,0,10000,861264,2,2023-04-23,3,56,5
3453,1711,538,5,575602,0,30000,2908010,4,2023-05-24,2,68,25
3454,1850,316,1,175454,8772,30000,196682,6,2023-09-17,6,1,17
3455,1908,245,4,247829,0,10000,1001316,10,2026-04-24,5,67,18
3456,191,228,3,1199215,0,30000,3627645,3,2025-09-03,3,76,23
3457,1476,160,1,1297879,64893,25000,1257986,11,2026-01-24,3,30,27
3458,1254,314,4,155454,7772,10000,600728,5,2024-07-22,5,50,9
3459,1970,264,2,237829,11891,25000,476876,2,2024-06-18,2,11,17
3460,289,382,1,1033936,0,30000,1063936,11,2023-01-30,1,68,14
3461,1439,364,4,1079326,0,10000,4327304,12,2023-07-11,2,72,7
3462,1687,394,1,1033936,0,10000,1043936,6,2025-12-14,2,13,13
3463,1010,337,2,1177247,0,15000,2369494,10,2023-05-27,5,37,26
3464,1842,20,1,283478,14173,20000,289305,2,2025-01-10,4,8,5
3465,879,163,1,542301,0,20000,562301,9,2023-06-27,2,13,26
3466,323,285,1,212494,0,20000,232494,5,2024-08-22,3,44,10
3467,1533,126,5,1427646,71382,10000,6791320,4,2024-07-14,5,1,22
3468,1665,347,2,1187247,0,25000,2399494,6,2023-05-18,4,58,2
3469,371,381,2,1033936,0,20000,2087872,6,2025-12-22,3,43,3
3470,381,450,1,983839,49191,15000,949648,4,2026-07-26,2,56,27
3471,466,492,3,455632,22781,20000,1318553,3,2023-04-19,6,23,5
3472,2488,291,1,202494,0,25000,227494,6,2023-09-15,3,11,23
3473,1156,298,4,165454,0,25000,686816,6,2025-02-26,4,35,1
3474,115,532,1,59707,0,25000,84707,1,2023-01-22,5,35,22
3475,78,478,3,425632,42563,30000,1179207,10,2023-11-23,2,76,16
3476,1897,437,1,1003839,150575,30000,883264,2,2023-03-18,1,14,27
3477,2047,23,5,751327,37566,25000,3593805,6,2026-02-12,5,58,20
3478,2395,124,1,1407646,70382,0,1337264,6,2024-06-18,3,56,28
3479,202,539,4,585602,58560,20000,2128168,9,2025-08-24,5,69,23
3480,485,436,2,1013839,0,10000,2037678,6,2024-11-06,7,19,22
3481,1499,480,2,465632,0,0,931264,6,2025-11-22,5,37,17
3482,1507,19,1,263478,0,0,263478,9,2023-06-20,2,12,13
3483,1559,502,5,1174592,117459,10000,5295665,1,2023-06-14,3,72,8
3484,479,259,2,247829,12391,20000,490876,8,2024-10-18,4,13,23
3485,2341,325,1,1147247,0,10000,1157247,4,2025-02-18,1,37,19
3486,1577,202,2,1015325,50766,25000,1954118,8,2024-01-13,4,13,23
3487,1447,476,1,455632,0,20000,475632,5,2024-03-26,4,45,11
3488,598,173,2,572301,0,10000,1154602,8,2023-05-15,2,69,13
3489,775,46,1,1009429,0,15000,1024429,7,2026-06-11,5,7,28
3490,11,406,4,1073936,0,30000,4325744,3,2024-07-17,6,73,7
3491,617,358,3,1099326,0,10000,3307978,3,2023-11-25,3,16,9
3492,2316,369,1,1079326,107932,10000,981394,3,2023-01-12,3,6,18
3493,1626,475,1,445632,0,25000,470632,6,2025-06-04,4,74,18
3494,877,17,1,263478,13173,30000,280305,5,2025-10-16,2,48,7
3495,2076,529,1,89707,8970,25000,105737,10,2023-05-05,5,34,4
3496,504,453,4,382900,0,15000,1546600,12,2025-11-23,6,54,19
3497,611,306,1,135454,0,25000,160454,7,2025-09-26,6,28,21
3498,2143,30,1,761327,76132,10000,695195,12,2025-07-14,1,68,14
3499,2281,173,5,572301,28615,25000,2743430,8,2026-01-06,6,1,22
3500,1804,488,1,445632,0,15000,460632,12,2026-02-23,4,39,28
3501,1096,291,1,202494,0,10000,212494,4,2023-12-21,4,19,25
3502,89,220,5,1035325,51766,30000,4947795,1,2023-07-13,5,5,22
3503,756,349,3,1177247,58862,10000,3365155,10,2026-04-20,4,66,2
3504,442,527,3,89707,13456,0,228753,5,2024-03-16,2,25,12
3505,1872,108,1,1128263,0,0,1128263,12,2023-03-02,6,40,3
3506,103,136,4,1397646,69882,30000,5341056,9,2024-12-08,5,51,25
3507,1511,100,2,215165,21516,15000,402298,11,2025-11-27,4,39,11
3508,1800,265,2,247829,0,10000,505658,9,2025-05-02,2,52,9
3509,677,343,1,1157247,115724,15000,1056523,2,2024-06-04,7,63,27
3510,569,397,1,1043936,0,0,1043936,7,2024-08-22,7,56,11
3511,615,277,1,202494,0,0,202494,1,2023-06-23,3,13,17
3512,1108,118,3,1138263,0,0,3414789,1,2023-11-18,4,59,8
3513,732,104,1,1118263,55913,25000,1087350,12,2025-03-24,4,21,5
3514,742,95,1,235165,0,20000,255165,1,2025-04-17,2,21,5
3515,1556,200,1,60278,0,0,60278,10,2023-04-07,5,17,21
3516,1053,220,1,1035325,51766,30000,1013559,5,2024-07-29,6,1,6
3517,1785,544,2,565602,0,10000,1141204,7,2024-12-05,6,16,21
3518,709,284,3,222494,22249,10000,610735,11,2025-10-03,5,27,29
3519,2150,503,1,1204592,0,15000,1219592,3,2023-05-20,3,3,20
3520,1815,289,4,202494,0,20000,829976,10,2024-03-07,1,10,18
3521,1954,205,1,1025325,0,30000,1055325,3,2025-06-12,1,12,20
3522,1141,26,1,791327,118699,0,672628,7,2023-07-23,5,49,8
3523,2448,136,3,1397646,0,20000,4212938,9,2024-10-01,1,29,20
3524,1196,178,1,572301,0,30000,602301,5,2026-02-28,3,63,29
3525,1705,305,2,145454,0,10000,300908,6,2023-04-27,5,57,18
3526,1726,298,1,165454,0,15000,180454,12,2023-07-19,5,74,27
3527,668,270,1,192494,0,30000,222494,12,2025-01-07,3,47,12
3528,1261,419,4,1085563,0,25000,4367252,9,2025-05-28,4,6,15
3529,572,46,1,1009429,0,15000,1024429,8,2023-07-04,6,46,26
3530,2369,489,2,465632,23281,15000,899702,8,2026-07-27,5,46,17
3531,1149,388,2,1043936,52196,20000,2003480,8,2025-05-07,3,33,29
3532,381,226,1,1189215,0,20000,1209215,12,2026-03-23,6,36,27
3533,871,171,1,552301,0,10000,562301,12,2023-01-25,2,33,4
3534,818,140,4,1407646,0,30000,5660584,12,2024-12-24,8,18,15
3535,1255,409,1,1172030,0,15000,1187030,4,2023-09-03,4,41,15
3536,176,55,1,1039429,0,25000,1064429,4,2026-06-25,7,55,1
3537,310,300,1,165454,0,15000,180454,2,2025-01-19,4,69,3
3538,1972,423,1,510089,25504,25000,509585,1,2024-04-09,5,42,7
3539,2208,222,3,1199215,0,0,3597645,8,2025-07-28,4,46,19
3540,2419,340,1,1177247,0,15000,1192247,6,2023-03-15,3,15,25
3541,1761,282,1,212494,0,10000,222494,3,2024-03-05,7,6,25
3542,1363,330,1,1177247,0,0,1177247,12,2026-02-22,2,13,27
3543,1380,366,2,1079326,0,25000,2183652,5,2025-01-07,5,9,13
3544,1800,114,1,1138263,0,15000,1153263,4,2026-05-29,6,49,9
3545,484,89,1,225165,11258,0,213907,9,2023-04-05,2,6,1
3546,620,364,1,1079326,0,20000,1099326,5,2024-05-24,1,35,15
3547,497,482,2,465632,0,30000,961264,2,2026-06-28,3,40,16
3548,495,65,1,846915,0,20000,866915,3,2026-01-22,4,49,22
3549,485,506,1,1194592,0,10000,1204592,4,2023-08-25,2,70,22
3550,1434,43,3,1019429,50971,15000,2920374,10,2024-06-11,4,51,7
3551,917,91,1,225165,0,10000,235165,2,2025-08-02,2,24,26
3552,811,262,2,237829,11891,20000,471876,3,2024-09-27,4,15,14
3553,1545,183,1,60278,0,25000,85278,5,2024-02-17,3,2,13
3554,10,79,3,836915,41845,20000,2405210,12,2025-02-25,5,17,12
3555,1406,282,2,212494,10624,15000,418740,6,2023-01-20,6,29,24
3556,820,436,4,1013839,0,20000,4075356,2,2026-06-21,3,26,13
3557,1514,242,1,217829,0,20000,237829,5,2024-01-22,6,9,17
3558,1435,114,2,1138263,0,20000,2296526,7,2025-06-26,4,48,8
3559,582,345,5,1187247,59362,25000,5664425,9,2026-01-01,5,55,23
3560,1539,91,1,225165,45033,15000,195132,8,2026-02-17,5,1,1
3561,19,491,3,445632,0,30000,1366896,1,2024-11-23,5,62,24
3562,2317,257,5,217829,0,20000,1109145,4,2023-09-18,7,50,26
3563,1655,453,1,382900,0,25000,407900,12,2025-05-22,5,23,20
3564,1625,253,1,217829,32674,20000,205155,8,2025-11-29,3,3,10
3565,326,186,1,70278,0,30000,100278,12,2023-08-30,3,25,29
3566,932,266,1,237829,23782,10000,224047,12,2026-06-19,4,20,4
3567,2094,124,3,1407646,70382,15000,4026792,7,2025-12-26,5,2,19
3568,221,180,2,572301,28615,15000,1102372,8,2024-08-24,3,3,13
3569,1150,81,1,205165,0,20000,225165,3,2025-02-26,4,76,20
3570,1099,291,4,202494,0,15000,824976,7,2023-11-14,5,70,10
3571,1280,221,3,1179215,0,25000,3562645,11,2025-11-24,5,50,11
3572,1606,149,4,1287879,0,25000,5176516,4,2023-02-24,5,15,5
3573,563,303,1,155454,23318,30000,162136,5,2026-05-12,4,46,14
3574,1475,430,2,748998,0,10000,1507996,11,2024-06-09,4,70,26
3575,2066,395,1,1043936,0,20000,1063936,10,2025-04-22,4,40,8
3576,467,181,2,90278,9027,15000,177502,5,2025-11-23,3,67,10
3577,1887,508,1,1174592,58729,25000,1140863,11,2023-09-24,1,16,4
3578,2406,270,1,192494,0,20000,212494,11,2026-07-01,3,58,11
3579,659,99,1,195165,9758,15000,200407,2,2025-08-22,1,33,29
3580,8,182,5,90278,0,30000,481390,7,2025-07-04,4,15,19
3581,587,362,2,1059326,0,30000,2148652,5,2025-08-24,4,34,25
3582,1812,121,2,1427646,214146,0,2427000,6,2023-12-16,3,12,15
3583,2223,382,1,1033936,0,30000,1063936,8,2023-12-26,5,40,6
3584,1263,455,4,382900,19145,30000,1485020,7,2026-07-31,5,44,10
3585,2064,223,3,1179215,58960,0,3360765,1,2023-09-12,3,21,22
3586,1857,127,2,1417646,0,15000,2850292,9,2024-01-30,1,24,8
3587,563,8,4,303478,0,15000,1228912,4,2023-08-16,4,57,14
3588,1356,85,2,225165,11258,30000,457814,5,2026-06-22,2,48,6
3589,1084,33,1,761327,38066,10000,733261,6,2023-11-03,2,77,13
3590,2328,526,3,49707,2485,15000,156666,3,2023-05-10,2,77,12
3591,1798,495,3,1194592,0,15000,3598776,9,2023-11-16,4,37,23
3592,2296,328,4,1147247,57362,10000,4369540,1,2024-12-28,2,42,29
3593,2057,464,4,372900,55935,0,1267860,9,2024-08-25,2,73,8
3594,1835,245,1,247829,12391,30000,265438,4,2025-04-03,5,59,21
3595,1755,221,1,1179215,0,0,1179215,8,2023-02-28,4,11,18
3596,1450,365,4,1089326,54466,20000,4159440,10,2026-05-31,2,48,28
3597,490,403,3,1043936,0,0,3131808,12,2026-08-22,5,55,3
3598,1937,277,3,202494,10124,10000,587110,8,2026-07-25,4,7,10
3599,67,218,1,1025325,0,25000,1050325,12,2024-04-29,3,7,6
3600,1581,524,1,69707,0,30000,99707,9,2023-09-19,4,34,18
3601,1367,232,5,1179215,0,25000,5921075,7,2023-02-10,4,43,6
3602,1335,187,1,60278,9041,30000,81237,12,2026-01-23,4,16,29
3603,643,474,1,425632,42563,0,383069,5,2025-07-02,1,12,22
3604,1531,177,3,552301,27615,0,1574058,6,2023-01-01,5,12,21
3605,354,276,2,222494,22249,15000,415490,1,2025-09-03,3,62,5
3606,1750,274,4,192494,0,0,769976,12,2023-04-12,5,61,19
3607,712,329,1,1157247,57862,20000,1119385,6,2023-05-28,2,43,21
3608,1370,187,3,60278,0,30000,210834,3,2026-07-05,1,57,14
3609,756,56,1,1029429,0,0,1029429,1,2026-02-21,2,66,2
3610,936,360,1,1079326,0,20000,1099326,6,2026-08-28,4,16,3
3611,522,151,4,1307879,0,15000,5246516,1,2024-12-22,3,71,26
3612,1732,30,2,761327,76132,0,1370390,4,2026-03-02,6,63,29
3613,1570,479,1,435632,0,20000,455632,7,2025-02-24,5,7,13
3614,246,430,1,748998,0,0,748998,4,2024-12-04,1,23,6
3615,1129,23,3,751327,0,30000,2283981,5,2026-02-03,3,6,13
3616,84,280,1,232494,0,15000,247494,8,2025-07-19,2,25,5
3617,1192,444,1,1013839,202767,15000,826072,5,2023-10-27,2,11,12
3618,1017,267,1,217829,0,10000,227829,9,2023-05-17,3,73,6
3619,1576,379,2,1099326,0,15000,2213652,3,2023-09-30,6,61,9
3620,2199,210,3,995325,99532,25000,2712379,7,2024-05-06,4,4,4
3621,1100,333,3,1187247,59362,20000,3403655,10,2025-04-18,1,28,3
3622,1536,504,2,1194592,179188,20000,2050808,2,2023-06-15,3,24,22
3623,1000,259,4,247829,12391,25000,966752,8,2026-07-18,2,71,25
3624,1348,466,3,362900,18145,15000,1049265,12,2024-09-24,4,8,13
3625,958,60,1,1039429,51971,0,987458,5,2023-12-12,5,50,23
3626,130,154,2,1307879,0,0,2615758,9,2024-11-06,8,32,14
3627,1674,69,1,876915,0,25000,901915,9,2025-06-29,5,13,16
3628,898,485,2,425632,0,0,851264,8,2026-08-20,1,1,8
3629,1097,284,2,222494,11124,15000,437740,4,2025-11-07,3,18,12
3630,1663,482,1,465632,0,25000,490632,6,2024-12-15,4,10,14
3631,32,280,1,232494,0,20000,252494,9,2023-06-27,3,17,13
3632,1666,350,1,1187247,0,20000,1207247,1,2023-05-26,2,1,24
3633,2184,525,2,69707,6970,30000,155474,12,2023-01-15,3,14,1
3634,983,469,4,392900,0,10000,1581600,6,2024-09-23,2,42,23
3635,2374,195,1,60278,0,25000,85278,5,2025-05-29,2,69,24
3636,295,46,2,1009429,100942,10000,1826974,7,2026-02-17,2,10,13
3637,2489,42,1,999429,49971,20000,969458,2,2026-04-25,2,2,17
3638,1307,198,3,50278,0,25000,175834,6,2023-12-15,2,70,16
3639,469,356,2,1099326,54966,25000,2113720,11,2024-10-04,3,3,11
3640,1085,442,4,1003839,100383,10000,3623824,8,2025-10-10,2,67,6
3641,334,107,2,1138263,0,0,2276526,12,2026-01-03,5,7,17
3642,1548,33,1,761327,114199,15000,662128,9,2025-06-18,5,60,10
3643,1032,148,1,1297879,129787,20000,1188092,12,2023-04-03,3,53,18
3644,1023,135,3,1397646,69882,25000,4008292,1,2025-09-06,3,63,12
3645,721,481,1,425632,21281,10000,414351,1,2023-01-16,2,47,27
3646,479,160,1,1297879,64893,10000,1242986,11,2025-07-22,4,50,23
3647,743,490,1,455632,0,25000,480632,1,2025-12-05,4,34,19
3648,1627,333,2,1187247,0,15000,2389494,1,2023-12-15,3,52,22
3649,2159,340,4,1177247,0,10000,4718988,2,2025-11-02,1,30,13
3650,130,285,1,212494,0,20000,232494,4,2024-01-22,4,39,14
3651,1419,427,1,1148346,0,30000,1178346,5,2025-12-25,1,54,10
3652,1058,26,3,791327,39566,30000,2285283,11,2023-12-11,5,38,6
3653,1658,221,1,1179215,117921,15000,1076294,8,2023-07-17,5,8,16
3654,256,227,1,1179215,0,15000,1194215,8,2023-04-19,7,35,8
3655,479,136,2,1397646,0,20000,2815292,11,2023-09-14,5,51,23
3656,1536,513,1,59707,8956,15000,65751,1,2023-02-13,3,17,22
3657,2382,100,2,215165,0,25000,455330,9,2026-02-19,5,2,24
3658,577,283,1,222494,0,20000,242494,1,2025-06-17,3,72,11
3659,1893,150,1,1297879,64893,20000,1252986,4,2025-06-29,6,36,11
3660,1291,535,2,555602,27780,0,1055644,6,2026-06-22,1,5,15
3661,2168,381,3,1033936,0,15000,3116808,12,2023-04-02,4,38,1
3662,1435,70,1,876915,87691,25000,814224,2,2025-03-07,2,19,8
3663,267,328,1,1147247,0,20000,1167247,7,2025-06-22,2,61,17
3664,2397,441,2,993839,198767,30000,1620144,8,2023-05-04,5,18,29
3665,278,448,1,1023839,0,15000,1038839,4,2023-02-25,4,29,10
3666,1336,94,2,235165,23516,10000,433298,2,2023-10-02,3,30,25
3667,146,311,2,165454,0,20000,350908,6,2023-02-07,5,51,28
3668,472,342,1,1177247,0,0,1177247,2,2026-03-07,3,69,2
3669,1557,170,4,562301,0,15000,2264204,7,2025-10-20,6,12,16
3670,261,36,1,761327,0,25000,786327,9,2023-02-26,3,9,2
3671,376,542,2,595602,0,25000,1216204,7,2025-02-08,4,42,23
3672,1753,395,3,1043936,0,15000,3146808,2,2024-01-31,1,71,14
3673,2300,492,2,455632,0,10000,921264,5,2023-05-27,5,26,21
3674,307,182,1,90278,4513,10000,95765,11,2025-02-27,5,50,2
3675,2153,82,1,205165,0,15000,220165,3,2023-07-19,5,9,20
3676,331,246,3,207829,0,25000,648487,1,2023-11-15,4,6,5
3677,160,241,2,227829,22782,25000,435094,12,2025-03-02,5,46,11
3678,931,480,2,465632,46563,15000,853138,12,2025-08-02,3,38,28
3679,422,23,2,751327,37566,15000,1442522,8,2026-08-10,2,17,22
3680,2495,280,2,232494,0,20000,484988,10,2024-11-22,3,39,25
3681,792,243,4,217829,0,30000,901316,3,2023-06-13,3,18,16
3682,1327,298,5,165454,8272,10000,795910,6,2025-02-05,2,10,11
3683,374,241,3,227829,0,10000,693487,6,2024-06-14,3,68,25
3684,445,241,1,227829,0,30000,257829,6,2025-06-02,2,55,3
3685,931,111,1,1138263,0,20000,1158263,4,2023-07-23,2,54,28
3686,222,524,1,69707,0,10000,79707,6,2025-08-19,5,23,19
3687,313,121,1,1427646,0,25000,1452646,11,2023-11-07,4,7,24
3688,1975,219,4,995325,0,0,3981300,2,2025-11-05,4,25,11
3689,2477,85,2,225165,11258,0,427814,9,2025-11-23,2,20,2
3690,2310,417,2,1085563,0,25000,2196126,4,2026-02-24,2,27,23
3691,2128,432,1,768998,0,15000,783998,9,2024-10-12,4,2,13
3692,2224,538,5,575602,57560,20000,2610210,10,2025-01-12,4,56,15
3693,149,469,1,392900,19645,25000,398255,5,2025-10-21,1,37,17
3694,1071,280,1,232494,0,30000,262494,10,2025-05-07,3,68,29
3695,1563,279,2,222494,0,30000,474988,10,2026-07-21,5,24,12
3696,120,149,2,1287879,64393,15000,2461972,3,2025-08-24,3,20,19
3697,1080,38,1,761327,38066,20000,743261,9,2026-08-04,4,27,19
3698,780,111,1,1138263,113826,15000,1039437,7,2025-04-02,5,54,2
3699,437,280,1,232494,0,15000,247494,5,2025-12-10,4,44,28
3700,1329,248,1,237829,0,30000,267829,7,2024-07-21,5,25,18
3701,1068,353,2,1089326,0,25000,2203652,2,2024-03-22,4,61,13
3702,2430,387,1,1033936,0,30000,1063936,11,2025-01-05,3,55,15
3703,1529,532,2,59707,0,25000,144414,12,2025-03-07,4,45,8
3704,504,51,1,1039429,103942,0,935487,1,2025-08-21,1,23,19
3705,877,348,4,1157247,115724,0,4166092,6,2023-12-08,3,67,7
3706,1442,178,1,572301,28615,0,543686,5,2024-11-16,4,37,1
3707,1782,20,3,283478,14173,25000,832915,5,2024-03-15,4,69,25
3708,272,546,1,555602,27780,15000,542822,6,2025-03-19,3,57,13
3709,2144,134,1,1417646,0,20000,1437646,11,2025-04-04,4,2,1
3710,149,520,2,79707,3985,10000,161444,1,2026-07-25,4,29,17
3711,1455,36,1,761327,38066,20000,743261,5,2025-05-18,3,28,28
3712,1219,7,2,303478,30347,0,546262,6,2024-02-04,3,4,7
3713,818,212,1,1035325,0,10000,1045325,8,2023-08-14,5,18,15
3714,1183,433,2,1023839,0,25000,2072678,6,2025-09-24,7,31,16
3715,83,149,1,1287879,0,30000,1317879,6,2024-06-11,1,67,25
3716,624,391,1,1063936,0,10000,1073936,1,2024-10-17,6,57,25
3717,1379,481,1,425632,63844,15000,376788,1,2025-12-01,3,48,25
3718,551,19,2,263478,0,0,526956,7,2024-08-17,4,66,1
3719,1925,169,1,552301,27615,0,524686,9,2023-12-21,1,70,22
3720,1159,449,3,993839,49691,30000,2862444,9,2023-07-08,3,10,24
3721,518,475,1,445632,22281,30000,453351,4,2025-10-27,5,15,25
3722,1109,539,1,585602,0,20000,605602,4,2026-04-23,3,35,6
3723,2442,270,1,192494,9624,20000,202870,9,2024-03-05,5,68,1
3724,2202,202,1,1015325,0,20000,1035325,8,2025-04-03,7,37,8
3725,1888,114,1,1138263,113826,10000,1034437,11,2024-11-12,3,59,24
3726,828,127,4,1417646,0,20000,5690584,4,2026-05-04,1,25,6
3727,1816,526,1,49707,0,30000,79707,6,2025-05-18,2,35,4
3728,899,450,1,983839,49191,20000,954648,1,2023-11-24,4,35,23
3729,1026,345,4,1187247,118724,0,4274092,5,2023-07-30,2,25,3
3730,998,377,2,1059326,0,20000,2138652,9,2023-11-05,2,59,10
3731,1314,348,4,1157247,57862,0,4397540,5,2025-07-14,5,20,9
3732,16,498,2,1164592,174688,25000,2004808,7,2023-05-19,3,1,25
3733,2341,416,2,1263713,252742,20000,2041942,10,2023-05-22,4,27,19
3734,2320,192,1,60278,0,20000,80278,1,2026-04-05,4,64,23
3735,2127,43,2,1019429,152914,20000,1753030,9,2026-04-06,5,77,15
3736,750,17,1,263478,0,30000,293478,2,2026-07-12,2,2,11
3737,776,414,4,1253713,0,0,5014852,4,2023-08-10,4,11,6
3738,1370,154,2,1307879,65393,15000,2499972,8,2026-06-02,5,37,14
3739,1317,422,2,550089,0,30000,1130178,3,2024-05-31,5,19,27
3740,1348,24,1,791327,79132,20000,732195,9,2026-08-12,5,37,13
3741,2277,12,3,303478,0,25000,935434,8,2025-10-22,3,37,24
3742,31,30,1,761327,0,10000,771327,4,2024-01-06,3,58,2
3743,1214,180,3,572301,28615,10000,1641058,11,2023-07-12,4,66,22
3744,503,252,4,217829,10891,10000,837752,10,2023-05-04,4,21,27
3745,2262,304,3,145454,7272,25000,439546,6,2026-01-01,5,63,4
3746,2167,345,1,1187247,59362,15000,1142885,2,2024-04-01,5,23,12
3747,49,497,1,1164592,0,25000,1189592,11,2023-11-06,4,7,4
3748,1574,6,1,273478,0,10000,283478,11,2024-11-06,3,5,2
3749,692,87,1,235165,0,20000,255165,1,2024-04-17,4,8,19
3750,2202,317,1,165454,8272,15000,172182,3,2025-03-06,8,74,8
3751,2296,371,1,1079326,0,20000,1099326,4,2024-04-17,4,23,29
3752,156,543,1,575602,0,15000,590602,12,2023-01-16,3,76,27
3753,901,41,2,1009429,0,0,2018858,6,2023-09-06,4,63,2
3754,1145,125,2,1397646,139764,15000,2530764,7,2023-04-23,1,36,15
3755,1535,112,5,1128263,0,25000,5666315,3,2023-07-21,2,37,18
3756,919,170,2,562301,28115,0,1068372,3,2023-08-19,1,32,10
3757,798,162,2,582301,0,10000,1174602,11,2024-01-02,4,18,22
3758,1289,520,4,79707,3985,10000,312888,6,2026-01-11,4,5,19
3759,564,103,2,1138263,0,20000,2296526,1,2023-12-19,5,11,5
3760,2379,348,1,1157247,0,0,1157247,10,2026-05-13,1,62,8
3761,1218,184,3,80278,0,15000,255834,4,2025-10-25,6,42,22
3762,1248,126,2,1427646,71382,25000,2737528,2,2023-09-04,5,63,29
3763,990,23,2,751327,112699,30000,1307256,2,2025-04-12,5,14,12
3764,1132,215,2,1035325,51766,30000,1997118,1,2024-12-13,3,11,3
3765,450,2,4,303478,0,30000,1243912,9,2024-08-21,7,67,5
3766,113,417,1,1085563,0,20000,1105563,11,2023-10-08,7,4,21
3767,105,193,2,70278,3513,10000,143530,6,2026-07-13,3,19,12
3768,2307,210,2,995325,0,15000,2005650,12,2026-08-20,8,17,17
3769,1292,388,1,1043936,52196,25000,1016740,7,2023-04-16,5,57,21
3770,584,476,3,455632,0,15000,1381896,2,2023-05-27,5,30,23
3771,1427,462,1,372900,0,10000,382900,3,2023-02-14,4,40,6
3772,2390,466,3,362900,18145,30000,1064265,7,2026-07-14,2,72,28
3773,2245,522,1,69707,3485,0,66222,1,2025-05-21,4,18,17
3774,2225,353,1,1089326,54466,0,1034860,2,2023-10-16,2,55,18
3775,2130,262,1,237829,0,0,237829,7,2025-03-10,3,17,11
3776,1403,269,2,232494,0,20000,484988,6,2023-12-06,1,70,8
3777,1798,67,1,836915,41845,0,795070,12,2024-01-16,3,56,23
3778,1889,99,3,195165,0,25000,610495,7,2024-09-08,2,73,24
3779,391,322,3,135454,0,15000,421362,6,2025-11-17,7,29,29
3780,2230,305,3,145454,0,25000,461362,7,2024-01-29,4,77,17
3781,2069,523,2,89707,0,0,179414,12,2025-07-18,1,23,5
3782,2062,350,2,1187247,0,30000,2404494,5,2023-04-13,3,44,29
3783,2145,10,5,273478,0,15000,1382390,9,2026-06-12,1,46,13
3784,1461,374,1,1059326,105932,30000,983394,4,2025-06-14,3,45,6
3785,1029,304,3,145454,7272,30000,444546,10,2023-03-13,8,18,7
3786,2429,381,1,1033936,51696,15000,997240,2,2023-02-05,6,24,20
3787,864,75,3,876915,43845,30000,2529210,5,2025-12-13,4,75,24
3788,1106,135,1,1397646,0,10000,1407646,10,2024-08-24,4,43,22
3789,1881,304,1,145454,14545,30000,160909,5,2025-10-22,2,42,26
3790,1398,24,2,791327,39566,20000,1523522,11,2026-08-17,4,49,20
3791,276,445,1,993839,0,25000,1018839,2,2024-08-06,4,2,21
3792,2309,165,1,562301,0,0,562301,9,2024-11-19,2,76,20
3793,1562,164,1,582301,0,0,582301,7,2024-08-01,3,48,27
3794,1599,229,4,1169215,116921,10000,4219176,11,2025-01-25,1,38,12
3795,830,328,2,1147247,0,0,2294494,5,2024-01-31,3,2,21
3796,1496,338,2,1187247,0,0,2374494,7,2025-07-27,3,57,2
3797,1394,150,2,1297879,0,30000,2625758,10,2024-03-07,4,50,5
3798,1510,486,4,455632,22781,30000,1761404,7,2023-11-01,2,16,4
3799,1491,427,2,1148346,0,20000,2316692,1,2025-05-17,3,51,9
3800,998,393,1,1073936,53696,0,1020240,2,2024-03-11,3,8,10
3801,2337,419,1,1085563,54278,25000,1056285,3,2025-05-15,2,36,13
3802,1666,159,1,1287879,0,10000,1297879,3,2026-04-12,3,65,24
3803,343,353,1,1089326,0,20000,1109326,5,2024-10-08,4,57,19
3804,1187,71,1,846915,0,10000,856915,7,2025-07-05,4,8,23
3805,218,482,4,465632,23281,20000,1789404,11,2023-08-26,3,6,17
3806,880,290,2,222494,0,0,444988,9,2025-01-23,2,13,9
3807,1485,317,2,165454,0,30000,360908,2,2025-05-26,4,66,18
3808,1565,309,2,175454,8772,20000,353364,9,2024-09-30,1,48,27
3809,1603,314,1,155454,0,10000,165454,4,2025-07-14,5,22,25
3810,534,551,3,555602,27780,10000,1593466,2,2024-08-02,2,19,29
3811,1871,230,1,1199215,0,20000,1219215,4,2023-06-28,3,8,2
3812,182,501,4,1174592,58729,30000,4493452,3,2025-02-12,4,25,28
3813,1530,457,1,362900,18145,20000,364755,7,2025-04-26,4,46,1
3814,485,427,1,1148346,0,10000,1158346,12,2025-08-19,3,17,22
3815,1047,262,3,237829,0,30000,743487,5,2024-02-05,3,34,26
3816,358,467,1,382900,0,20000,402900,9,2026-05-02,1,10,20
3817,2369,349,4,1177247,58862,25000,4498540,9,2023-02-22,5,32,17
3818,2128,18,1,293478,0,10000,303478,12,2024-02-22,4,15,13
3819,1613,428,5,1138346,0,15000,5706730,4,2024-12-19,2,6,21
3820,1345,89,2,225165,0,25000,475330,1,2025-12-27,4,51,26
3821,1650,188,1,60278,3013,20000,77265,2,2026-03-10,5,9,19
3822,796,14,4,283478,14173,15000,1092220,4,2023-03-29,4,72,6
3823,1060,57,3,1009429,0,0,3028287,2,2023-02-27,6,51,27
3824,401,207,3,1015325,101532,10000,2751379,9,2025-04-11,3,45,1
3825,2349,430,1,748998,0,15000,763998,1,2024-02-01,5,66,14
3826,25,323,3,175454,8772,15000,515046,11,2026-02-24,8,75,7
3827,1986,369,2,1079326,53966,30000,2080720,3,2025-12-06,5,39,12
3828,999,514,1,49707,0,25000,74707,3,2026-04-23,4,59,24
3829,942,347,2,1187247,0,30000,2404494,9,2026-03-09,3,3,20
3830,1793,208,2,995325,0,25000,2015650,6,2024-12-01,5,17,29
3831,307,284,2,222494,22249,30000,430490,5,2025-03-21,4,48,2
3832,1646,435,1,1023839,0,0,1023839,3,2026-08-03,3,67,15
3833,1685,201,3,1025325,102532,10000,2778379,8,2023-06-21,5,32,25
3834,814,361,1,1069326,0,20000,1089326,11,2024-02-08,4,43,8
3835,163,62,3,836915,0,30000,2540745,12,2025-07-05,1,32,28
3836,837,123,5,1427646,71382,10000,6791320,4,2024-07-07,4,42,12
3837,755,127,3,1417646,70882,10000,4050292,8,2025-04-09,2,12,25
3838,68,331,1,1157247,0,0,1157247,9,2023-12-21,2,55,15
3839,1557,517,1,79707,11956,20000,87751,11,2023-01-06,5,66,16
3840,137,146,5,1317879,0,20000,6609395,12,2025-07-08,3,42,3
3841,489,52,1,1019429,0,20000,1039429,11,2024-04-22,1,74,8
3842,167,447,1,1003839,50191,10000,963648,6,2025-02-28,4,76,20
3843,1138,373,5,1079326,107932,0,4856970,11,2024-04-07,3,15,25
3844,1744,212,1,1035325,0,20000,1055325,2,2025-01-12,4,3,5
3845,994,168,1,582301,0,10000,592301,7,2023-06-11,1,64,28
3846,1751,516,1,69707,0,0,69707,7,2023-11-23,4,77,12
3847,810,351,1,1157247,57862,10000,1109385,3,2023-03-28,1,65,13
3848,1407,540,2,565602,28280,10000,1084644,9,2026-06-03,3,43,7
3849,315,442,2,1003839,0,25000,2032678,2,2023-07-24,2,40,19
3850,1547,508,2,1174592,58729,10000,2241726,12,2024-05-19,2,34,4
3851,1551,495,1,1194592,119459,25000,1100133,4,2025-03-02,2,7,11
3852,2000,214,1,1035325,0,25000,1060325,8,2023-02-23,7,38,18
3853,1101,238,2,1199215,59960,0,2278510,3,2025-06-04,4,48,11
3854,126,290,1,222494,0,15000,237494,9,2025-07-12,3,32,1
3855,2097,491,2,445632,0,0,891264,5,2025-01-22,1,30,9
3856,184,357,3,1089326,54466,25000,3129580,5,2026-01-18,4,66,24
3857,2094,238,1,1199215,0,25000,1224215,7,2026-04-23,5,7,19
3858,118,480,1,465632,0,25000,490632,12,2026-01-02,2,76,12
3859,1478,385,1,1073936,53696,0,1020240,12,2026-02-05,7,33,6
3860,1963,41,2,1009429,0,25000,2043858,6,2024-01-07,8,38,13
3861,2396,308,2,145454,0,25000,315908,1,2025-12-12,4,47,17
3862,1684,237,1,1169215,233843,0,935372,12,2024-03-20,6,50,23
3863,2060,42,1,999429,49971,30000,979458,9,2025-10-11,4,8,4
3864,1270,257,1,217829,0,25000,242829,9,2024-12-06,2,24,14
3865,2378,111,1,1138263,0,25000,1163263,6,2024-06-20,3,74,12
3866,397,519,2,59707,0,30000,149414,9,2023-12-21,1,62,27
3867,2133,410,3,1182030,0,20000,3566090,5,2025-03-07,1,11,11
3868,1321,511,1,1194592,0,30000,1224592,9,2025-02-25,4,58,13
3869,485,31,1,751327,37566,10000,723761,7,2024-10-01,5,23,22
3870,1733,224,4,1159215,0,10000,4646860,6,2024-07-20,6,64,10
3871,1698,346,3,1147247,57362,20000,3289655,7,2026-01-16,4,51,22
3872,875,437,3,1003839,0,10000,3021517,2,2025-07-31,6,15,11
3873,682,284,1,222494,22249,0,200245,5,2026-07-31,3,62,17
3874,2368,520,3,79707,3985,15000,242166,2,2026-06-05,4,70,3
3875,272,421,2,530089,0,20000,1080178,3,2024-12-13,5,69,13
3876,239,524,1,69707,0,20000,89707,6,2026-04-20,2,76,2
3877,47,169,1,552301,0,15000,567301,4,2025-05-07,3,20,12
3878,752,132,1,1417646,70882,15000,1361764,12,2025-10-02,7,13,26
3879,1745,138,1,1437646,143764,30000,1323882,12,2023-07-30,4,58,27
3880,2063,378,1,1059326,0,30000,1089326,8,2023-05-13,6,57,28
3881,489,394,1,1033936,0,25000,1058936,9,2025-08-11,7,7,8
3882,1645,146,2,1317879,131787,25000,2397184,2,2026-05-01,5,12,18
3883,2351,68,2,856915,0,30000,1743830,12,2025-11-27,5,35,1
3884,535,445,2,993839,0,30000,2017678,4,2023-03-17,4,43,7
3885,2221,476,1,455632,0,15000,470632,1,2026-02-11,4,66,16
3886,2248,298,1,165454,0,15000,180454,6,2024-10-07,4,33,20
3887,734,516,1,69707,3485,30000,96222,8,2026-06-17,3,41,11
3888,2133,420,1,1065563,0,15000,1080563,11,2024-04-10,7,28,11
3889,533,315,3,135454,0,30000,436362,8,2026-04-26,5,27,26
3890,710,405,2,1053936,0,25000,2132872,11,2024-01-21,1,39,18
3891,1174,62,3,836915,0,0,2510745,3,2024-09-27,4,60,26
3892,1461,112,2,1128263,0,0,2256526,11,2024-04-23,3,65,6
3893,1054,283,2,222494,0,25000,469988,2,2025-05-26,6,22,16
3894,1283,152,2,1287879,64393,0,2446972,10,2023-01-26,1,7,8
3895,647,293,1,192494,0,10000,202494,2,2025-02-10,6,17,11
3896,1445,416,1,1263713,63185,10000,1210528,3,2023-11-07,4,20,7
3897,1737,429,4,758998,0,15000,3050992,11,2023-03-19,6,54,21
3898,221,195,1,60278,0,20000,80278,1,2025-10-11,1,73,13
3899,1496,496,3,1164592,0,10000,3503776,9,2025-02-06,6,17,2
3900,1856,262,2,237829,11891,0,451876,8,2024-12-02,7,10,8
3901,1436,414,2,1253713,0,30000,2537426,9,2026-02-13,5,11,19
3902,2295,500,3,1164592,0,15000,3508776,2,2025-10-23,4,68,27
3903,1759,143,1,1317879,0,20000,1337879,1,2026-07-15,4,65,7
3904,1897,70,2,876915,87691,0,1578448,7,2026-08-19,3,23,27
3905,40,51,3,1039429,0,20000,3138287,2,2023-08-06,5,74,7
3906,183,445,2,993839,99383,25000,1813912,10,2024-08-19,3,5,10
3907,794,455,4,382900,19145,0,1455020,5,2023-04-23,6,55,12
3908,2413,85,1,225165,11258,30000,243907,4,2024-02-25,3,61,12
3909,796,457,5,362900,18145,10000,1733775,2,2025-11-02,6,36,6
3910,17,96,5,205165,10258,30000,1004535,6,2025-08-24,1,53,2
3911,528,413,1,1243713,0,10000,1253713,1,2023-11-18,3,13,12
3912,1185,145,3,1317879,65893,30000,3785958,8,2024-04-20,4,56,29
3913,128,151,2,1307879,65393,10000,2494972,2,2024-04-14,8,11,28
3914,74,207,1,1015325,50766,30000,994559,6,2026-02-02,4,25,12
3915,2417,71,1,846915,42345,25000,829570,7,2025-01-16,2,32,3
3916,1155,458,2,392900,0,15000,800800,10,2025-10-16,3,16,9
3917,2133,511,2,1194592,0,10000,2399184,8,2026-05-29,4,20,11
3918,533,532,1,59707,0,25000,84707,12,2024-02-09,2,59,26
3919,1255,95,3,235165,11758,0,670221,6,2024-10-16,3,37,15
3920,111,344,2,1167247,116724,15000,2116046,3,2024-07-30,3,38,26
3921,826,432,5,768998,0,20000,3864990,3,2023-08-19,1,39,16
3922,481,285,2,212494,0,30000,454988,2,2026-04-10,4,61,14
3923,1881,527,2,89707,8970,15000,176474,12,2026-02-02,5,49,26
3924,3,283,3,222494,11124,15000,649110,10,2023-01-22,3,37,15
3925,2033,379,1,1099326,0,20000,1119326,7,2023-10-14,2,74,1
3926,824,462,1,372900,0,15000,387900,8,2024-12-08,4,16,23
3927,652,387,4,1033936,0,0,4135744,11,2023-12-01,3,31,25
3928,2448,167,4,542301,0,0,2169204,3,2025-05-02,4,45,20
3929,1531,242,3,217829,0,10000,663487,1,2025-11-12,4,66,21
3930,1453,242,2,217829,32674,20000,390310,7,2026-03-25,1,34,3
3931,314,211,5,995325,49766,15000,4742795,7,2023-03-13,4,64,20
3932,534,439,3,1013839,50691,20000,2909444,5,2026-02-14,4,51,29
3933,26,339,2,1187247,0,0,2374494,1,2023-05-22,4,38,22
3934,1985,292,5,232494,0,0,1162470,12,2024-09-06,5,42,5
3935,1366,280,2,232494,23249,0,418490,6,2023-07-31,2,54,25
3936,661,473,5,455632,22781,0,2164255,6,2026-07-21,1,6,4
3937,2455,102,1,1148263,0,25000,1173263,4,2023-04-30,4,57,29
3938,2278,99,1,195165,9758,0,185407,9,2023-11-02,4,68,18
3939,1940,453,1,382900,0,0,382900,12,2024-09-29,5,16,7
3940,1190,331,4,1157247,0,20000,4648988,12,2025-01-12,3,32,27
3941,2415,542,1,595602,0,20000,615602,8,2026-08-05,5,1,5
3942,2430,467,1,382900,0,25000,407900,9,2023-03-25,4,18,15
3943,2012,362,1,1059326,0,25000,1084326,9,2026-02-04,4,70,5
3944,767,199,1,80278,4013,15000,91265,6,2025-07-30,4,61,29
3945,1667,97,1,205165,0,0,205165,4,2026-01-29,5,1,11
3946,837,165,1,562301,28115,15000,549186,1,2023-03-17,3,54,12
3947,1754,500,1,1164592,0,20000,1184592,10,2026-08-26,5,40,4
3948,119,186,3,70278,0,25000,235834,12,2023-06-18,3,66,27
3949,724,447,1,1003839,0,25000,1028839,2,2023-01-10,1,45,19
3950,661,174,2,562301,0,30000,1154602,2,2023-08-08,5,57,4
3951,716,189,1,90278,0,20000,110278,7,2025-08-05,2,68,4
3952,523,228,1,1199215,0,10000,1209215,3,2023-08-08,5,55,26
3953,167,71,2,846915,127037,30000,1469756,3,2023-04-10,2,32,20
3954,1967,218,2,1025325,0,0,2050650,3,2023-02-03,4,12,26
3955,1081,204,2,995325,99532,15000,1806586,2,2023-10-06,6,8,4
3956,130,454,3,382900,0,15000,1163700,1,2023-06-08,2,45,14
3957,142,82,1,205165,20516,0,184649,1,2023-04-15,3,66,22
3958,506,86,5,205165,0,15000,1040825,12,2025-01-30,1,39,10
3959,679,166,2,542301,0,0,1084602,2,2023-08-08,5,22,23
3960,1867,340,1,1177247,0,20000,1197247,1,2025-10-28,4,25,15
3961,226,497,1,1164592,0,20000,1184592,2,2026-03-05,4,37,20
3962,986,505,4,1204592,0,25000,4843368,5,2026-05-24,1,48,24
3963,1242,126,1,1427646,0,20000,1447646,7,2023-08-15,3,9,22
3964,2319,358,2,1099326,0,25000,2223652,6,2023-03-28,5,77,12
3965,653,479,1,435632,0,20000,455632,5,2023-05-14,5,61,27
3966,230,363,1,1069326,0,30000,1099326,12,2026-06-11,2,40,27
3967,1383,14,3,283478,0,20000,870434,6,2025-09-02,4,54,7
3968,1545,277,3,202494,0,25000,632482,9,2024-01-28,6,71,13
3969,412,381,1,1033936,51696,0,982240,1,2023-05-30,4,57,6
3970,1479,484,1,425632,21281,10000,414351,8,2025-07-13,8,10,1
3971,1598,106,4,1108263,0,10000,4443052,1,2023-04-30,5,32,22
3972,1937,212,4,1035325,0,10000,4151300,9,2023-02-12,4,19,10
3973,269,330,2,1177247,117724,25000,2144046,12,2025-10-22,1,60,5
3974,2300,394,4,1033936,51696,25000,3953960,9,2026-08-27,1,41,21
3975,1068,478,1,425632,0,30000,455632,9,2024-05-17,3,13,13
3976,1226,314,1,155454,23318,15000,147136,12,2024-06-13,3,22,10
3977,1634,179,1,582301,0,25000,607301,2,2025-03-29,5,75,23
3978,441,234,2,1169215,0,10000,2348430,12,2025-12-05,3,39,10
3979,1307,346,4,1147247,0,20000,4608988,11,2023-06-12,4,59,16
3980,780,379,2,1099326,109932,0,1978788,7,2023-07-02,6,3,2
3981,332,210,1,995325,0,30000,1025325,9,2023-04-30,4,57,23
3982,2216,483,2,455632,45563,30000,850138,11,2023-05-19,5,75,11
3983,2342,248,1,237829,0,20000,257829,3,2023-12-06,7,41,16
3984,1224,50,3,1039429,0,25000,3143287,7,2026-02-09,4,24,1
3985,1357,27,2,761327,0,20000,1542654,11,2026-07-21,5,51,4
3986,1370,2,1,303478,0,10000,313478,12,2023-01-08,5,48,14
3987,2071,534,3,585602,29280,10000,1678966,9,2023-11-17,4,34,21
3988,1811,12,1,303478,0,25000,328478,5,2023-02-22,1,16,1
3989,427,508,1,1174592,0,10000,1184592,10,2025-04-20,6,57,12
3990,132,16,1,273478,0,10000,283478,2,2024-04-14,5,76,7
3991,1351,128,3,1427646,71382,15000,4083792,5,2023-11-25,3,68,27
3992,1301,47,1,1029429,0,10000,1039429,12,2025-02-02,5,38,29
3993,2001,124,3,1407646,70382,15000,4026792,8,2024-07-08,1,13,2
3994,128,11,1,293478,0,25000,318478,9,2024-10-24,2,19,28
3995,336,147,1,1297879,0,15000,1312879,7,2023-04-24,5,23,10
3996,1982,436,2,1013839,0,30000,2057678,6,2023-04-09,5,60,9
3997,2071,444,4,1013839,50691,10000,3862592,1,2023-08-01,3,56,21
3998,1910,251,1,217829,10891,30000,236938,10,2026-05-04,4,34,3
3999,607,216,1,995325,49766,0,945559,11,2026-04-22,2,72,19
4000,2022,525,1,69707,0,15000,84707,2,2023-06-10,5,8,14
4001,808,420,1,1065563,0,20000,1085563,6,2026-04-25,8,65,15
4002,352,539,3,585602,0,20000,1776806,1,2025-11-04,5,54,27
4003,1846,80,1,846915,42345,15000,819570,8,2023-05-19,4,45,16
4004,1088,201,2,1025325,51266,25000,1973118,7,2026-01-12,2,35,12
4005,2241,202,1,1015325,50766,15000,979559,1,2023-04-30,2,24,20
4006,2138,343,2,1157247,57862,25000,2223770,2,2025-11-25,4,8,2
4007,1871,464,1,372900,0,20000,392900,11,2025-11-12,3,32,2
4008,2007,2,3,303478,0,25000,935434,9,2024-10-03,3,26,22
4009,250,10,1,273478,0,25000,298478,7,2023-11-27,5,43,24
4010,956,456,1,362900,0,10000,372900,10,2024-08-16,7,75,15
4011,2151,471,2,382900,0,15000,780800,8,2024-01-02,4,53,10
4012,898,318,3,145454,7272,20000,434546,7,2023-07-04,4,6,8
4013,909,105,1,1108263,55413,10000,1062850,4,2023-07-17,3,11,13
4014,1287,505,1,1204592,0,20000,1224592,3,2023-09-10,3,59,16
4015,39,413,2,1243713,124371,20000,2258684,7,2023-08-28,5,46,20
4016,1500,257,1,217829,0,30000,247829,10,2025-05-04,5,11,22
4017,255,221,3,1179215,58960,25000,3385765,4,2026-08-13,6,55,14
4018,1488,425,1,1148346,0,10000,1158346,12,2024-09-05,5,21,27
4019,2492,457,1,362900,18145,0,344755,8,2024-09-05,3,18,23
4020,1016,67,2,836915,0,10000,1683830,7,2023-09-06,4,68,3
4021,2421,49,1,1009429,0,25000,1034429,8,2024-05-10,4,23,11
4022,67,508,3,1174592,0,30000,3553776,6,2024-01-01,1,4,6
4023,932,194,1,80278,4013,25000,101265,3,2026-08-07,3,64,4
4024,843,437,1,1003839,50191,15000,968648,3,2026-02-21,4,38,6
4025,1850,118,5,1138263,56913,15000,5421750,7,2024-11-10,3,70,17
4026,1949,162,5,582301,58230,0,2620355,12,2024-06-02,3,23,3
4027,380,490,1,455632,45563,0,410069,10,2026-01-17,3,76,17
4028,1113,318,1,145454,21818,10000,133636,4,2024-08-10,4,23,12
4029,2020,42,4,999429,0,10000,4007716,11,2024-07-11,4,48,9
4030,1111,481,4,425632,0,0,1702528,4,2024-10-21,1,12,2
4031,2276,44,2,1029429,51471,25000,1980916,3,2025-02-23,2,32,23
4032,2459,486,2,455632,22781,30000,895702,6,2026-06-21,4,26,7
4033,2326,550,1,575602,0,25000,600602,6,2023-09-18,4,74,28
4034,1486,515,2,79707,0,25000,184414,12,2023-04-15,5,40,8
4035,752,283,1,222494,0,30000,252494,2,2025-11-16,6,9,26
4036,2138,5,3,273478,13673,20000,799415,12,2025-12-19,4,3,2
4037,439,433,2,1023839,0,20000,2067678,2,2025-05-15,2,4,19
4038,1005,511,3,1194592,59729,10000,3414589,6,2025-03-22,1,5,4
4039,524,141,1,1287879,128787,10000,1169092,6,2026-02-22,3,37,13
4040,1171,520,5,79707,0,0,398535,3,2025-03-09,4,40,5
4041,33,74,1,836915,0,0,836915,11,2023-05-06,3,31,1
4042,1843,118,1,1138263,0,20000,1158263,1,2024-10-28,6,10,26
4043,982,199,5,80278,8027,25000,386255,11,2025-01-08,6,69,1
4044,2402,173,2,572301,0,10000,1154602,2,2024-05-03,4,11,6
4045,2009,285,4,212494,0,0,849976,5,2026-02-07,5,29,7
4046,1584,169,2,552301,0,10000,1114602,4,2023-10-21,2,63,29
4047,170,219,1,995325,99532,10000,905793,5,2025-02-26,4,19,25
4048,1972,177,3,552301,0,20000,1676903,8,2024-08-08,3,20,7
4049,1014,251,1,217829,0,10000,227829,1,2025-10-24,4,28,9
4050,558,154,2,1307879,0,20000,2635758,11,2024-01-05,2,46,19
4051,878,313,2,145454,29090,0,232728,4,2025-12-16,5,4,15
4052,2078,86,2,205165,0,30000,440330,12,2026-06-30,5,19,12
4053,583,287,1,222494,0,25000,247494,4,2024-08-14,3,46,7
4054,2017,380,1,1079326,0,10000,1089326,10,2026-05-18,1,29,3
4055,2008,269,2,232494,0,0,464988,10,2026-04-20,5,23,2
4056,945,418,1,1105563,0,0,1105563,6,2026-06-05,3,44,28
4057,2434,320,1,175454,0,10000,185454,10,2024-07-06,5,60,28
4058,2004,151,1,1307879,0,10000,1317879,4,2024-03-31,5,33,4
4059,874,208,1,995325,49766,15000,960559,8,2025-12-27,8,29,20
4060,2218,349,1,1177247,0,0,1177247,7,2025-10-05,2,43,13
4061,467,149,3,1287879,128787,15000,3492276,7,2024-03-17,3,49,10
4062,1442,454,1,382900,38290,0,344610,8,2025-06-29,5,12,1
4063,356,229,4,1169215,0,10000,4686860,3,2025-01-10,3,48,29
4064,71,126,1,1427646,0,0,1427646,1,2024-11-20,5,32,18
4065,341,80,4,846915,84691,10000,3058896,3,2024-06-17,5,4,9
4066,525,136,1,1397646,139764,10000,1267882,9,2026-07-24,7,23,19
4067,1762,41,5,1009429,100942,25000,4567435,9,2023-09-16,3,53,27
4068,944,1,3,263478,0,25000,815434,7,2025-05-12,4,37,13
4069,2212,418,3,1105563,110556,15000,3000021,9,2026-01-18,7,13,9
4070,693,340,2,1177247,0,0,2354494,3,2026-03-25,7,68,14
4071,2384,213,2,1025325,0,15000,2065650,10,2024-09-17,1,32,27
4072,1816,378,1,1059326,158898,30000,930428,5,2023-10-27,3,65,4
4073,783,129,1,1427646,0,10000,1437646,1,2025-03-22,5,51,13
4074,808,207,1,1015325,152298,30000,893027,10,2024-10-23,7,10,15
4075,2286,387,1,1033936,0,0,1033936,12,2023-07-20,3,50,13
4076,1033,423,3,510089,0,10000,1540267,6,2024-08-23,4,77,10
4077,2300,155,1,1317879,0,0,1317879,1,2025-08-25,4,37,21
4078,13,204,1,995325,49766,0,945559,9,2025-07-21,5,65,8
4079,1254,195,4,60278,0,10000,251112,5,2025-12-24,4,59,9
4080,483,22,5,781327,0,25000,3931635,11,2024-05-17,4,77,14
4081,414,165,2,562301,0,15000,1139602,12,2024-03-29,5,35,17
4082,2060,149,1,1287879,64393,0,1223486,2,2023-11-27,3,3,4
4083,2016,152,2,1287879,193181,25000,2214396,4,2026-06-26,4,69,9
4084,281,130,3,1407646,0,0,4222938,6,2023-12-18,1,13,22
4085,1700,49,3,1009429,50471,25000,2901874,8,2023-01-12,3,4,14
4086,633,35,2,771327,77132,30000,1418390,7,2024-07-30,3,31,28
4087,136,52,2,1019429,0,15000,2053858,10,2023-07-30,2,36,22
4088,551,220,1,1035325,0,10000,1045325,5,2023-10-13,4,62,1
4089,1418,14,1,283478,14173,10000,279305,3,2024-01-01,2,59,14
4090,162,280,4,232494,11624,25000,908480,8,2025-02-01,2,37,27
4091,878,426,1,1118346,0,20000,1138346,12,2026-04-05,1,66,15
4092,1571,229,2,1169215,116921,10000,2114588,3,2025-08-29,4,41,22
4093,1525,268,2,227829,22782,10000,420094,8,2025-09-12,4,5,24
4094,868,526,2,49707,0,0,99414,6,2023-07-29,2,57,28
4095,2129,130,1,1407646,0,10000,1417646,6,2026-02-11,4,68,2
4096,559,220,1,1035325,0,30000,1065325,5,2025-05-29,2,17,25
4097,1712,310,1,145454,0,15000,160454,3,2023-10-23,4,25,28
4098,1488,391,3,1063936,0,20000,3211808,1,2023-01-12,4,52,27
4099,620,366,5,1079326,53966,15000,5141800,3,2023-08-10,2,16,15
4100,2218,319,1,135454,0,30000,165454,1,2023-02-27,7,32,13
4101,1783,422,1,550089,55008,25000,520081,3,2023-07-25,1,51,3
4102,1948,299,2,155454,0,0,310908,2,2026-02-10,4,58,24
4103,1750,118,1,1138263,56913,30000,1111350,11,2025-05-18,3,71,19
4104,2400,468,1,392900,0,20000,412900,7,2024-10-29,4,48,5
4105,165,188,2,60278,0,20000,140556,8,2026-05-09,5,39,26
4106,1138,188,1,60278,3013,15000,72265,4,2025-04-20,4,38,25
4107,1853,176,1,542301,0,10000,552301,7,2024-08-26,4,66,15
4108,1483,164,5,582301,0,10000,2921505,11,2024-05-21,4,34,24
4109,190,295,1,202494,0,10000,212494,6,2023-12-21,7,21,10
4110,2018,64,5,856915,42845,10000,4080350,8,2023-05-17,3,59,1
4111,2256,198,4,50278,0,10000,211112,1,2026-03-18,5,25,5
4112,1100,196,1,70278,7027,20000,83251,1,2023-03-20,4,4,3
4113,378,134,4,1417646,70882,10000,5397056,9,2026-07-28,2,70,3
4114,256,347,1,1187247,0,20000,1207247,8,2024-09-24,5,16,8
4115,506,53,1,1009429,0,25000,1034429,5,2026-02-15,4,36,10
4116,221,443,1,1013839,50691,15000,978148,7,2026-01-17,5,18,13
4117,135,432,1,768998,76899,15000,707099,7,2026-07-27,1,41,8
4118,1952,202,1,1015325,50766,10000,974559,2,2024-05-27,5,39,14
4119,1489,148,1,1297879,129787,20000,1188092,9,2023-09-02,6,64,21
4120,111,7,2,303478,15173,15000,591610,1,2023-05-02,6,53,26
4121,2447,211,3,995325,99532,20000,2707379,4,2026-07-28,2,66,8
4122,763,199,4,80278,4013,30000,335060,11,2023-08-28,6,28,19
4123,192,403,1,1043936,0,20000,1063936,1,2025-05-30,7,17,8
4124,160,511,1,1194592,0,20000,1214592,7,2026-07-30,2,54,11
4125,178,248,1,237829,23782,20000,234047,12,2026-01-04,1,2,10
4126,1575,442,1,1003839,0,15000,1018839,4,2024-07-04,4,9,10
4127,2373,286,2,222494,0,15000,459988,12,2026-04-10,3,9,22
4128,1593,88,1,205165,0,10000,215165,8,2026-08-30,5,72,28
4129,1707,178,1,572301,28615,15000,558686,8,2023-11-08,6,39,12
4130,1069,354,5,1069326,0,25000,5371630,10,2023-08-08,4,5,15
4131,1573,26,1,791327,0,15000,806327,11,2025-06-07,1,12,10
4132,321,427,2,1148346,0,10000,2306692,4,2025-02-18,6,32,12
4133,823,299,1,155454,0,25000,180454,11,2025-02-12,1,29,6
4134,729,396,1,1043936,0,15000,1058936,2,2024-01-22,5,52,12
4135,2397,280,1,232494,0,15000,247494,11,2024-09-10,5,65,29
4136,2260,117,1,1108263,0,15000,1123263,5,2025-04-19,3,3,8
4137,1994,259,2,247829,24782,30000,476094,10,2026-07-14,4,4,27
4138,68,102,1,1148263,57413,0,1090850,3,2025-05-17,3,68,15
4139,606,272,4,202494,30374,30000,718480,5,2023-12-06,3,61,8
4140,1679,500,1,1164592,58229,15000,1121363,1,2023-04-16,1,3,24
4141,464,462,2,372900,37290,15000,686220,8,2024-01-09,5,1,26
4142,1271,420,2,1065563,0,20000,2151126,2,2026-08-27,3,19,21
4143,1788,422,1,550089,55008,25000,520081,3,2024-09-27,3,48,27
4144,1729,139,2,1397646,0,10000,2805292,2,2023-05-17,3,36,19
4145,624,539,4,585602,0,20000,2362408,10,2024-01-02,3,63,25
4146,1409,126,1,1427646,0,25000,1452646,9,2025-12-03,3,3,15
4147,1127,273,2,202494,0,15000,419988,1,2026-08-06,4,6,5
4148,550,461,5,392900,0,25000,1989500,2,2026-07-30,1,35,27
4149,433,138,1,1437646,0,25000,1462646,6,2023-09-12,1,67,11
4150,2062,299,1,155454,0,20000,175454,12,2025-10-25,4,22,29
4151,862,93,3,195165,0,25000,610495,1,2025-02-07,3,60,7
4152,283,524,1,69707,3485,10000,76222,10,2025-11-14,2,31,22
4153,1404,168,1,582301,87345,10000,504956,2,2026-01-19,2,40,13
4154,921,82,1,205165,10258,20000,214907,10,2024-01-15,5,58,2
4155,35,264,4,237829,0,0,951316,12,2026-07-14,5,23,13
4156,1552,37,1,791327,0,25000,816327,5,2023-02-05,3,32,24
4157,2107,284,1,222494,44498,0,177996,10,2023-12-08,6,73,2
4158,2195,470,2,382900,0,10000,775800,8,2024-03-04,1,38,25
4159,329,270,5,192494,19249,20000,886225,3,2026-03-17,5,57,24
4160,19,7,2,303478,0,0,606956,8,2024-03-20,4,8,24
4161,2452,202,1,1015325,0,15000,1030325,2,2025-05-06,1,49,20
4162,2089,21,1,751327,75132,25000,701195,8,2023-12-20,5,31,28
4163,2125,108,3,1128263,56413,15000,3230550,11,2023-12-18,4,5,18
4164,2011,154,1,1307879,0,20000,1327879,6,2025-07-20,3,8,1
4165,1744,371,4,1079326,0,15000,4332304,1,2024-11-15,7,7,5
4166,1784,505,1,1204592,0,20000,1224592,8,2023-11-04,2,57,22
4167,959,339,1,1187247,0,30000,1217247,11,2024-10-12,1,55,9
4168,302,417,2,1085563,0,15000,2186126,3,2023-07-12,5,15,24
4169,1516,185,2,50278,0,0,100556,5,2025-11-04,6,36,27
4170,594,161,4,582301,29115,20000,2232744,9,2026-05-26,5,60,1
4171,418,418,3,1105563,0,0,3316689,8,2025-04-01,4,5,11
4172,384,21,3,751327,0,0,2253981,8,2023-04-12,6,30,16
4173,2260,448,1,1023839,51191,30000,1002648,8,2025-06-26,5,15,8
4174,1377,340,1,1177247,0,10000,1187247,11,2026-05-31,3,30,13
4175,1714,322,1,135454,6772,20000,148682,11,2026-01-24,7,30,15
4176,1956,153,3,1277879,0,15000,3848637,12,2026-08-21,5,4,21
4177,784,353,2,1089326,0,0,2178652,2,2025-03-26,2,47,25
4178,191,32,2,781327,0,10000,1572654,10,2023-06-02,4,68,23
4179,1120,536,4,595602,59560,0,2144168,2,2024-01-08,2,13,18
4180,779,335,4,1167247,0,20000,4688988,12,2023-01-01,4,11,27
4181,2417,95,1,235165,11758,30000,253407,11,2023-04-27,3,75,3
4182,2095,488,2,445632,66844,20000,777576,11,2024-04-15,2,39,20
4183,1024,334,2,1167247,58362,25000,2242770,10,2024-10-21,6,54,17
4184,709,197,4,80278,0,0,321112,8,2025-02-25,2,30,29
4185,806,477,3,455632,22781,20000,1318553,1,2025-03-11,6,67,29
4186,1357,66,2,866915,0,30000,1763830,8,2023-05-23,5,70,4
4187,878,438,2,1023839,102383,0,1842912,12,2024-04-08,3,39,15
4188,1083,364,5,1079326,53966,15000,5141800,2,2025-03-23,5,8,2
4189,557,421,3,530089,79513,25000,1376728,5,2023-03-31,5,24,10
4190,1308,456,4,362900,0,25000,1476600,2,2025-08-29,4,23,4
4191,1433,135,2,1397646,139764,15000,2530764,10,2025-02-02,2,64,16
4192,1025,283,1,222494,0,0,222494,12,2026-03-08,4,43,27
4193,1692,428,2,1138346,0,25000,2301692,8,2026-02-03,5,21,2
4194,1050,339,3,1187247,0,25000,3586741,12,2025-01-08,2,20,27
4195,120,142,1,1317879,0,10000,1327879,12,2024-07-15,2,75,19
4196,797,451,1,1013839,50691,0,963148,3,2024-07-31,2,32,2
4197,1223,119,1,1148263,0,30000,1178263,1,2026-03-16,4,8,24
4198,1240,42,1,999429,49971,30000,979458,11,2026-03-10,3,13,7
4199,717,522,1,69707,0,25000,94707,2,2026-03-07,3,15,17
4200,2419,437,4,1003839,50191,0,3814592,3,2023-01-13,4,38,25
4201,262,76,3,856915,0,15000,2585745,11,2026-06-29,5,72,9
4202,1898,425,1,1148346,114834,15000,1048512,7,2025-07-16,5,57,7
4203,856,3,2,263478,13173,10000,510610,12,2026-05-27,2,63,8
4204,720,76,2,856915,0,20000,1733830,1,2026-02-09,4,8,28
4205,2102,260,4,247829,12391,15000,956752,8,2025-04-08,2,32,4
4206,1499,453,4,382900,0,30000,1561600,9,2024-09-08,8,59,17
4207,398,90,1,235165,0,15000,250165,10,2024-01-31,3,24,13
4208,2301,392,1,1063936,53196,20000,1030740,5,2024-10-04,5,40,19
4209,492,211,1,995325,0,30000,1025325,7,2024-04-04,3,10,20
4210,1721,513,1,59707,0,30000,89707,10,2024-02-20,5,5,12
4211,1764,4,3,303478,15173,20000,884915,11,2024-08-20,4,57,22
4212,138,482,1,465632,0,30000,495632,8,2024-09-01,2,62,14
4213,2000,23,2,751327,37566,25000,1452522,12,2023-07-29,1,21,18
4214,1851,109,1,1108263,0,20000,1128263,1,2025-09-30,3,60,7
4215,838,436,1,1013839,0,10000,1023839,1,2026-07-22,1,51,5
4216,667,175,1,542301,0,30000,572301,2,2024-05-26,4,75,26
4217,2307,82,3,205165,0,10000,625495,4,2025-07-23,1,54,17
4218,369,415,1,1243713,0,25000,1268713,7,2025-03-04,3,77,5
4219,2148,69,1,876915,43845,20000,853070,5,2025-06-16,4,9,25
4220,2236,178,1,572301,0,25000,597301,1,2025-06-06,4,57,2
4221,662,114,5,1138263,0,20000,5711315,12,2024-03-16,1,18,1
4222,1452,127,3,1417646,141764,30000,3857646,10,2023-06-24,7,52,28
4223,1879,225,1,1179215,117921,20000,1081294,5,2023-11-11,2,73,23
4224,614,266,1,237829,11891,25000,250938,2,2026-06-25,3,58,28
4225,1146,10,1,273478,41021,15000,247457,11,2025-10-21,6,15,22
4226,71,418,1,1105563,55278,25000,1075285,4,2023-09-20,5,61,18
4227,436,277,1,202494,20249,20000,202245,12,2023-01-26,2,47,23
4228,2490,129,3,1427646,71382,25000,4093792,12,2025-12-13,5,19,15
4229,2441,519,1,59707,0,25000,84707,12,2025-01-02,4,75,18
4230,1720,514,1,49707,0,10000,59707,2,2024-03-14,2,11,8
4231,1601,69,5,876915,0,30000,4414575,12,2023-10-01,2,20,15
4232,1996,323,1,175454,8772,10000,176682,9,2025-09-08,4,28,12
4233,1753,479,1,435632,0,20000,455632,5,2025-10-02,5,21,14
4234,1701,461,1,392900,0,0,392900,3,2025-06-11,3,26,21
4235,561,498,2,1164592,58229,10000,2222726,8,2024-11-27,3,10,29
4236,581,497,1,1164592,0,20000,1184592,12,2025-04-11,4,40,10
4237,1779,29,2,751327,37566,15000,1442522,2,2025-12-04,8,30,3
4238,96,411,1,1192030,0,30000,1222030,12,2023-06-13,2,64,13
4239,1244,342,1,1177247,58862,20000,1138385,10,2023-10-21,1,7,28
4240,1067,533,1,575602,0,0,575602,11,2023-06-05,5,44,28
4241,1493,2,5,303478,15173,10000,1451525,3,2026-04-30,4,56,29
4242,929,487,1,445632,22281,30000,453351,5,2023-12-18,5,27,7
4243,758,430,1,748998,0,20000,768998,7,2023-11-12,4,24,3
4244,228,385,4,1073936,0,20000,4315744,10,2024-08-03,5,34,16
4245,2152,495,3,1194592,0,10000,3593776,1,2024-12-31,2,61,23
4246,267,45,2,1019429,50971,15000,1951916,1,2026-07-31,1,53,17
4247,1252,109,1,1108263,110826,20000,1017437,11,2025-07-10,4,17,24
4248,93,550,1,575602,0,0,575602,11,2024-08-10,3,48,4
4249,1859,340,1,1177247,58862,15000,1133385,7,2023-02-04,3,32,12
4250,749,99,1,195165,0,25000,220165,3,2026-03-18,3,36,8
4251,1158,201,1,1025325,0,30000,1055325,10,2023-05-07,3,10,2
4252,207,52,2,1019429,0,10000,2048858,6,2025-05-22,3,55,17
4253,2443,161,1,582301,0,15000,597301,5,2025-10-06,2,13,21
4254,2225,67,3,836915,0,25000,2535745,7,2025-08-07,4,47,18
4255,2288,392,1,1063936,53196,25000,1035740,2,2026-08-23,2,10,21
4256,911,391,2,1063936,0,20000,2147872,2,2026-04-08,3,22,6
4257,2082,485,1,425632,0,30000,455632,5,2023-12-22,3,61,20
4258,2207,397,2,1043936,0,10000,2097872,1,2023-05-26,5,33,6
4259,2212,54,2,1009429,100942,10000,1826974,9,2023-03-17,5,30,9
4260,1342,494,1,1164592,0,20000,1184592,4,2024-10-12,1,11,29
4261,341,188,4,60278,0,10000,251112,11,2026-05-04,3,75,9
4262,939,344,1,1167247,0,30000,1197247,2,2024-11-17,8,22,13
4263,1698,413,2,1243713,0,20000,2507426,6,2025-05-18,4,51,22
4264,178,4,2,303478,15173,15000,591610,2,2025-04-24,1,16,10
4265,540,30,1,761327,0,10000,771327,2,2026-07-27,5,43,9
4266,1042,155,1,1317879,65893,30000,1281986,11,2025-01-26,5,35,14
4267,213,320,4,175454,0,25000,726816,7,2023-05-13,4,38,25
4268,2077,524,1,69707,0,30000,99707,10,2025-06-03,4,42,16
4269,1560,29,1,751327,0,30000,781327,6,2023-11-16,5,38,12
4270,1133,97,3,205165,20516,10000,563947,9,2025-02-26,5,14,28
4271,523,172,1,562301,0,15000,577301,7,2023-08-05,4,30,26
4272,1734,517,1,79707,0,15000,94707,9,2025-04-30,3,44,20
4273,2443,458,1,392900,0,20000,412900,8,2026-02-28,3,5,21
4274,1419,421,1,530089,0,15000,545089,4,2023-04-27,5,19,10
4275,134,91,2,225165,22516,0,405298,10,2026-06-27,5,53,7
4276,1009,335,2,1167247,58362,0,2217770,2,2023-12-31,2,42,24
4277,35,8,1,303478,0,30000,333478,10,2023-07-29,4,19,13
4278,616,10,2,273478,27347,0,492262,12,2023-09-12,1,64,7
4279,1344,458,4,392900,19645,15000,1508020,6,2025-08-13,5,50,5
4280,772,291,1,202494,0,20000,222494,12,2023-10-11,5,9,28
4281,1382,468,2,392900,19645,25000,771510,11,2024-07-31,5,1,4
4282,1378,123,2,1427646,0,25000,2880292,10,2026-04-01,3,8,19
4283,1541,19,3,263478,0,20000,810434,7,2025-01-03,5,18,17
4284,399,57,1,1009429,50471,10000,968958,8,2024-11-27,1,5,23
4285,930,1,3,263478,0,15000,805434,8,2024-05-04,3,54,25
4286,1721,457,2,362900,36290,15000,668220,9,2026-07-02,1,7,12
4287,272,8,1,303478,0,25000,328478,7,2026-06-29,4,64,13
4288,721,291,3,202494,0,15000,622482,11,2023-12-17,2,58,27
4289,831,265,1,247829,12391,25000,260438,2,2023-03-15,1,7,24
4290,956,351,3,1157247,0,15000,3486741,4,2023-04-19,5,29,15
4291,1262,288,1,192494,19249,15000,188245,1,2026-08-19,4,55,26
4292,1648,346,1,1147247,0,25000,1172247,4,2024-03-02,3,49,29
4293,953,258,5,237829,0,0,1189145,3,2026-04-07,5,46,21
4294,1102,104,2,1118263,55913,0,2124700,5,2025-05-07,3,28,8
4295,106,354,1,1069326,53466,25000,1040860,2,2024-04-10,3,36,2
4296,577,395,3,1043936,0,20000,3151808,7,2025-11-13,2,32,11
4297,1015,38,1,761327,0,30000,791327,2,2026-07-03,2,12,22
4298,1941,122,1,1427646,0,20000,1447646,4,2025-08-29,6,15,24
4299,1192,161,3,582301,0,15000,1761903,12,2025-09-17,2,75,12
4300,652,444,2,1013839,0,20000,2047678,10,2026-07-06,1,64,25
4301,1926,195,3,60278,0,15000,195834,2,2023-03-22,2,4,9
4302,2329,552,1,585602,29280,10000,566322,5,2024-05-07,3,13,24
4303,923,10,2,273478,27347,15000,507262,8,2023-10-16,3,39,11
4304,1021,477,4,455632,45563,0,1640276,5,2024-10-02,4,20,19
4305,1504,424,1,520089,0,0,520089,4,2023-10-07,3,15,18
4306,261,84,1,235165,0,30000,265165,2,2023-11-13,2,40,2
4307,1130,59,1,1029429,51471,30000,1007958,6,2024-11-09,3,33,17
4308,1029,188,1,60278,3013,25000,82265,3,2025-06-06,2,64,7
4309,751,10,1,273478,13673,0,259805,5,2023-06-01,4,67,5
4310,671,499,2,1184592,0,10000,2379184,5,2025-02-27,4,42,21
4311,2134,119,3,1148263,0,30000,3474789,1,2024-01-30,3,35,20
4312,113,231,2,1199215,59960,0,2278510,3,2023-01-25,1,10,21
4313,356,546,3,555602,111120,20000,1353446,5,2025-01-22,7,34,29
4314,255,62,1,836915,0,30000,866915,11,2023-03-27,1,21,14
4315,670,428,1,1138346,0,10000,1148346,3,2023-09-18,2,39,11
4316,1263,368,4,1099326,0,25000,4422304,4,2026-07-23,4,39,10
4317,1739,287,5,222494,11124,10000,1066850,4,2025-09-12,5,20,26
4318,817,485,1,425632,0,10000,435632,7,2024-10-15,2,57,4
4319,1558,295,2,202494,0,15000,419988,6,2023-05-10,2,37,15
4320,551,400,1,1043936,52196,10000,1001740,6,2025-04-08,4,46,1
4321,2218,513,1,59707,0,30000,89707,11,2024-12-17,6,68,13
4322,256,226,4,1189215,59460,20000,4539020,5,2026-03-05,4,36,8
4323,2365,358,3,1099326,0,10000,3307978,2,2026-06-17,5,16,8
4324,914,56,3,1029429,0,10000,3098287,2,2023-05-24,5,24,18
4325,1749,104,4,1118263,111826,20000,4045748,2,2023-08-03,2,74,7
4326,848,103,2,1138263,0,30000,2306526,9,2025-07-22,4,32,6
4327,386,147,1,1297879,0,30000,1327879,1,2024-03-23,4,8,23
4328,1161,552,1,585602,0,15000,600602,5,2025-06-29,3,5,22
4329,1008,55,1,1039429,103942,20000,955487,9,2024-07-15,3,10,20
4330,856,255,5,237829,11891,10000,1139690,4,2024-10-06,2,31,8
4331,864,395,1,1043936,52196,25000,1016740,10,2026-06-12,3,40,24
4332,1474,147,1,1297879,0,25000,1322879,6,2025-06-01,4,7,25
4333,870,154,1,1307879,196181,0,1111698,11,2025-08-15,3,8,4
4334,1953,170,1,562301,0,15000,577301,3,2025-09-11,2,6,4
4335,1659,428,1,1138346,0,15000,1153346,8,2026-05-17,5,2,15
4336,555,39,1,791327,39566,0,751761,9,2023-05-23,4,66,1
4337,534,150,1,1297879,0,25000,1322879,10,2023-11-26,3,29,29
4338,2028,527,4,89707,8970,25000,347948,8,2023-05-10,5,27,18
4339,218,360,1,1079326,53966,20000,1045360,7,2024-07-13,8,57,17
4340,50,193,4,70278,0,20000,301112,7,2025-07-22,4,61,14
4341,2276,41,1,1009429,50471,0,958958,10,2023-10-17,5,74,23
4342,1028,414,2,1253713,0,0,2507426,6,2026-03-26,2,62,7
4343,597,179,1,582301,0,25000,607301,1,2025-12-13,5,70,22
4344,1254,50,1,1039429,51971,10000,997458,11,2024-03-26,4,30,9
4345,1280,317,1,165454,8272,20000,177182,11,2025-03-22,3,38,11
4346,2336,283,1,222494,0,20000,242494,12,2024-11-24,4,1,12
4347,2377,539,4,585602,87840,30000,2021048,10,2026-01-14,5,25,1
4348,81,450,2,983839,0,15000,1982678,2,2023-12-07,5,61,19
4349,1454,133,3,1397646,0,25000,4217938,11,2024-12-28,7,24,6
4350,1318,142,4,1317879,0,0,5271516,4,2024-12-20,5,7,12
4351,2359,478,4,425632,21281,20000,1637404,3,2026-01-19,1,61,7
4352,1942,58,5,1009429,0,10000,5057145,2,2025-11-27,5,44,17
4353,858,414,1,1253713,0,30000,1283713,3,2025-10-22,5,66,14
4354,2150,440,1,1013839,50691,10000,973148,7,2024-12-07,7,3,20
4355,2064,544,2,565602,0,20000,1151204,9,2024-08-20,2,15,22
4356,1297,7,1,303478,0,30000,333478,12,2025-06-17,4,60,6
4357,2189,524,2,69707,3485,30000,162444,12,2023-05-14,4,45,23
4358,953,87,2,235165,11758,10000,456814,8,2023-05-28,4,26,21
4359,1830,259,1,247829,12391,30000,265438,7,2023-02-01,2,38,1
4360,314,63,4,876915,43845,25000,3357280,2,2025-03-07,4,22,20
4361,1872,264,2,237829,23782,20000,448094,6,2025-07-13,3,66,3
4362,2264,522,1,69707,10456,0,59251,3,2026-06-04,3,62,28
4363,1204,104,1,1118263,0,25000,1143263,6,2023-03-12,6,54,20
4364,974,243,4,217829,0,0,871316,3,2023-09-19,3,75,6
4365,143,241,1,227829,0,30000,257829,1,2023-04-07,4,75,10
4366,488,367,5,1099326,0,0,5496630,6,2024-06-04,4,47,20
4367,2456,36,2,761327,0,15000,1537654,3,2023-10-29,4,3,21
4368,1959,35,3,771327,0,25000,2338981,11,2025-01-20,4,20,7
4369,992,3,4,263478,0,0,1053912,4,2025-05-01,4,64,6
4370,1678,267,1,217829,0,30000,247829,3,2023-05-16,3,46,10
4371,2001,549,2,595602,0,30000,1221204,4,2026-08-16,2,16,2
4372,119,204,1,995325,0,30000,1025325,6,2025-05-13,5,52,27
4373,327,90,1,235165,0,10000,245165,6,2024-05-07,5,27,28
4374,2085,16,3,273478,0,10000,830434,7,2023-04-13,4,10,19
4375,2003,104,1,1118263,167739,25000,975524,3,2025-08-13,2,29,4
4376,1529,263,1,217829,0,30000,247829,11,2024-07-18,2,11,8
4377,2046,530,1,69707,6970,10000,72737,12,2025-09-04,5,36,7
4378,1947,426,1,1118346,111834,15000,1021512,1,2023-11-24,3,62,13
4379,618,70,2,876915,0,20000,1773830,6,2025-05-18,2,8,25
4380,263,291,1,202494,0,20000,222494,2,2023-10-12,4,34,7
4381,192,400,5,1043936,0,15000,5234680,3,2023-05-22,6,1,8
4382,2346,261,3,247829,0,15000,758487,2,2023-02-20,3,49,23
4383,2444,315,3,135454,6772,10000,396046,1,2023-07-18,5,20,9
4384,2096,483,2,455632,0,10000,921264,3,2024-03-22,4,32,17
4385,1807,451,3,1013839,0,10000,3051517,3,2025-02-18,5,46,24
4386,2033,62,1,836915,0,25000,861915,2,2023-05-16,4,21,1
4387,1530,384,4,1063936,53196,10000,4052960,10,2023-09-05,3,32,1
4388,2069,484,1,425632,0,0,425632,9,2023-01-03,3,67,5
4389,1265,71,1,846915,0,0,846915,7,2023-02-24,4,16,20
4390,2418,5,1,273478,0,0,273478,3,2023-04-13,5,74,1
4391,1932,274,4,192494,9624,20000,751480,4,2025-03-09,4,37,3
4392,797,108,1,1128263,0,30000,1158263,4,2026-03-16,4,39,2
4393,965,376,1,1099326,0,25000,1124326,6,2026-01-18,1,57,21
4394,1998,86,1,205165,0,15000,220165,5,2024-09-05,3,67,12
4395,1542,259,1,247829,0,30000,277829,7,2026-03-24,3,76,15
4396,954,110,3,1108263,221652,0,2659833,9,2025-03-02,3,77,26
4397,1723,2,2,303478,0,30000,636956,11,2026-06-09,7,21,14
4398,829,258,1,237829,0,20000,257829,5,2025-03-05,2,66,5
4399,1031,21,1,751327,0,10000,761327,4,2023-10-04,1,70,24
4400,208,70,2,876915,43845,10000,1676140,12,2023-08-14,5,24,1
4401,1955,101,1,1148263,0,15000,1163263,10,2024-08-06,4,52,9
4402,959,62,1,836915,41845,25000,820070,3,2025-08-31,3,67,9
4403,2210,523,1,89707,13456,15000,91251,4,2023-07-29,1,38,5
4404,340,21,4,751327,0,30000,3035308,4,2024-04-13,3,36,29
4405,2113,446,2,993839,49691,30000,1918296,10,2025-03-18,4,61,18
4406,382,338,2,1187247,59362,10000,2265770,3,2023-05-05,5,64,28
4407,1507,384,1,1063936,0,0,1063936,1,2023-03-23,5,42,13
4408,1700,538,2,575602,0,25000,1176204,5,2024-04-24,4,29,14
4409,1008,181,1,90278,9027,20000,101251,12,2024-10-03,3,11,20
4410,2342,276,4,222494,0,30000,919976,2,2023-12-02,1,48,16
4411,9,111,1,1138263,113826,30000,1054437,8,2024-03-28,1,25,19
4412,1639,183,1,60278,6027,30000,84251,3,2025-02-28,5,64,16
4413,1059,286,1,222494,0,25000,247494,7,2023-09-14,4,61,22
4414,1494,14,1,283478,14173,10000,279305,3,2024-06-16,2,46,20
4415,1782,356,2,1099326,54966,15000,2103720,8,2023-09-30,4,44,25
4416,1671,527,1,89707,0,0,89707,6,2025-06-28,1,54,10
4417,1297,355,4,1079326,0,30000,4347304,1,2024-10-18,4,62,6
4418,816,209,2,1015325,0,30000,2060650,1,2024-07-23,3,61,24
4419,1481,220,1,1035325,0,15000,1050325,9,2026-08-31,2,39,7
4420,2270,133,1,1397646,0,25000,1422646,2,2024-05-28,4,61,14
4421,151,407,1,1043936,0,30000,1073936,2,2023-05-09,5,70,15
4422,2139,249,2,237829,11891,15000,466876,11,2025-06-02,2,43,15
4423,319,137,3,1397646,0,0,4192938,9,2025-10-19,5,34,17
4424,1508,543,1,575602,0,15000,590602,12,2023-05-08,5,12,18
4425,814,117,2,1108263,110826,10000,2004874,12,2026-03-08,2,25,8
4426,418,337,1,1177247,117724,10000,1069523,4,2024-10-31,2,40,11
4427,106,373,5,1079326,0,25000,5421630,9,2024-07-13,5,31,2
4428,806,216,1,995325,99532,10000,905793,4,2024-05-12,4,42,29
4429,242,335,3,1167247,0,25000,3526741,10,2025-12-09,4,68,28
4430,1391,516,1,69707,10456,25000,84251,10,2026-05-18,1,43,5
4431,1434,351,1,1157247,57862,20000,1119385,3,2023-05-17,3,60,7
4432,215,39,1,791327,79132,15000,727195,5,2024-02-12,4,68,27
4433,246,301,3,175454,0,15000,541362,9,2025-09-07,6,14,6
4434,578,299,4,155454,7772,20000,610728,4,2026-05-21,3,59,5
4435,2468,246,2,207829,10391,20000,414876,2,2025-09-27,5,32,2
4436,816,465,1,382900,0,15000,397900,10,2023-01-19,4,13,24
4437,2437,480,1,465632,0,20000,485632,11,2025-10-06,4,58,5
4438,409,21,2,751327,150265,10000,1212124,2,2024-03-19,4,30,7
4439,681,187,4,60278,0,20000,261112,2,2025-05-14,4,73,18
4440,1021,153,1,1277879,0,0,1277879,12,2023-01-19,2,65,19
4441,1748,70,2,876915,43845,0,1666140,1,2025-11-06,5,40,18
4442,2383,330,5,1177247,117724,10000,5307615,2,2023-06-13,5,53,8
4443,1396,520,5,79707,15941,15000,333830,4,2026-02-15,3,50,14
4444,2084,76,2,856915,0,10000,1723830,5,2026-03-06,5,2,6
4445,910,301,1,175454,8772,25000,191682,11,2025-01-14,2,28,4
4446,2211,68,3,856915,42845,30000,2472210,4,2023-03-27,4,35,12
4447,1664,367,1,1099326,0,25000,1124326,8,2024-12-26,4,22,14
4448,1863,308,3,145454,0,10000,446362,10,2025-03-06,5,49,15
4449,1299,81,1,205165,0,30000,235165,3,2023-09-27,5,62,16
4450,1300,191,4,60278,3013,10000,239060,12,2023-07-21,4,21,15
4451,1695,205,4,1025325,153798,20000,3506108,8,2023-10-13,2,15,4
4452,2303,65,1,846915,0,15000,861915,8,2025-02-17,4,65,19
4453,120,368,1,1099326,0,0,1099326,8,2023-07-14,2,69,19
4454,1501,319,1,135454,0,30000,165454,11,2024-03-09,5,44,1
4455,1618,94,1,235165,11758,15000,238407,6,2025-08-27,1,59,4
4456,2331,500,2,1164592,58229,10000,2222726,6,2026-04-11,1,22,23
4457,1988,87,1,235165,11758,15000,238407,6,2023-11-30,3,6,28
4458,1514,243,1,217829,0,0,217829,12,2025-04-11,3,52,17
4459,667,194,1,80278,4013,10000,86265,11,2024-12-11,5,37,26
4460,607,286,1,222494,0,15000,237494,5,2023-11-24,2,65,19
4461,199,78,1,846915,84691,10000,772224,1,2024-10-09,3,72,23
4462,971,145,2,1317879,0,25000,2660758,12,2026-06-14,3,71,7
4463,1324,149,1,1287879,0,10000,1297879,5,2025-06-25,3,36,29
4464,1256,225,1,1179215,0,25000,1204215,3,2025-02-07,2,4,23
4465,2005,447,2,1003839,0,30000,2037678,2,2026-03-01,3,61,4
4466,1735,140,1,1407646,0,20000,1427646,8,2025-12-03,4,25,8
4467,2279,219,1,995325,49766,25000,970559,5,2024-05-28,1,19,1
4468,2060,10,1,273478,0,0,273478,8,2025-04-03,1,45,4
4469,1850,357,1,1089326,0,20000,1109326,12,2024-07-22,5,66,17
4470,1466,469,1,392900,39290,15000,368610,11,2023-09-08,5,54,28
4471,28,119,1,1148263,0,10000,1158263,9,2026-02-21,4,16,6
4472,1887,59,2,1029429,102942,20000,1872974,10,2026-05-04,3,43,4
4473,1184,39,2,791327,39566,0,1503522,8,2024-08-30,2,21,20
4474,2349,210,1,995325,0,25000,1020325,9,2023-05-19,5,39,14
4475,543,418,1,1105563,0,20000,1125563,9,2026-02-15,2,64,4
4476,2255,313,1,145454,0,0,145454,7,2024-04-20,3,30,29
4477,816,498,1,1164592,0,30000,1194592,4,2024-08-30,3,65,24
4478,1405,289,1,202494,0,30000,232494,11,2023-07-15,2,77,22
4479,1333,459,1,392900,0,25000,417900,1,2024-12-30,2,56,28
4480,1035,74,1,836915,0,20000,856915,5,2024-12-06,4,33,7
4481,523,497,2,1164592,0,10000,2339184,3,2024-05-23,5,24,26
4482,592,241,2,227829,11391,30000,462876,4,2023-09-10,1,20,6
4483,566,538,2,575602,28780,0,1093644,11,2026-07-23,4,56,25
4484,238,361,1,1069326,53466,0,1015860,9,2023-03-04,1,37,1
4485,100,396,3,1043936,52196,20000,2995220,8,2023-08-12,4,44,20
4486,572,249,2,237829,0,30000,505658,8,2024-01-21,4,27,26
4487,1211,149,1,1287879,193181,15000,1109698,11,2025-04-05,5,61,6
4488,694,528,2,49707,0,30000,129414,12,2023-11-25,3,29,26
4489,2466,92,1,195165,0,10000,205165,9,2025-03-22,5,7,26
4490,2193,447,2,1003839,0,25000,2032678,9,2026-08-22,8,7,10
4491,2208,107,4,1138263,0,15000,4568052,3,2026-03-20,3,58,19
4492,815,508,3,1174592,0,15000,3538776,1,2024-10-17,6,23,19
4493,898,396,3,1043936,52196,15000,2990220,2,2024-02-15,6,51,8
4494,516,503,1,1204592,0,10000,1214592,10,2026-05-21,6,30,11
4495,918,438,2,1023839,0,10000,2057678,6,2023-05-26,3,58,29
4496,1735,541,2,595602,29780,10000,1141644,4,2023-06-04,4,10,8
4497,124,78,1,846915,0,25000,871915,6,2026-05-15,3,35,3
4498,1536,497,3,1164592,58229,25000,3344089,1,2023-01-24,4,29,22
4499,352,509,1,1194592,59729,20000,1154863,1,2026-02-11,3,61,27
4500,748,250,1,237829,11891,10000,235938,8,2026-06-08,2,32,23
4501,600,204,1,995325,49766,20000,965559,12,2025-03-23,3,7,23
4502,683,396,4,1043936,0,0,4175744,12,2025-08-04,5,47,3
4503,1391,178,5,572301,0,25000,2886505,6,2025-10-22,3,29,5
4504,1467,400,1,1043936,52196,30000,1021740,5,2026-05-16,4,24,5
4505,1042,209,2,1015325,0,25000,2055650,4,2023-10-01,5,33,14
4506,1582,161,1,582301,0,15000,597301,4,2023-10-19,3,1,20
4507,457,19,3,263478,13173,15000,765915,9,2024-05-29,4,50,24
4508,288,231,2,1199215,119921,10000,2168588,8,2023-01-23,4,41,18
4509,1778,414,2,1253713,0,20000,2527426,6,2026-08-07,2,59,29
4510,96,476,1,455632,0,20000,475632,6,2023-09-12,8,5,13
4511,1751,311,1,165454,0,10000,175454,7,2023-12-19,1,38,12
4512,189,156,1,1317879,65893,20000,1271986,8,2023-11-12,3,74,16
4513,1617,467,1,382900,0,30000,412900,4,2025-05-31,2,38,14
4514,1899,453,3,382900,38290,30000,1063830,7,2024-07-09,2,73,23
4515,1671,254,1,247829,24782,0,223047,1,2025-02-27,2,34,10
4516,2022,509,3,1194592,59729,30000,3434589,5,2024-12-24,4,8,14
4517,1428,32,1,781327,0,15000,796327,12,2024-06-01,5,16,25
4518,1422,383,1,1063936,0,25000,1088936,8,2023-06-27,5,72,16
4519,777,415,1,1243713,0,30000,1273713,8,2023-09-12,3,61,12
4520,897,204,2,995325,0,30000,2020650,11,2026-05-31,1,60,28
4521,1583,161,2,582301,29115,10000,1116372,2,2026-02-21,5,34,17
4522,936,325,2,1147247,0,10000,2304494,10,2023-07-03,4,58,3
4523,1284,84,1,235165,0,10000,245165,2,2025-12-08,1,10,21
4524,100,395,1,1043936,52196,10000,1001740,9,2026-04-06,5,41,20
4525,965,466,4,362900,0,20000,1471600,2,2023-12-25,3,43,21
4526,2177,290,2,222494,22249,10000,410490,5,2024-12-01,4,2,3
4527,2128,114,1,1138263,0,15000,1153263,2,2023-01-07,5,22,13
4528,86,491,1,445632,44563,20000,421069,12,2024-06-25,4,13,12
4529,2178,399,3,1033936,51696,15000,2961720,4,2026-06-11,3,67,14
4530,1867,233,1,1179215,0,20000,1199215,5,2024-02-13,5,57,15
4531,103,198,1,50278,5027,20000,65251,11,2025-03-30,4,48,25
4532,966,420,1,1065563,0,15000,1080563,8,2024-05-19,1,48,20
4533,2330,549,2,595602,0,20000,1211204,1,2025-09-09,5,26,26
4534,672,374,1,1059326,0,25000,1084326,6,2024-11-09,4,44,23
4535,1640,511,4,1194592,0,0,4778368,6,2024-10-01,3,71,6
4536,178,102,5,1148263,0,25000,5766315,4,2025-07-30,4,36,10
4537,494,402,1,1033936,51696,0,982240,1,2023-07-24,1,68,21
4538,220,106,1,1108263,55413,30000,1082850,8,2024-02-14,4,72,1
4539,186,335,1,1167247,0,25000,1192247,4,2023-02-14,4,72,29
4540,351,394,1,1033936,0,0,1033936,5,2024-08-13,5,34,24
4541,1154,399,2,1033936,0,20000,2087872,4,2025-06-17,4,22,19
4542,2222,203,2,1015325,50766,20000,1949118,6,2023-05-10,5,26,21
4543,2483,238,1,1199215,119921,10000,1089294,2,2025-12-19,4,45,8
4544,1909,412,1,1212030,0,20000,1232030,10,2023-06-19,4,72,14
4545,1499,423,2,510089,51008,30000,948162,4,2026-08-14,4,60,17
4546,1485,393,2,1073936,0,30000,2177872,6,2026-05-06,6,77,18
4547,1788,358,1,1099326,109932,10000,999394,11,2025-04-15,8,39,27
4548,1950,388,2,1043936,0,0,2087872,2,2025-12-12,1,12,28
4549,1166,143,2,1317879,131787,15000,2387184,1,2025-11-01,2,21,12
4550,207,375,2,1059326,0,25000,2143652,6,2023-10-27,5,61,17
4551,2144,22,2,781327,0,15000,1577654,3,2026-02-06,2,58,1
4552,2208,185,1,50278,0,20000,70278,8,2024-05-15,5,5,19
4553,595,375,5,1059326,0,30000,5326630,11,2025-03-25,4,22,23
4554,404,97,2,205165,30774,30000,378782,10,2025-04-06,6,42,4
4555,247,386,2,1053936,0,30000,2137872,3,2025-06-14,2,25,28
4556,2009,246,1,207829,0,30000,237829,1,2025-06-02,3,11,7
4557,1953,220,1,1035325,0,10000,1045325,12,2026-02-26,1,19,4
4558,693,183,1,60278,0,0,60278,11,2025-08-08,4,13,14
4559,2434,229,5,1169215,0,30000,5876075,4,2026-06-20,4,36,28
4560,2483,344,2,1167247,0,15000,2349494,10,2023-02-02,3,24,8
4561,571,393,3,1073936,53696,10000,3070720,10,2024-05-26,3,76,14
4562,1542,229,2,1169215,58460,15000,2236510,7,2025-05-19,2,55,15
4563,864,514,4,49707,0,10000,208828,1,2024-02-22,2,2,24
4564,912,484,1,425632,42563,0,383069,11,2024-01-15,4,26,3
4565,1171,68,1,856915,0,30000,886915,7,2023-05-27,5,15,5
4566,960,223,1,1179215,0,25000,1204215,6,2023-11-24,4,36,22
4567,2389,453,1,382900,0,30000,412900,6,2026-08-31,5,21,1
4568,2171,350,2,1187247,59362,10000,2265770,7,2024-05-08,3,59,7
4569,921,146,1,1317879,0,20000,1337879,12,2023-06-05,5,3,2
4570,67,244,1,217829,0,20000,237829,4,2026-04-01,3,2,6
4571,1348,233,1,1179215,58960,25000,1145255,4,2023-06-21,2,18,13
4572,1478,41,3,1009429,0,0,3028287,9,2025-05-17,2,10,6
4573,1263,547,2,585602,29280,15000,1127644,1,2025-10-31,3,32,10
4574,235,397,1,1043936,156590,25000,912346,4,2023-04-17,1,37,12
4575,2290,41,1,1009429,0,20000,1029429,2,2025-04-16,3,19,23
4576,2020,319,1,135454,6772,20000,148682,5,2023-08-18,2,5,9
4577,2210,451,1,1013839,101383,15000,927456,11,2025-06-08,6,26,5
4578,1711,399,2,1033936,51696,30000,1994480,8,2026-01-27,1,27,25
4579,513,105,2,1108263,0,30000,2246526,10,2024-09-05,5,27,7
4580,1628,518,1,69707,0,30000,99707,10,2023-08-11,4,48,19
4581,1235,137,2,1397646,0,15000,2810292,9,2024-05-15,3,3,5
4582,919,368,3,1099326,0,20000,3317978,7,2025-07-23,4,46,10
4583,2209,8,1,303478,0,10000,313478,1,2023-12-28,3,3,7
4584,1782,21,3,751327,37566,0,2141283,1,2024-07-04,1,13,25
4585,1400,4,1,303478,30347,10000,283131,7,2026-02-28,3,19,8
4586,417,428,4,1138346,0,10000,4563384,6,2025-07-09,5,74,1
4587,1366,270,1,192494,19249,30000,203245,10,2024-05-16,2,64,25
4588,759,258,3,237829,11891,10000,687814,9,2024-06-16,4,76,3
4589,2381,324,2,135454,13545,15000,258818,6,2023-07-16,3,12,8
4590,2182,304,1,145454,7272,20000,158182,12,2026-03-22,2,15,1
4591,122,209,1,1015325,152298,30000,893027,10,2025-03-21,4,34,26
4592,2345,496,2,1164592,174688,15000,1994808,8,2025-12-31,2,17,27
4593,928,365,1,1089326,0,25000,1114326,11,2025-05-31,1,68,21
4594,880,100,1,215165,0,30000,245165,6,2023-11-26,7,20,9
4595,48,130,3,1407646,0,15000,4237938,7,2023-03-23,2,74,1
4596,186,490,2,455632,22781,10000,875702,8,2026-01-25,3,1,29
4597,2399,455,4,382900,0,30000,1561600,7,2026-04-16,1,10,24
4598,276,256,1,207829,0,0,207829,9,2025-02-23,4,69,21
4599,2132,89,1,225165,0,20000,245165,7,2025-12-31,3,66,3
4600,1100,144,1,1277879,0,10000,1287879,9,2025-09-02,6,37,3
4601,1277,410,1,1182030,118203,25000,1088827,6,2024-09-15,5,39,10
4602,1508,470,3,382900,0,20000,1168700,5,2026-05-01,5,33,18
4603,1268,73,1,876915,0,20000,896915,5,2026-08-11,8,43,10
4604,2219,224,1,1159215,0,10000,1169215,11,2023-05-28,1,68,1
4605,1545,485,3,425632,0,25000,1301896,6,2023-08-13,2,51,13
4606,46,60,4,1039429,0,20000,4177716,7,2023-08-11,1,66,7
4607,290,432,4,768998,38449,30000,2952196,1,2024-12-21,5,55,12
4608,137,53,1,1009429,0,15000,1024429,12,2024-08-12,3,18,3
4609,702,494,3,1164592,0,25000,3518776,3,2025-10-26,3,69,18
4610,2230,78,1,846915,42345,20000,824570,5,2026-06-25,5,77,17
4611,665,277,2,202494,0,10000,414988,10,2025-09-01,3,42,26
4612,1230,375,2,1059326,0,10000,2128652,6,2025-10-11,6,75,22
4613,813,229,1,1169215,175382,10000,1003833,4,2026-03-30,5,71,4
4614,363,515,1,79707,3985,25000,100722,12,2025-12-27,3,57,18
4615,1772,140,3,1407646,281529,10000,3388351,8,2024-12-06,3,53,4
4616,132,484,1,425632,42563,30000,413069,6,2025-11-29,4,10,7
4617,381,332,2,1187247,59362,10000,2265770,11,2024-01-24,3,55,27
4618,426,223,2,1179215,0,20000,2378430,5,2023-11-06,2,76,4
4619,1092,477,2,455632,0,20000,931264,6,2024-07-18,2,42,16
4620,1597,548,3,555602,27780,15000,1598466,10,2025-09-23,1,37,17
4621,2426,256,2,207829,0,20000,435658,4,2025-12-18,5,73,7
4622,124,69,1,876915,0,20000,896915,11,2025-06-02,2,74,3
4623,1878,508,2,1174592,0,25000,2374184,11,2026-03-20,3,35,20
4624,1491,403,1,1043936,0,25000,1068936,8,2024-11-03,5,59,9
4625,346,521,1,89707,0,20000,109707,1,2024-09-24,3,42,23
4626,1483,139,5,1397646,0,10000,6998230,8,2024-05-20,2,52,24
4627,1990,196,2,70278,0,15000,155556,3,2026-04-17,5,16,11
4628,1765,286,1,222494,0,10000,232494,2,2025-11-10,4,52,27
4629,314,480,5,465632,0,25000,2353160,11,2026-06-19,4,36,20
4630,668,171,1,552301,0,25000,577301,6,2024-12-07,5,41,12
4631,2013,53,1,1009429,50471,25000,983958,4,2024-06-24,4,1,23
4632,576,428,2,1138346,0,15000,2291692,11,2026-07-04,5,32,12
4633,1602,266,1,237829,11891,20000,245938,9,2024-04-21,2,21,1
4634,349,164,2,582301,0,20000,1184602,1,2025-06-26,2,73,29
4635,2237,467,4,382900,19145,15000,1470020,8,2025-04-11,1,33,15
4636,2171,76,5,856915,42845,25000,4095350,1,2026-01-08,2,36,7
4637,669,532,1,59707,2985,20000,76722,8,2024-03-18,2,60,10
4638,690,493,2,1174592,0,10000,2359184,11,2024-08-29,4,72,11
4639,656,277,1,202494,0,25000,227494,5,2025-08-21,5,4,6
4640,1343,59,2,1029429,0,30000,2088858,11,2025-02-21,6,48,22
4641,441,438,4,1023839,51191,0,3890592,11,2024-03-15,3,34,10
4642,2275,478,1,425632,21281,0,404351,11,2026-01-31,4,28,5
4643,2202,304,1,145454,0,10000,155454,9,2024-01-04,2,9,8
4644,1966,90,3,235165,0,25000,730495,9,2026-07-29,2,16,29
4645,1098,58,1,1009429,0,25000,1034429,8,2026-03-04,4,46,25
4646,1016,217,1,995325,0,15000,1010325,5,2026-07-30,4,44,3
4647,2381,34,2,771327,77132,20000,1408390,9,2024-07-14,4,13,8
4648,2063,145,3,1317879,0,30000,3983637,10,2024-03-05,5,53,28
4649,1628,288,1,192494,28874,30000,193620,4,2025-10-20,5,32,19
4650,1548,389,1,1073936,161090,30000,942846,3,2024-12-30,5,66,10
4651,742,458,1,392900,19645,30000,403255,10,2023-12-05,5,61,5
4652,1868,498,1,1164592,0,10000,1174592,9,2025-10-19,4,41,18
4653,1846,449,1,993839,0,10000,1003839,2,2023-05-04,3,7,16
4654,1732,237,1,1169215,0,10000,1179215,2,2024-06-14,5,45,29
4655,1539,73,1,876915,43845,30000,863070,2,2024-09-04,4,23,1
4656,746,550,5,575602,57560,30000,2620210,2,2026-08-03,3,76,1
4657,495,263,3,217829,0,30000,683487,12,2024-06-16,3,41,22
4658,484,545,1,575602,0,10000,585602,11,2023-08-01,1,28,1
4659,1328,171,1,552301,0,25000,577301,2,2023-07-08,6,20,25
4660,633,64,5,856915,42845,30000,4100350,12,2024-09-27,2,77,28
4661,920,13,3,293478,0,20000,900434,3,2025-08-29,3,62,27
4662,2129,49,1,1009429,50471,25000,983958,6,2024-01-22,3,54,2
4663,747,257,3,217829,0,30000,683487,6,2024-02-02,1,29,12
4664,4,410,1,1182030,0,15000,1197030,1,2025-06-03,3,77,15
4665,1494,162,1,582301,29115,10000,563186,10,2025-12-02,4,56,20
4666,611,191,1,60278,0,30000,90278,8,2023-09-24,5,14,21
4667,1233,279,1,222494,11124,10000,221370,5,2026-01-09,2,32,9
4668,1819,404,2,1053936,105393,20000,1917086,5,2023-02-21,5,1,5
4669,408,532,2,59707,2985,20000,133444,11,2023-01-27,5,55,23
4670,2400,375,1,1059326,52966,0,1006360,2,2025-02-28,3,19,5
4671,219,258,2,237829,11891,15000,466876,1,2024-07-14,5,45,23
4672,714,189,2,90278,4513,0,171530,4,2025-02-20,4,67,13
4673,289,298,2,165454,0,20000,350908,5,2025-12-17,2,41,14
4674,2143,192,1,60278,6027,30000,84251,1,2026-08-09,1,59,14
4675,226,471,2,382900,38290,15000,704220,3,2024-10-07,5,21,20
4676,1867,519,1,59707,5970,20000,73737,5,2023-06-01,3,65,15
4677,2096,205,1,1025325,0,20000,1045325,11,2023-05-24,2,56,17
4678,1113,129,4,1427646,142764,10000,5149528,7,2025-10-25,6,11,12
4679,2402,97,5,205165,10258,15000,989535,12,2026-01-25,5,56,6
4680,1874,167,1,542301,81345,20000,480956,2,2025-01-15,5,65,29
4681,469,312,3,155454,15545,10000,429727,11,2024-06-07,5,31,11
4682,151,162,1,582301,29115,0,553186,10,2025-11-09,5,38,15
4683,286,437,1,1003839,50191,0,953648,7,2025-04-13,5,36,15
4684,2126,127,1,1417646,70882,0,1346764,11,2023-05-29,3,74,3
4685,357,155,2,1317879,0,20000,2655758,3,2026-03-31,5,19,12
4686,121,172,2,562301,0,0,1124602,5,2025-11-28,2,63,14
4687,174,445,1,993839,0,25000,1018839,7,2023-11-06,5,50,21
4688,1413,70,2,876915,43845,10000,1676140,7,2025-09-15,3,59,1
4689,993,178,1,572301,0,15000,587301,9,2023-02-21,2,31,11
4690,1813,327,3,1177247,58862,10000,3365155,11,2026-06-17,1,25,12
4691,1540,38,4,761327,38066,20000,2913044,8,2024-03-11,8,15,14
4692,311,85,5,225165,0,20000,1145825,3,2024-12-18,1,22,20
4693,2072,66,1,866915,0,15000,881915,8,2024-08-30,5,35,1
4694,1513,460,2,362900,36290,30000,683220,5,2024-12-06,2,3,13
4695,349,134,1,1417646,0,30000,1447646,3,2026-01-02,4,63,29
4696,1511,311,4,165454,16545,25000,620636,3,2025-06-21,2,60,11
4697,341,155,1,1317879,131787,20000,1206092,6,2023-04-17,3,62,9
4698,1569,211,1,995325,0,30000,1025325,4,2026-06-15,1,41,14
4699,1900,32,5,781327,39066,0,3711305,1,2023-08-31,3,68,18
4700,1916,51,1,1039429,103942,20000,955487,6,2023-08-13,1,21,6
4701,626,106,1,1108263,0,15000,1123263,12,2024-08-12,2,70,1
4702,1289,352,1,1177247,117724,10000,1069523,11,2024-06-14,3,57,19
4703,831,459,2,392900,0,30000,815800,5,2024-12-09,1,67,24
4704,688,204,5,995325,0,15000,4991625,12,2023-10-31,4,77,28
4705,2187,421,5,530089,0,0,2650445,1,2025-02-19,3,16,15
4706,1647,354,1,1069326,106932,15000,977394,6,2023-06-25,1,4,1
4707,1327,373,1,1079326,0,25000,1104326,11,2024-05-02,4,7,11
4708,1638,31,1,751327,37566,20000,733761,3,2025-05-01,4,14,25
4709,1788,19,1,263478,13173,30000,280305,4,2024-01-20,5,70,27
4710,100,436,5,1013839,0,20000,5089195,4,2023-03-12,4,55,20
4711,468,14,2,283478,42521,30000,511914,11,2026-04-13,5,68,20
4712,692,67,2,836915,41845,10000,1600140,12,2025-07-16,4,15,19
4713,1354,94,1,235165,0,0,235165,8,2025-06-03,3,24,8
4714,1338,204,1,995325,0,0,995325,6,2023-07-28,4,66,21
4715,330,497,4,1164592,0,0,4658368,12,2025-07-10,1,45,27
4716,1495,15,2,283478,0,30000,596956,9,2024-11-01,4,75,23
4717,234,333,4,1187247,0,10000,4758988,6,2023-01-25,2,45,27
4718,828,202,1,1015325,0,30000,1045325,3,2024-06-26,5,11,6
4719,1239,204,3,995325,0,15000,3000975,11,2023-12-21,4,26,19
4720,68,224,1,1159215,0,10000,1169215,8,2024-05-19,2,55,15
4721,61,262,3,237829,23782,30000,672141,8,2026-04-02,3,30,3
4722,2479,526,1,49707,0,30000,79707,11,2023-01-25,3,72,2
4723,2288,500,1,1164592,58229,20000,1126363,6,2023-01-28,4,27,21
4724,1189,196,2,70278,3513,30000,163530,9,2024-02-10,5,39,7
4725,1867,41,3,1009429,0,25000,3053287,11,2024-03-24,5,6,15
4726,811,409,3,1172030,0,20000,3536090,12,2024-02-12,2,42,14
4727,1727,23,1,751327,0,10000,761327,6,2023-02-19,7,13,9
4728,1619,242,3,217829,21782,25000,613141,5,2023-08-19,5,46,26
4729,963,423,3,510089,0,15000,1545267,4,2025-07-12,5,2,3
4730,1096,129,3,1427646,0,10000,4292938,4,2024-05-16,3,24,25
4731,1645,134,4,1417646,141764,10000,5113528,8,2023-09-20,4,4,18
4732,756,310,2,145454,0,25000,315908,6,2023-09-24,5,11,2
4733,16,191,2,60278,9041,30000,132474,5,2023-05-23,5,2,25
4734,2357,423,1,510089,25504,25000,509585,6,2026-03-23,4,49,25
4735,1454,537,2,575602,28780,0,1093644,1,2024-07-16,2,29,6
4736,2430,149,3,1287879,64393,15000,3685458,3,2023-11-26,2,14,15
4737,2232,300,2,165454,0,10000,340908,4,2024-03-10,1,30,1
4738,252,52,1,1019429,0,25000,1044429,1,2023-03-18,3,25,12
4739,529,204,2,995325,0,25000,2015650,3,2023-03-01,4,4,8
4740,98,464,1,372900,0,0,372900,3,2023-12-14,5,42,9
4741,1610,217,1,995325,49766,0,945559,3,2025-01-01,3,29,20
4742,480,273,1,202494,10124,15000,207370,8,2026-07-30,3,32,28
4743,1436,234,5,1169215,58460,10000,5563775,7,2023-01-15,6,31,19
4744,144,502,1,1174592,0,30000,1204592,3,2023-01-30,2,59,9
4745,2488,451,4,1013839,50691,15000,3867592,2,2024-05-15,4,30,23
4746,388,281,1,212494,0,10000,222494,6,2026-03-30,7,51,29
4747,1271,65,3,846915,0,0,2540745,1,2026-06-15,5,14,21
4748,2414,541,2,595602,0,10000,1201204,6,2024-04-25,7,31,11
4749,1893,106,2,1108263,0,10000,2226526,5,2024-02-18,4,2,11
4750,2184,519,1,59707,0,25000,84707,11,2026-01-04,1,70,1
4751,609,71,1,846915,0,0,846915,11,2024-11-18,5,12,25
4752,1094,369,2,1079326,0,15000,2173652,7,2025-04-07,4,34,17
4753,1954,33,1,761327,0,0,761327,1,2026-01-11,4,31,20
4754,1504,42,2,999429,0,10000,2008858,11,2026-06-10,5,47,18
4755,1086,9,1,293478,0,20000,313478,12,2026-06-19,4,6,26
4756,2261,72,1,846915,84691,10000,772224,7,2025-05-21,4,19,5
4757,1108,295,1,202494,0,20000,222494,7,2023-10-20,3,16,8
4758,2012,462,1,372900,0,15000,387900,2,2025-01-17,4,62,5
4759,1890,288,5,192494,0,20000,982470,11,2023-09-28,6,24,25
4760,176,362,2,1059326,0,15000,2133652,8,2025-08-14,3,29,1
4761,928,412,1,1212030,60601,15000,1166429,11,2024-10-07,4,1,21
4762,2005,315,1,135454,0,30000,165454,1,2025-05-14,2,20,4
4763,2078,467,4,382900,0,0,1531600,8,2026-07-26,5,9,12
4764,106,440,4,1013839,0,10000,4065356,3,2023-08-09,5,46,2
4765,1626,523,4,89707,0,25000,383828,2,2025-11-07,4,37,18
4766,1232,319,1,135454,0,15000,150454,2,2025-12-11,1,24,4
4767,715,148,2,1297879,0,20000,2615758,2,2024-07-21,5,32,28
4768,743,123,1,1427646,0,30000,1457646,6,2026-02-13,5,19,19
4769,2288,422,1,550089,0,10000,560089,11,2023-06-08,5,75,21
4770,1979,331,1,1157247,57862,20000,1119385,10,2025-04-12,5,38,12
4771,1628,230,1,1199215,119921,30000,1109294,6,2026-02-13,4,43,19
4772,1822,113,4,1148263,0,25000,4618052,8,2026-04-22,4,17,21
4773,2125,117,2,1108263,55413,0,2105700,4,2024-08-01,6,28,18
4774,2201,467,1,382900,19145,10000,373755,8,2025-09-06,5,28,4
4775,1579,532,1,59707,5970,0,53737,11,2023-12-03,3,29,28
4776,1264,49,1,1009429,100942,10000,918487,11,2025-03-28,1,23,12
4777,634,30,1,761327,38066,30000,753261,3,2026-01-08,4,36,17
4778,1008,147,1,1297879,0,30000,1327879,11,2023-07-02,2,10,20
4779,344,277,1,202494,0,25000,227494,5,2024-08-07,2,44,8
4780,1029,225,1,1179215,0,15000,1194215,9,2023-08-29,1,49,7
4781,2409,130,5,1407646,0,0,7038230,5,2026-05-22,1,10,17
4782,2426,311,3,165454,0,30000,526362,4,2025-01-06,8,37,7
4783,1161,156,2,1317879,0,10000,2645758,7,2026-04-02,3,2,22
4784,1976,77,1,856915,85691,20000,791224,4,2025-07-02,3,51,3
4785,438,505,4,1204592,0,10000,4828368,3,2026-06-09,5,40,4
4786,747,233,1,1179215,58960,30000,1150255,12,2023-12-21,4,20,12
4787,432,469,1,392900,0,10000,402900,10,2023-06-13,3,51,23
4788,99,97,1,205165,20516,0,184649,1,2023-01-28,4,73,2
4789,1182,17,1,263478,0,30000,293478,5,2026-01-06,5,26,27
4790,1440,175,1,542301,27115,0,515186,9,2023-07-06,4,54,29
4791,1414,412,2,1212030,0,15000,2439060,7,2024-01-10,3,72,16
4792,1633,280,5,232494,23249,30000,1076225,11,2026-01-16,4,3,22
4793,1328,385,2,1073936,0,30000,2177872,3,2024-08-05,3,67,25
4794,934,396,5,1043936,52196,15000,4973700,9,2024-12-18,4,9,27
4795,1926,79,3,836915,0,30000,2540745,12,2025-12-18,2,53,9
4796,1437,296,1,222494,0,10000,232494,2,2024-04-23,2,12,15
4797,2004,54,1,1009429,0,15000,1024429,9,2023-10-17,3,27,4
4798,2322,21,1,751327,112699,20000,658628,2,2026-03-15,4,3,23
4799,164,215,1,1035325,103532,25000,956793,7,2024-05-04,4,10,4
4800,1372,2,1,303478,30347,20000,293131,7,2025-11-17,3,33,22
4801,25,215,3,1035325,0,20000,3125975,12,2024-08-01,3,12,7
4802,51,393,2,1073936,0,20000,2167872,6,2024-08-18,1,37,11
4803,2286,425,1,1148346,114834,15000,1048512,9,2023-11-13,1,65,13
4804,438,454,1,382900,0,15000,397900,4,2024-11-21,7,68,4
4805,532,324,2,135454,0,30000,300908,11,2026-01-22,2,45,1
4806,593,402,1,1033936,0,10000,1043936,1,2024-12-04,4,50,20
4807,2029,491,2,445632,0,15000,906264,4,2023-07-25,5,69,9
4808,217,11,1,293478,0,0,293478,10,2023-06-27,3,46,18
4809,1891,413,1,1243713,0,30000,1273713,7,2023-02-27,3,65,16
4810,463,445,2,993839,99383,10000,1798912,4,2025-08-15,8,72,24
4811,438,59,2,1029429,0,0,2058858,2,2023-10-27,4,36,4
4812,2153,142,1,1317879,131787,25000,1211092,1,2026-05-19,3,74,20
4813,2467,287,1,222494,0,25000,247494,11,2025-11-13,4,29,7
4814,1053,401,2,1053936,105393,30000,1927086,10,2025-02-27,2,55,6
4815,905,240,2,1169215,0,10000,2348430,4,2023-03-14,4,71,24
4816,680,188,1,60278,0,20000,80278,11,2026-07-16,3,64,22
4817,1905,39,1,791327,0,30000,821327,11,2023-10-06,3,9,28
4818,2193,455,1,382900,38290,25000,369610,8,2026-01-18,3,64,10
4819,1995,477,2,455632,22781,0,865702,1,2025-04-11,2,66,1
4820,1042,515,1,79707,3985,10000,85722,1,2026-07-07,1,51,14
4821,872,134,2,1417646,141764,25000,2576764,7,2025-05-20,4,46,25
4822,1271,514,4,49707,7456,10000,179004,11,2025-06-18,3,3,21
4823,269,507,4,1204592,0,0,4818368,2,2025-06-02,2,39,5
4824,230,264,1,237829,0,0,237829,4,2026-08-20,3,9,27
4825,26,11,3,293478,0,15000,895434,5,2024-12-24,4,70,22
4826,2273,301,3,175454,0,15000,541362,5,2024-10-19,3,9,21
4827,2133,309,1,175454,8772,20000,186682,9,2025-06-23,1,26,11
4828,1471,490,2,455632,0,30000,941264,6,2024-01-18,3,30,14
4829,1500,154,1,1307879,130787,25000,1202092,11,2026-08-13,2,55,22
4830,1067,189,1,90278,0,15000,105278,11,2023-04-16,5,1,28
4831,991,321,2,175454,26318,25000,323272,12,2023-05-22,4,66,8
4832,967,191,1,60278,0,15000,75278,5,2024-08-18,4,30,5
4833,750,323,2,175454,0,10000,360908,9,2024-09-30,6,52,11
4834,1368,146,2,1317879,0,30000,2665758,11,2026-04-08,5,65,3
4835,423,51,1,1039429,51971,25000,1012458,3,2023-11-25,5,13,27
4836,163,469,1,392900,0,0,392900,12,2023-03-29,2,46,28
4837,94,312,1,155454,0,15000,170454,3,2025-08-03,4,36,13
4838,75,188,4,60278,3013,25000,254060,6,2024-03-04,4,42,15
4839,856,226,2,1189215,0,10000,2388430,7,2025-06-27,4,1,8
4840,1471,364,1,1079326,53966,10000,1035360,6,2026-01-18,5,76,14
4841,449,273,3,202494,0,15000,622482,10,2026-06-06,2,47,4
4842,1305,418,2,1105563,0,20000,2231126,1,2026-05-04,7,61,25
4843,1013,446,2,993839,0,20000,2007678,4,2023-05-07,2,7,23
4844,1414,188,1,60278,6027,10000,64251,12,2023-07-17,4,70,16
4845,504,545,1,575602,86340,20000,509262,1,2023-07-10,4,46,19
4846,2353,104,2,1118263,0,15000,2251526,1,2023-11-04,1,8,20
4847,1402,330,4,1177247,58862,25000,4498540,8,2023-12-10,2,26,4
4848,868,23,1,751327,0,10000,761327,4,2023-08-13,4,45,28
4849,173,375,2,1059326,0,30000,2148652,1,2024-09-09,4,13,29
4850,1139,472,2,372900,18645,30000,738510,12,2025-05-05,1,54,6
4851,938,203,1,1015325,152298,25000,888027,9,2023-03-06,3,41,6
4852,87,134,2,1417646,0,30000,2865292,6,2023-05-26,3,34,28
4853,432,211,1,995325,0,0,995325,7,2026-01-06,5,9,23
4854,699,325,3,1147247,0,25000,3466741,8,2024-12-23,5,62,9
4855,2090,453,2,382900,0,15000,780800,12,2026-05-17,4,5,7
4856,1640,188,1,60278,0,0,60278,8,2023-01-24,6,43,6
4857,319,477,2,455632,0,25000,936264,4,2026-06-05,6,73,17
4858,1675,18,2,293478,14673,20000,577610,12,2024-03-28,1,3,27
4859,1775,53,2,1009429,50471,25000,1942916,6,2025-05-09,3,17,15
4860,843,253,5,217829,0,10000,1099145,6,2025-08-25,5,76,6
4861,651,143,4,1317879,0,25000,5296516,9,2025-10-28,5,58,13
4862,451,443,5,1013839,0,30000,5099195,6,2023-01-18,3,10,23
4863,2492,422,1,550089,55008,0,495081,1,2025-03-21,2,70,23
4864,2481,487,2,445632,0,0,891264,1,2024-07-30,3,18,1
4865,1866,299,1,155454,0,25000,180454,2,2026-07-04,5,73,10
4866,1557,361,1,1069326,160398,15000,923928,1,2023-07-27,6,53,16
4867,225,324,3,135454,6772,25000,411046,11,2023-10-03,3,51,5
4868,1840,161,1,582301,0,10000,592301,11,2023-05-02,4,29,20
4869,608,52,3,1019429,0,10000,3068287,4,2023-02-14,1,66,20
4870,1380,166,2,542301,0,15000,1099602,9,2024-08-01,4,41,13
4871,1306,154,3,1307879,0,10000,3933637,2,2025-07-04,3,5,28
4872,2253,160,1,1297879,129787,10000,1178092,6,2024-03-05,1,6,4
4873,1524,327,1,1177247,0,25000,1202247,10,2023-09-20,5,51,25
4874,2495,305,1,145454,14545,15000,145909,8,2023-12-20,4,63,25
4875,1946,21,1,751327,37566,20000,733761,6,2023-02-03,2,46,10
4876,560,497,4,1164592,0,0,4658368,2,2024-11-07,3,75,22
4877,1987,364,3,1079326,53966,0,3076080,12,2024-12-31,4,2,29
4878,1322,271,3,202494,0,20000,627482,12,2024-05-28,3,64,26
4879,601,151,1,1307879,130787,20000,1197092,11,2025-12-13,3,14,25
4880,1819,59,3,1029429,102942,15000,2794461,9,2025-12-17,4,2,5
4881,1703,94,2,235165,0,0,470330,2,2023-01-28,6,48,22
4882,1770,476,1,455632,0,10000,465632,7,2025-01-27,2,26,20
4883,645,263,2,217829,0,15000,450658,1,2025-01-22,6,58,9
4884,1324,314,1,155454,0,15000,170454,10,2025-06-08,5,31,29
4885,2193,478,1,425632,21281,30000,434351,2,2026-06-29,5,40,10
4886,1308,513,1,59707,0,10000,69707,3,2023-10-01,2,1,4
4887,1922,219,3,995325,0,0,2985975,6,2024-01-29,2,24,12
4888,725,251,1,217829,0,15000,232829,1,2024-05-10,2,34,26
4889,1997,218,2,1025325,51266,10000,1958118,4,2023-07-25,4,2,28
4890,290,523,1,89707,8970,0,80737,4,2025-09-17,4,43,12
4891,1104,53,2,1009429,0,10000,2028858,4,2023-08-14,8,73,14
4892,1562,37,4,791327,0,30000,3195308,12,2024-02-04,4,7,27
4893,826,91,1,225165,11258,20000,233907,7,2025-07-11,5,23,16
4894,2060,438,1,1023839,0,20000,1043839,1,2024-05-02,2,13,4
4895,318,516,1,69707,0,30000,99707,8,2025-02-10,2,75,2
4896,646,408,1,1063936,0,0,1063936,5,2024-07-16,5,64,28
4897,1526,75,1,876915,43845,25000,858070,3,2025-01-02,4,24,14
4898,2370,74,2,836915,0,10000,1683830,11,2026-06-01,4,1,13
4899,280,87,1,235165,0,0,235165,12,2026-05-31,4,68,17
4900,1997,475,2,445632,0,20000,911264,7,2024-01-18,4,64,28
4901,1350,449,3,993839,99383,0,2683368,12,2025-11-28,2,58,27
4902,1159,265,1,247829,0,20000,267829,5,2025-09-29,3,28,24
4903,1376,541,1,595602,0,10000,605602,9,2025-09-12,2,15,24
4904,58,98,5,195165,9758,15000,942035,11,2025-11-01,4,36,25
4905,1833,194,1,80278,4013,15000,91265,8,2024-10-10,1,14,14
4906,2339,86,1,205165,0,15000,220165,12,2024-09-15,3,48,29
4907,2042,319,1,135454,6772,15000,143682,6,2023-10-21,3,36,2
4908,276,183,2,60278,0,25000,145556,7,2024-03-08,5,41,21
4909,628,262,1,237829,0,20000,257829,4,2023-07-23,5,58,7
4910,138,358,1,1099326,0,30000,1129326,2,2023-03-08,4,24,14
4911,640,451,2,1013839,50691,0,1926296,5,2023-10-26,3,20,11
4912,346,90,4,235165,35274,20000,819564,3,2024-12-11,4,21,23
4913,492,337,2,1177247,0,30000,2384494,3,2024-05-03,5,62,20
4914,2011,27,1,761327,0,25000,786327,2,2024-12-19,3,69,1
4915,1097,548,1,555602,0,20000,575602,8,2023-07-11,2,35,12
4916,435,476,1,455632,22781,30000,462851,6,2025-12-02,4,18,10
4917,1963,443,1,1013839,0,30000,1043839,7,2026-04-28,5,71,13
4918,509,157,1,1317879,131787,30000,1216092,6,2024-10-11,6,70,4
4919,2459,153,1,1277879,0,10000,1287879,1,2025-03-27,4,7,7
4920,490,402,1,1033936,0,25000,1058936,2,2024-04-04,1,13,3
4921,138,308,1,145454,7272,25000,163182,8,2025-09-30,4,30,14
4922,1226,523,1,89707,0,0,89707,8,2025-09-01,5,1,10
4923,191,512,4,1184592,59229,0,4501452,7,2023-09-20,4,30,23
4924,1733,133,2,1397646,0,0,2795292,8,2023-09-13,5,62,10
4925,2384,406,2,1073936,53696,20000,2060480,12,2023-08-18,4,33,27
4926,1649,394,5,1033936,0,20000,5189680,6,2023-05-16,3,71,11
4927,2216,294,3,222494,11124,15000,649110,5,2025-12-08,4,44,11
4928,1117,520,2,79707,0,15000,174414,7,2023-04-30,2,72,28
4929,1296,110,1,1108263,55413,10000,1062850,7,2024-08-22,4,54,25
4930,973,112,1,1128263,0,15000,1143263,2,2025-06-29,5,60,22
4931,872,187,1,60278,0,20000,80278,2,2026-01-09,7,71,25
4932,2120,380,1,1079326,53966,10000,1035360,9,2025-04-24,3,44,10
4933,2417,504,4,1194592,0,0,4778368,11,2025-05-03,3,49,3
4934,2272,188,1,60278,0,15000,75278,5,2025-10-30,2,24,16
4935,1473,190,2,60278,3013,0,114530,6,2024-02-26,6,18,28
4936,337,215,1,1035325,103532,10000,941793,7,2024-12-16,3,16,1
4937,754,101,1,1148263,0,0,1148263,5,2025-11-03,5,65,21
4938,1060,159,1,1287879,0,30000,1317879,8,2025-08-14,5,15,27
4939,281,385,4,1073936,53696,15000,4095960,4,2023-12-15,4,31,22
4940,136,26,1,791327,0,30000,821327,4,2024-01-12,4,56,22
4941,2498,354,4,1069326,53466,15000,4078440,9,2026-02-07,8,2,5
4942,796,237,2,1169215,0,10000,2348430,9,2023-12-12,2,33,6
4943,2448,444,1,1013839,0,30000,1043839,5,2025-02-04,4,51,20
4944,1845,296,2,222494,0,20000,464988,10,2023-05-08,5,67,23
4945,1298,335,1,1167247,0,10000,1177247,7,2023-09-11,5,7,18
4946,1936,332,4,1187247,0,30000,4778988,3,2024-09-28,1,35,21
4947,1313,267,1,217829,0,10000,227829,6,2023-10-08,2,62,15
4948,1835,444,2,1013839,50691,10000,1936296,5,2023-07-09,4,76,21
4949,1108,23,2,751327,37566,30000,1457522,3,2026-06-15,4,61,8
4950,1855,158,2,1297879,0,20000,2615758,12,2026-06-12,7,10,17
4951,2,25,4,771327,0,20000,3105308,1,2024-08-31,6,68,8
4952,2464,103,5,1138263,0,20000,5711315,9,2025-10-15,2,44,18
4953,1408,153,1,1277879,63893,10000,1223986,7,2025-07-10,6,38,26
4954,142,96,1,205165,0,25000,230165,11,2023-12-04,2,42,22
4955,2302,327,1,1177247,0,30000,1207247,12,2024-05-31,2,47,5
4956,1275,433,1,1023839,0,25000,1048839,12,2026-03-26,2,61,25
4957,2193,259,1,247829,24782,25000,248047,2,2026-03-11,6,60,10
4958,107,385,2,1073936,0,30000,2177872,4,2025-08-14,5,26,2
4959,252,127,2,1417646,0,20000,2855292,12,2025-08-15,2,67,12
4960,1390,65,4,846915,0,20000,3407660,3,2025-04-12,3,73,10
4961,2343,57,1,1009429,0,10000,1019429,1,2025-02-19,1,75,8
4962,1621,486,1,455632,0,25000,480632,5,2023-12-07,5,2,16
4963,2025,425,3,1148346,0,30000,3475038,4,2024-08-27,1,43,29
4964,1722,50,1,1039429,51971,25000,1012458,5,2024-07-25,4,8,14
4965,1931,448,2,1023839,102383,15000,1857912,10,2026-07-23,3,20,15
4966,1392,237,1,1169215,175382,25000,1018833,6,2024-10-03,3,40,5
4967,2239,62,1,836915,0,0,836915,8,2025-04-12,4,55,2
4968,1598,372,1,1069326,53466,30000,1045860,10,2024-07-16,3,44,22
4969,1716,137,2,1397646,139764,15000,2530764,4,2026-03-04,2,30,2
4970,501,157,2,1317879,0,15000,2650758,4,2024-09-07,5,61,5
4971,988,473,1,455632,45563,25000,435069,9,2023-02-17,5,48,6
4972,1460,234,4,1169215,0,20000,4696860,2,2025-09-05,4,25,12
4973,1077,389,2,1073936,161090,10000,1835692,8,2026-06-27,2,51,27
4974,362,386,5,1053936,0,25000,5294680,2,2025-03-23,2,59,16
4975,610,347,1,1187247,59362,20000,1147885,2,2023-11-07,3,45,7
4976,736,316,1,175454,0,30000,205454,4,2024-03-03,3,66,25
4977,2148,6,2,273478,0,15000,561956,7,2023-08-09,2,1,25
4978,2481,256,2,207829,20782,0,374094,8,2026-06-04,1,71,1
4979,1057,220,1,1035325,0,20000,1055325,8,2026-03-18,1,59,23
4980,840,524,1,69707,6970,15000,77737,4,2024-01-06,1,39,25
4981,1764,348,5,1157247,173587,20000,4938300,9,2026-02-19,5,15,22
4982,998,191,1,60278,0,15000,75278,8,2023-01-25,1,29,10
4983,2291,85,1,225165,0,30000,255165,2,2023-11-25,3,19,7
4984,1672,501,1,1174592,0,25000,1199592,5,2024-06-16,3,32,1
4985,2248,104,3,1118263,0,0,3354789,9,2025-07-07,4,60,20
4986,1718,52,4,1019429,101942,30000,3699948,4,2024-04-04,5,34,16
4987,1521,82,4,205165,0,0,820660,3,2023-03-23,3,30,12
4988,1531,211,1,995325,0,25000,1020325,4,2026-03-03,2,16,21
4989,1992,122,1,1427646,0,25000,1452646,7,2025-04-17,5,71,18
4990,1917,342,1,1177247,0,15000,1192247,3,2023-05-15,3,32,25
4991,1410,160,2,1297879,64893,20000,2485972,4,2024-03-25,1,22,4
4992,2031,314,4,155454,7772,25000,615728,8,2024-09-08,2,11,5
4993,1435,363,2,1069326,0,20000,2158652,12,2026-02-02,1,45,8
4994,1851,469,3,392900,0,25000,1203700,11,2026-04-05,4,38,7
4995,1876,525,5,69707,6970,25000,338685,4,2023-07-25,4,28,18
4996,2442,226,2,1189215,59460,20000,2279510,3,2025-06-10,2,7,1
4997,1297,168,1,582301,0,25000,607301,2,2024-02-26,7,16,6
4998,1710,542,2,595602,0,25000,1216204,10,2024-06-15,5,30,2
4999,301,217,2,995325,0,30000,2020650,5,2024-05-14,7,74,4
5000,882,332,2,1187247,0,30000,2404494,4,2023-10-05,3,63,4
5001,182,286,1,222494,11124,10000,221370,9,2023-08-17,5,43,28
5002,27,256,2,207829,0,20000,435658,1,2023-08-04,3,35,29
5003,934,480,3,465632,23281,10000,1337053,9,2023-02-22,2,72,27
5004,1789,38,1,761327,0,0,761327,9,2023-02-11,3,19,2
5005,2493,115,1,1118263,111826,10000,1016437,5,2023-05-24,5,37,10
5006,2164,324,3,135454,0,30000,436362,7,2023-05-11,6,38,10
5007,1393,19,2,263478,13173,20000,520610,6,2023-06-11,5,50,24
5008,356,76,2,856915,42845,10000,1638140,4,2025-12-15,1,24,29
5009,911,97,1,205165,0,25000,230165,12,2026-05-16,2,67,6
5010,634,161,1,582301,58230,10000,534071,12,2026-08-16,3,62,17
5011,1758,171,2,552301,27615,0,1049372,12,2023-12-09,5,30,12
5012,388,431,1,758998,0,20000,778998,8,2026-03-16,4,26,29
5013,2229,487,2,445632,0,0,891264,5,2023-01-12,2,68,16
5014,51,170,2,562301,0,30000,1154602,7,2023-03-24,3,35,11
5015,1564,465,1,382900,0,20000,402900,12,2026-07-11,2,64,4
5016,900,161,2,582301,0,10000,1174602,6,2024-10-03,4,43,23
5017,1199,265,1,247829,0,0,247829,12,2025-06-10,1,48,15
5018,5,224,4,1159215,0,15000,4651860,4,2026-06-17,6,7,26
5019,673,142,5,1317879,0,15000,6604395,5,2026-04-11,2,39,3
5020,1572,435,1,1023839,0,20000,1043839,6,2025-01-26,3,71,12
5021,1176,278,1,222494,11124,20000,231370,5,2023-04-19,5,40,24
5022,1511,69,1,876915,0,20000,896915,3,2025-04-15,4,30,11
5023,52,141,2,1287879,0,15000,2590758,11,2023-04-14,4,17,29
5024,1093,304,1,145454,0,20000,165454,11,2026-01-03,3,22,23
5025,2110,146,4,1317879,0,10000,5281516,10,2026-06-19,5,36,10
5026,124,54,1,1009429,0,15000,1024429,10,2024-07-02,3,62,3
5027,2447,52,1,1019429,101942,15000,932487,10,2025-08-28,6,49,8
5028,1235,138,5,1437646,0,0,7188230,10,2024-09-14,5,53,5
5029,2486,174,2,562301,56230,25000,1037142,8,2025-12-07,4,75,26
5030,1202,513,3,59707,0,25000,204121,4,2024-04-24,3,47,12
5031,513,132,3,1417646,0,30000,4282938,3,2025-08-28,1,52,7
5032,1476,469,2,392900,58935,0,667930,6,2023-03-10,3,68,27
5033,98,37,1,791327,39566,15000,766761,6,2023-09-02,3,9,9
5034,1070,381,1,1033936,103393,30000,960543,9,2024-01-03,4,35,18
5035,156,59,1,1029429,0,30000,1059429,9,2025-11-12,2,64,27
5036,212,453,4,382900,57435,20000,1321860,8,2026-08-10,5,68,20
5037,615,137,1,1397646,0,25000,1422646,6,2024-04-25,5,47,17
5038,940,163,1,542301,0,10000,552301,3,2025-07-15,2,52,10
5039,370,465,4,382900,0,10000,1541600,12,2023-03-17,3,68,11
5040,845,172,1,562301,0,10000,572301,4,2025-12-02,3,40,5
5041,772,39,2,791327,0,30000,1612654,6,2026-02-05,4,52,28
5042,589,449,2,993839,49691,10000,1898296,12,2025-09-17,1,27,7
5043,1192,299,1,155454,15545,0,139909,8,2026-04-27,3,30,12
5044,2413,50,2,1039429,0,10000,2088858,1,2024-02-26,5,15,12
5045,870,161,1,582301,0,10000,592301,7,2025-12-05,7,76,4
5046,1958,275,1,222494,0,25000,247494,6,2024-08-14,4,58,15
5047,1757,381,5,1033936,51696,0,4911200,9,2026-08-27,2,52,1
5048,1396,143,1,1317879,65893,0,1251986,8,2024-06-17,3,53,14
5049,2096,419,1,1085563,0,25000,1110563,1,2024-05-18,3,29,17
5050,798,147,5,1297879,0,15000,6504395,10,2023-05-07,3,47,22
5051,2448,460,1,362900,0,20000,382900,11,2024-02-06,1,54,20
5052,574,3,2,263478,0,15000,541956,4,2024-08-24,4,54,4
5053,194,457,3,362900,0,0,1088700,1,2025-08-07,3,13,26
5054,953,5,1,273478,0,10000,283478,3,2023-06-24,8,32,21
5055,1249,230,1,1199215,119921,30000,1109294,6,2024-12-27,6,27,15
5056,1373,409,1,1172030,0,20000,1192030,5,2025-05-30,4,13,10
5057,331,405,1,1053936,0,15000,1068936,7,2023-12-19,3,24,5
5058,930,500,1,1164592,58229,10000,1116363,12,2023-12-10,4,7,25
5059,2411,390,2,1063936,106393,25000,1940086,2,2026-05-08,2,1,25
5060,392,362,2,1059326,52966,0,2012720,1,2024-12-17,4,68,11
5061,1689,380,1,1079326,53966,25000,1050360,9,2023-06-08,5,47,2
5062,1496,206,2,1035325,0,0,2070650,3,2023-05-10,5,72,2
5063,1525,244,1,217829,10891,30000,236938,1,2024-04-12,4,11,24
5064,698,546,5,555602,0,30000,2808010,5,2024-10-15,5,68,29
5065,501,322,1,135454,13545,25000,146909,11,2025-04-17,4,24,5
5066,1651,410,2,1182030,0,25000,2389060,7,2024-07-03,6,26,15
5067,2305,422,2,550089,0,10000,1110178,7,2025-12-17,5,73,3
5068,790,56,1,1029429,51471,20000,997958,3,2026-06-09,3,37,23
5069,1115,315,1,135454,20318,10000,125136,2,2026-06-19,5,66,1
5070,634,346,1,1147247,0,20000,1167247,12,2024-01-28,3,77,17
5071,1984,550,1,575602,57560,10000,528042,3,2023-05-15,4,15,19
5072,1777,23,2,751327,75132,0,1352390,3,2024-05-04,2,76,16
5073,938,76,1,856915,0,0,856915,5,2025-04-03,5,8,6
5074,41,214,1,1035325,0,20000,1055325,11,2024-08-28,3,63,6
5075,822,512,1,1184592,177688,10000,1016904,5,2023-08-22,4,3,24
5076,1908,32,1,781327,0,0,781327,7,2024-06-20,4,52,18
5077,2022,544,1,565602,0,30000,595602,5,2024-08-31,4,32,14
5078,312,153,1,1277879,63893,0,1213986,11,2023-01-29,3,42,9
5079,812,125,2,1397646,0,30000,2825292,6,2024-05-29,7,6,5
5080,2252,167,4,542301,0,20000,2189204,12,2026-06-25,5,48,12
5081,910,178,3,572301,28615,0,1631058,9,2026-06-25,5,38,4
5082,68,510,1,1184592,0,25000,1209592,2,2026-07-23,2,53,15
5083,994,150,1,1297879,0,25000,1322879,5,2023-10-14,4,4,28
5084,2333,116,4,1138263,0,10000,4563052,7,2023-10-15,2,3,6
5085,2402,185,3,50278,0,20000,170834,9,2024-02-28,5,5,6
5086,1057,219,4,995325,0,15000,3996300,3,2025-03-06,5,75,23
5087,1738,414,2,1253713,0,25000,2532426,6,2025-11-04,4,66,23
5088,35,463,1,352900,0,30000,382900,7,2024-05-16,3,26,13
5089,95,510,1,1184592,0,25000,1209592,6,2024-10-09,5,31,3
5090,1882,371,1,1079326,53966,25000,1050360,5,2025-08-16,4,6,2
5091,1291,250,5,237829,0,10000,1199145,11,2026-03-13,4,32,15
5092,1342,20,1,283478,42521,15000,255957,4,2024-02-08,5,28,29
5093,83,165,1,562301,28115,20000,554186,11,2025-11-25,5,23,25
5094,2227,5,3,273478,13673,20000,799415,5,2025-08-27,3,71,14
5095,1666,495,3,1194592,59729,25000,3429589,7,2025-01-17,4,65,24
5096,1295,113,1,1148263,0,30000,1178263,9,2024-12-31,1,27,17
5097,230,405,5,1053936,0,30000,5299680,12,2025-05-12,4,42,27
5098,1261,366,1,1079326,0,0,1079326,11,2024-11-20,3,12,15
5099,721,226,2,1189215,59460,0,2259510,6,2024-07-23,7,3,27
5100,1249,128,1,1427646,214146,10000,1223500,6,2026-05-29,2,66,15
5101,1095,35,1,771327,0,0,771327,10,2023-05-12,4,4,15
5102,143,310,2,145454,0,30000,320908,7,2024-12-06,4,40,10
5103,2065,36,2,761327,114199,0,1294256,12,2024-10-11,1,51,25
5104,1358,366,1,1079326,53966,10000,1035360,5,2024-04-08,3,35,16
5105,1305,427,1,1148346,0,15000,1163346,9,2025-01-01,4,18,25
5106,2190,260,1,247829,12391,10000,245438,6,2024-10-09,2,6,9
5107,352,393,1,1073936,0,20000,1093936,11,2023-09-05,4,75,27
5108,1949,470,4,382900,38290,30000,1408440,3,2025-06-12,2,7,3
5109,2372,478,1,425632,42563,20000,403069,6,2023-09-29,3,57,16
5110,1218,238,1,1199215,0,20000,1219215,8,2026-06-29,7,12,22
5111,1640,169,3,552301,0,15000,1671903,10,2023-07-07,2,30,6
5112,1630,171,3,552301,82845,30000,1438368,8,2026-02-18,1,75,5
5113,1913,349,2,1177247,0,30000,2384494,3,2024-02-16,4,62,9
5114,405,222,1,1199215,0,25000,1224215,3,2024-12-26,5,3,10
5115,297,211,3,995325,149298,15000,2553081,8,2025-08-24,4,71,5
5116,1227,54,1,1009429,0,15000,1024429,4,2024-11-19,2,36,8
5117,423,190,4,60278,3013,15000,244060,12,2023-06-23,5,24,27
5118,2225,332,1,1187247,118724,20000,1088523,12,2026-08-17,4,1,18
5119,1089,472,1,372900,0,15000,387900,4,2025-03-24,5,61,25
5120,51,128,4,1427646,71382,0,5425056,8,2024-10-08,3,6,11
5121,1968,521,3,89707,0,10000,279121,12,2024-07-22,2,23,26
5122,1921,243,1,217829,21782,25000,221047,5,2026-02-12,3,20,13
5123,1693,356,1,1099326,0,25000,1124326,8,2026-07-01,3,11,19
5124,1797,260,4,247829,0,20000,1011316,8,2025-10-14,4,37,29
5125,2153,404,1,1053936,52696,0,1001240,7,2024-07-22,4,2,20
5126,2280,13,1,293478,0,15000,308478,4,2023-02-05,5,44,6
5127,8,49,1,1009429,50471,0,958958,12,2023-08-06,5,58,19
5128,1769,26,1,791327,0,15000,806327,1,2026-07-08,2,59,21
5129,776,288,1,192494,0,20000,212494,11,2026-07-27,3,20,6
5130,580,551,1,555602,0,0,555602,5,2023-06-24,4,31,21
5131,225,123,3,1427646,0,25000,4307938,12,2025-12-12,8,46,5
5132,1860,305,1,145454,0,30000,175454,1,2024-01-22,3,21,21
5133,1800,273,1,202494,10124,0,192370,10,2025-05-17,5,33,9
5134,121,393,1,1073936,0,25000,1098936,9,2023-09-25,4,17,14
5135,659,147,1,1297879,0,20000,1317879,6,2023-03-05,3,20,29
5136,90,322,1,135454,0,25000,160454,1,2023-11-14,1,23,12
5137,420,353,1,1089326,0,20000,1109326,2,2024-12-23,5,44,23
5138,1680,469,1,392900,0,30000,422900,5,2024-09-01,5,14,19
5139,1504,39,1,791327,0,10000,801327,4,2026-01-24,4,45,18
5140,1066,447,1,1003839,50191,20000,973648,9,2023-05-17,3,36,10
5141,2271,331,4,1157247,115724,20000,4186092,7,2026-01-04,2,73,22
5142,1163,523,4,89707,8970,10000,332948,11,2024-04-18,4,24,15
5143,2445,489,1,465632,0,20000,485632,4,2023-08-11,5,18,16
5144,1243,86,1,205165,0,15000,220165,5,2025-05-12,3,45,4
5145,2083,337,1,1177247,0,25000,1202247,1,2026-02-07,4,12,22
5146,447,58,1,1009429,0,25000,1034429,1,2023-01-21,4,14,25
5147,2387,31,1,751327,0,25000,776327,9,2026-05-17,6,72,26
5148,1251,1,3,263478,0,20000,810434,8,2024-05-21,4,61,8
5149,2184,473,1,455632,45563,0,410069,6,2023-05-15,2,8,1
5150,2234,516,2,69707,0,10000,149414,7,2025-02-01,3,76,27
5151,850,483,1,455632,0,15000,470632,10,2024-08-05,4,66,8
5152,40,317,3,165454,0,0,496362,4,2024-03-29,3,66,7
5153,807,246,1,207829,0,30000,237829,2,2023-11-25,5,76,20
5154,2250,394,4,1033936,0,10000,4145744,3,2024-03-23,3,32,27
5155,1721,103,1,1138263,56913,10000,1091350,5,2024-12-04,3,63,12
5156,1590,142,2,1317879,197681,25000,2265396,6,2024-11-01,2,44,6
5157,290,545,4,575602,28780,15000,2202288,12,2024-03-04,5,50,12
5158,174,307,2,175454,0,15000,365908,5,2026-05-13,3,63,21
5159,1764,540,1,565602,56560,20000,529042,9,2023-07-22,1,56,22
5160,1608,376,1,1099326,109932,15000,1004394,1,2026-05-01,6,19,7
5161,1516,413,2,1243713,0,15000,2502426,8,2024-02-09,5,59,27
5162,1034,147,1,1297879,0,15000,1312879,6,2023-08-14,3,11,20
5163,1813,103,2,1138263,56913,25000,2187700,12,2024-01-27,4,75,12
5164,612,158,2,1297879,0,30000,2625758,1,2026-03-19,5,57,16
5165,2220,381,4,1033936,51696,25000,3953960,11,2025-07-02,5,77,4
5166,714,527,2,89707,0,0,179414,8,2023-06-25,5,56,13
5167,1758,60,4,1039429,0,25000,4182716,5,2026-04-18,5,63,12
5168,1764,153,1,1277879,127787,0,1150092,2,2025-12-11,5,43,22
5169,214,69,2,876915,0,15000,1768830,6,2026-08-27,1,5,4
5170,54,511,2,1194592,59729,0,2269726,2,2026-06-30,7,33,1
5171,1901,442,1,1003839,0,15000,1018839,8,2023-02-14,7,3,8
5172,2073,135,1,1397646,0,20000,1417646,11,2023-03-11,6,53,15
5173,1537,156,1,1317879,0,0,1317879,5,2024-08-01,4,59,16
5174,688,96,2,205165,0,30000,440330,4,2025-06-10,4,41,28
5175,941,14,1,283478,42521,15000,255957,1,2026-03-14,4,57,16
5176,2417,132,1,1417646,70882,0,1346764,2,2023-05-16,2,33,3
5177,103,197,1,80278,8027,15000,87251,7,2024-08-28,5,57,25
5178,464,109,3,1108263,0,20000,3344789,1,2024-02-17,3,24,26
5179,376,136,5,1397646,0,15000,7003230,10,2025-06-20,3,66,23
5180,1642,85,1,225165,0,15000,240165,1,2025-01-20,4,8,12
5181,784,320,2,175454,0,25000,375908,11,2024-05-11,2,61,25
5182,532,148,1,1297879,64893,25000,1257986,2,2024-09-26,4,47,1
5183,2313,93,4,195165,9758,30000,771628,9,2025-09-03,3,77,24
5184,1013,454,2,382900,0,20000,785800,10,2024-11-30,5,49,23
5185,548,268,2,227829,22782,30000,440094,3,2026-01-21,5,64,23
5186,892,70,1,876915,43845,30000,863070,3,2023-08-01,4,42,9
5187,2207,299,3,155454,0,30000,496362,12,2023-04-13,2,16,6
5188,389,188,2,60278,12055,10000,106446,5,2023-11-24,4,45,28
5189,1918,45,2,1019429,0,15000,2053858,4,2024-09-28,6,23,27
5190,631,329,2,1157247,57862,30000,2228770,5,2023-07-11,5,25,5
5191,1132,300,2,165454,0,10000,340908,8,2023-10-16,1,66,3
5192,450,26,1,791327,0,25000,816327,12,2026-08-26,4,77,5
5193,216,85,1,225165,22516,10000,212649,4,2024-07-06,2,52,5
5194,1002,382,1,1033936,0,20000,1053936,6,2026-04-12,2,9,29
5195,895,296,2,222494,0,20000,464988,10,2024-10-11,4,37,8
5196,1413,295,4,202494,0,25000,834976,2,2023-05-27,3,57,1
5197,1505,327,1,1177247,117724,25000,1084523,2,2024-07-21,5,67,27
5198,399,334,1,1167247,0,0,1167247,5,2025-09-19,3,5,23
5199,1713,99,1,195165,0,20000,215165,11,2026-04-27,5,30,9
5200,452,114,1,1138263,56913,20000,1101350,5,2025-03-04,3,17,4
5201,1915,544,2,565602,0,0,1131204,10,2024-02-17,4,4,15
5202,1260,472,1,372900,0,10000,382900,1,2026-08-05,5,32,11
5203,1282,21,1,751327,0,10000,761327,1,2024-03-02,4,14,22
5204,666,273,2,202494,0,0,404988,6,2023-08-27,4,65,14
5205,570,86,3,205165,0,15000,630495,1,2023-11-06,1,71,14
5206,2,352,4,1177247,58862,20000,4493540,10,2026-01-11,5,29,8
5207,1621,97,2,205165,0,0,410330,2,2024-12-01,4,39,16
5208,529,402,1,1033936,0,0,1033936,5,2024-12-18,4,34,8
5209,68,493,1,1174592,0,10000,1184592,10,2025-10-04,2,34,15
5210,2237,454,1,382900,0,25000,407900,1,2026-05-26,2,7,15
5211,1619,296,1,222494,22249,15000,215245,8,2025-07-08,4,4,26
5212,1427,130,4,1407646,70382,0,5349056,7,2023-05-30,5,32,6
5213,1217,113,2,1148263,57413,20000,2201700,11,2024-11-19,4,43,15
5214,108,284,1,222494,11124,20000,231370,6,2024-03-31,5,75,19
5215,259,414,1,1253713,0,30000,1283713,12,2025-11-16,3,27,21
5216,1306,9,5,293478,14673,0,1394025,3,2024-02-12,5,60,28
5217,2099,103,1,1138263,56913,30000,1111350,9,2024-06-16,5,48,14
5218,102,348,1,1157247,57862,0,1099385,10,2023-12-22,3,73,2
5219,793,150,4,1297879,0,25000,5216516,5,2026-03-15,4,52,22
5220,1615,212,5,1035325,0,15000,5191625,1,2025-02-06,3,21,4
5221,1818,403,1,1043936,104393,30000,969543,9,2025-12-13,3,12,7
5222,2075,120,1,1108263,0,25000,1133263,5,2024-03-29,4,5,21
5223,2182,239,3,1189215,59460,30000,3419265,1,2023-12-25,5,32,1
5224,2500,22,2,781327,78132,25000,1431390,9,2023-05-12,6,21,5
5225,2146,278,3,222494,0,0,667482,11,2024-10-10,4,49,5
5226,517,55,1,1039429,0,25000,1064429,1,2024-12-29,7,24,26
5227,1667,238,1,1199215,0,0,1199215,11,2024-12-25,5,50,11
5228,218,449,1,993839,49691,10000,954148,9,2026-04-20,2,48,17
5229,2017,473,2,455632,22781,15000,880702,5,2025-02-02,4,1,3
5230,1478,169,3,552301,0,25000,1681903,10,2025-12-05,3,68,6
5231,1799,151,1,1307879,0,20000,1327879,7,2023-09-14,3,66,15
5232,2464,447,1,1003839,0,15000,1018839,12,2023-11-23,2,60,18
5233,1649,519,4,59707,0,10000,248828,8,2025-10-23,4,66,11
5234,663,336,3,1157247,57862,20000,3318155,12,2026-05-05,4,38,28
5235,2481,367,1,1099326,0,30000,1129326,2,2023-09-07,3,61,1
5236,698,414,2,1253713,62685,10000,2392056,10,2025-06-12,5,18,29
5237,1990,439,3,1013839,0,15000,3056517,2,2025-01-06,5,34,11
5238,1479,518,1,69707,0,10000,79707,10,2025-06-01,8,77,1
5239,938,163,1,542301,81345,10000,470956,11,2024-12-08,2,47,6
5240,192,335,2,1167247,58362,15000,2232770,4,2024-05-24,3,30,8
5241,2301,46,1,1009429,0,25000,1034429,5,2025-10-27,2,23,19
5242,338,526,3,49707,2485,25000,166666,6,2025-01-14,4,53,21
5243,1943,104,3,1118263,55913,30000,3217050,12,2025-02-13,3,17,27
5244,187,468,2,392900,19645,0,746510,4,2024-09-06,7,73,18
5245,1121,482,1,465632,0,0,465632,5,2024-04-16,8,40,12
5246,2210,367,2,1099326,0,30000,2228652,1,2023-05-12,5,25,5
5247,2043,532,1,59707,5970,10000,63737,9,2023-01-17,5,52,16
5248,1321,439,1,1013839,50691,25000,988148,4,2023-06-19,8,38,13
5249,1052,403,2,1043936,208787,10000,1680298,5,2023-03-05,4,10,21
5250,1945,17,1,263478,26347,0,237131,11,2024-02-14,2,25,26
5251,359,287,1,222494,0,20000,242494,7,2023-04-16,4,6,9
5252,2161,172,4,562301,0,20000,2269204,7,2025-03-06,4,35,1
5253,1636,512,1,1184592,59229,20000,1145363,3,2026-08-11,5,1,25
5254,136,63,2,876915,0,0,1753830,11,2024-12-05,1,20,22
5255,17,409,1,1172030,0,0,1172030,1,2025-05-06,4,50,2
5256,2286,492,4,455632,68344,0,1549152,5,2026-01-02,4,21,13
5257,614,419,2,1085563,54278,10000,2072570,6,2024-05-18,5,52,28
5258,1388,37,2,791327,0,0,1582654,10,2024-09-24,5,38,6
5259,1439,145,1,1317879,0,0,1317879,10,2023-10-29,7,42,7
5260,107,484,3,425632,0,30000,1306896,6,2023-09-24,5,73,2
5261,623,375,1,1059326,0,30000,1089326,4,2024-03-18,4,61,25
5262,510,351,1,1157247,115724,15000,1056523,11,2023-03-23,3,54,3
5263,624,120,1,1108263,0,30000,1138263,5,2025-05-17,4,67,25
5264,1103,492,2,455632,45563,30000,850138,10,2026-07-06,5,29,17
5265,401,506,2,1194592,119459,25000,2175266,11,2025-05-12,8,52,1
5266,263,265,2,247829,12391,15000,485876,2,2025-12-31,4,38,7
5267,1865,15,1,283478,0,0,283478,4,2024-11-17,4,30,28
5268,1369,93,1,195165,0,25000,220165,12,2025-07-26,4,10,2
5269,491,535,2,555602,83340,15000,959524,1,2024-04-13,3,12,14
5270,118,100,1,215165,10758,25000,229407,3,2025-05-10,3,45,12
5271,1331,141,4,1287879,0,20000,5171516,5,2024-05-26,1,20,18
5272,1590,367,2,1099326,164898,25000,1893856,11,2023-02-28,6,36,6
5273,15,13,2,293478,0,25000,611956,11,2024-07-16,4,67,17
5274,473,343,3,1157247,57862,10000,3308155,9,2023-10-14,8,31,23
5275,1961,490,1,455632,22781,0,432851,9,2026-05-30,8,30,27
5276,2297,344,1,1167247,0,0,1167247,7,2024-02-01,2,29,7
5277,2235,428,1,1138346,0,15000,1153346,10,2026-05-08,3,63,1
5278,1833,348,3,1157247,0,15000,3486741,9,2023-01-25,2,22,14
5279,988,279,1,222494,0,20000,242494,9,2023-11-16,1,73,6
5280,1988,313,4,145454,0,20000,601816,3,2024-10-18,4,72,28
5281,1806,362,2,1059326,105932,20000,1926788,1,2023-11-22,4,60,16
5282,2271,71,1,846915,42345,0,804570,2,2026-03-23,4,40,22
5283,2386,162,2,582301,0,10000,1174602,9,2025-06-13,7,49,3
5284,1086,367,2,1099326,0,10000,2208652,4,2024-03-19,3,49,26
5285,2151,340,2,1177247,58862,30000,2266770,9,2023-11-04,5,10,10
5286,1057,382,1,1033936,51696,10000,992240,7,2023-08-05,5,70,23
5287,122,376,1,1099326,109932,15000,1004394,2,2025-12-13,3,43,26
5288,1202,474,3,425632,21281,30000,1243053,1,2023-12-31,1,5,12
5289,813,2,4,303478,0,15000,1228912,11,2023-02-19,4,61,4
5290,402,475,2,445632,22281,10000,856702,10,2024-10-26,2,40,18
5291,2017,517,5,79707,0,20000,418535,1,2026-02-01,6,6,3
5292,2490,518,1,69707,0,30000,99707,9,2023-10-30,3,24,15
5293,290,303,3,155454,0,20000,486362,12,2025-10-29,5,22,12
5294,128,86,2,205165,0,10000,420330,8,2025-08-19,4,17,28
5295,1985,135,2,1397646,0,20000,2815292,10,2023-08-21,1,49,5
5296,2208,518,3,69707,0,15000,224121,10,2025-05-14,4,37,19
5297,993,90,1,235165,0,10000,245165,7,2026-06-02,2,23,11
5298,2268,32,1,781327,0,20000,801327,6,2024-07-24,3,66,17
5299,1576,217,3,995325,0,25000,3010975,12,2025-01-14,7,34,9
5300,1187,141,4,1287879,0,15000,5166516,5,2024-05-18,1,8,23
5301,22,362,1,1059326,0,30000,1089326,12,2026-04-09,5,37,24
5302,233,201,3,1025325,102532,10000,2778379,10,2024-12-13,3,23,8
5303,1573,177,1,552301,0,20000,572301,6,2026-08-28,1,11,10
5304,1047,89,2,225165,0,30000,480330,11,2025-01-20,2,65,26
5305,132,57,1,1009429,0,20000,1029429,2,2025-07-13,5,28,7
5306,2370,175,1,542301,0,25000,567301,12,2026-05-19,4,57,13
5307,1187,337,1,1177247,0,10000,1187247,11,2024-07-27,4,1,23
5308,2189,430,1,748998,37449,30000,741549,5,2025-07-12,3,17,23
5309,1860,39,1,791327,0,10000,801327,6,2023-01-08,6,74,21
5310,639,241,4,227829,0,10000,921316,10,2026-06-06,4,65,17
5311,479,91,2,225165,11258,30000,457814,1,2024-10-09,4,45,23
5312,522,205,5,1025325,0,30000,5156625,3,2024-07-04,2,46,26
5313,1109,526,5,49707,2485,20000,256110,8,2025-07-10,3,40,6
5314,1334,351,1,1157247,57862,15000,1114385,10,2025-03-02,4,35,2
5315,1043,131,1,1407646,0,30000,1437646,1,2024-04-20,3,69,2
5316,258,82,1,205165,10258,20000,214907,6,2025-01-16,4,2,18
5317,1733,380,1,1079326,0,15000,1094326,3,2024-08-29,3,20,10
5318,2301,24,2,791327,158265,10000,1276124,3,2025-10-23,3,73,19
5319,1186,25,3,771327,38566,25000,2223283,11,2025-09-09,3,71,3
5320,810,213,3,1025325,0,0,3075975,9,2025-07-09,1,59,13
5321,369,88,1,205165,30774,20000,194391,4,2025-03-19,5,5,5
5322,2123,433,1,1023839,0,10000,1033839,12,2023-12-01,3,72,20
5323,2254,363,3,1069326,106932,25000,2912182,11,2023-06-06,5,57,13
5324,330,272,2,202494,0,30000,434988,12,2023-11-21,2,46,27
5325,495,354,1,1069326,0,15000,1084326,8,2024-12-07,3,31,22
5326,2074,7,1,303478,0,25000,328478,12,2023-04-11,1,63,10
5327,2019,285,1,212494,0,0,212494,2,2023-09-20,5,47,25
5328,1702,242,4,217829,0,30000,901316,1,2025-06-10,5,66,5
5329,2231,380,1,1079326,0,25000,1104326,4,2024-07-01,4,67,7
5330,608,257,1,217829,0,20000,237829,10,2023-07-27,3,51,20
5331,2246,271,1,202494,0,25000,227494,2,2024-07-19,2,39,20
5332,690,454,2,382900,0,20000,785800,12,2024-10-17,4,2,11
5333,769,101,4,1148263,0,10000,4603052,8,2024-07-14,4,42,2
5334,2311,196,1,70278,0,30000,100278,2,2023-01-15,3,62,2
5335,1397,354,2,1069326,160398,25000,1842856,8,2024-04-07,4,62,17
5336,642,117,1,1108263,55413,0,1052850,2,2025-06-23,5,50,14
5337,1313,351,1,1157247,0,15000,1172247,10,2023-12-31,3,61,15
5338,2188,32,2,781327,0,20000,1582654,10,2023-10-13,2,45,12
5339,438,402,2,1033936,0,20000,2087872,1,2025-05-28,4,14,4
5340,2268,128,3,1427646,0,10000,4292938,11,2024-09-18,4,31,17
5341,1134,416,1,1263713,63185,20000,1220528,11,2025-03-24,1,6,28
5342,574,511,1,1194592,59729,15000,1149863,4,2025-01-07,3,42,4
5343,1935,494,2,1164592,0,0,2329184,7,2024-09-18,3,2,29
5344,1216,547,1,585602,0,15000,600602,9,2025-09-30,4,25,19
5345,1986,273,1,202494,0,30000,232494,7,2026-03-14,4,42,12
5346,332,291,1,202494,10124,0,192370,4,2026-03-15,5,23,23
5347,506,153,1,1277879,191681,30000,1116198,10,2024-02-06,5,15,10
5348,652,501,1,1174592,0,25000,1199592,6,2024-06-06,4,77,25
5349,1313,307,1,175454,0,20000,195454,8,2025-02-17,6,24,15
5350,1058,118,1,1138263,170739,10000,977524,5,2023-02-17,4,22,6
5351,489,537,4,575602,0,15000,2317408,1,2024-06-29,4,2,8
5352,82,405,1,1053936,105393,20000,968543,5,2025-03-04,7,4,12
5353,523,221,4,1179215,0,30000,4746860,1,2025-11-07,6,74,26
5354,1921,224,1,1159215,57960,10000,1111255,10,2024-01-10,4,23,13
5355,2024,26,3,791327,79132,30000,2166585,2,2024-10-11,4,70,17
5356,1445,502,4,1174592,0,15000,4713368,4,2023-12-10,4,16,7
5357,1347,247,3,237829,0,25000,738487,7,2025-09-10,3,77,29
5358,904,403,1,1043936,0,10000,1053936,7,2023-03-29,4,69,21
5359,655,528,2,49707,0,20000,119414,10,2023-12-06,4,44,24
5360,443,488,2,445632,0,0,891264,4,2025-06-22,1,4,3
5361,1508,389,1,1073936,0,15000,1088936,7,2026-07-12,4,71,18
5362,1988,314,2,155454,7772,15000,310364,9,2026-04-02,6,27,28
5363,399,250,2,237829,0,30000,505658,2,2024-01-29,5,42,23
5364,982,159,4,1287879,0,25000,5176516,12,2025-10-04,7,53,1
5365,1547,190,1,60278,3013,25000,82265,4,2023-07-24,3,12,4
5366,64,518,3,69707,0,15000,224121,2,2023-05-12,4,53,14
5367,261,194,1,80278,0,25000,105278,12,2023-07-15,4,48,2
5368,255,106,1,1108263,166239,20000,962024,10,2025-09-06,4,54,14
5369,654,444,2,1013839,0,10000,2037678,7,2024-12-14,4,54,29
5370,2153,48,3,1029429,0,30000,3118287,12,2026-06-12,4,27,20
5371,2315,417,1,1085563,0,25000,1110563,2,2026-02-26,1,27,28
5372,1155,69,3,876915,0,30000,2660745,11,2025-07-24,4,10,9
5373,1413,388,1,1043936,52196,0,991740,3,2025-06-24,4,17,1
5374,1124,506,2,1194592,0,0,2389184,3,2023-01-21,1,34,11
5375,114,458,1,392900,0,15000,407900,9,2026-03-25,1,28,24
5376,887,362,1,1059326,0,0,1059326,11,2026-08-05,4,9,8
5377,2410,19,1,263478,26347,10000,247131,12,2026-08-14,5,18,26
5378,709,178,1,572301,28615,25000,568686,10,2025-08-15,4,4,29
5379,1478,77,1,856915,0,30000,886915,10,2023-08-04,4,65,6
5380,543,131,1,1407646,70382,25000,1362264,8,2025-04-19,6,32,4
5381,1126,245,2,247829,37174,15000,436310,6,2025-04-19,1,21,6
5382,1466,534,3,585602,0,30000,1786806,1,2024-05-24,7,18,28
5383,172,72,5,846915,169383,20000,3407660,2,2026-03-16,3,47,6
5384,1897,270,1,192494,0,10000,202494,4,2023-05-24,4,56,27
5385,1715,290,1,222494,0,30000,252494,6,2025-03-15,3,1,11
5386,985,367,1,1099326,54966,25000,1069360,1,2024-03-21,5,14,18
5387,551,459,3,392900,39290,15000,1075830,7,2024-10-18,1,5,1
5388,152,466,3,362900,18145,30000,1064265,7,2024-05-19,4,26,6
5389,1698,239,4,1189215,0,10000,4766860,2,2026-06-28,4,34,22
5390,1378,497,4,1164592,0,30000,4688368,4,2026-07-23,7,32,19
5391,2383,510,1,1184592,0,20000,1204592,1,2026-05-10,2,56,8
5392,2487,229,4,1169215,116921,30000,4239176,12,2023-08-29,5,60,10
5393,253,406,1,1073936,53696,25000,1045240,11,2026-08-14,5,11,10
5394,1908,68,1,856915,85691,30000,801224,10,2026-01-29,4,26,18
5395,360,57,1,1009429,0,20000,1029429,11,2024-06-30,4,22,3
5396,525,462,3,372900,0,0,1118700,11,2024-06-24,6,57,19
5397,1211,183,2,60278,0,20000,140556,2,2025-11-15,6,25,6
5398,1405,410,3,1182030,118203,20000,3211481,2,2025-06-18,5,34,22
5399,1692,284,4,222494,0,20000,909976,8,2024-03-29,1,41,2
5400,46,513,2,59707,2985,30000,143444,1,2026-05-09,7,8,7
5401,1511,111,4,1138263,170739,10000,3880096,7,2023-11-15,4,6,11
5402,1335,256,1,207829,10391,0,197438,2,2023-12-09,5,1,29
5403,716,35,1,771327,0,0,771327,11,2023-12-18,3,74,4
5404,610,541,4,595602,0,20000,2402408,10,2023-10-13,1,63,7
5405,1715,251,1,217829,0,10000,227829,1,2023-12-23,4,2,11
5406,835,175,2,542301,0,10000,1094602,5,2023-11-10,2,2,15
5407,1595,142,1,1317879,0,20000,1337879,12,2023-03-25,7,68,20
5408,180,23,1,751327,0,15000,766327,7,2025-04-09,4,4,17
5409,695,16,3,273478,0,20000,840434,12,2026-07-26,3,75,2
5410,1099,323,1,175454,26318,10000,159136,11,2023-02-14,1,22,10
5411,543,469,2,392900,19645,10000,756510,6,2025-06-05,5,28,4
5412,2154,194,2,80278,4013,15000,167530,8,2026-03-27,3,35,11
5413,308,191,1,60278,0,25000,85278,9,2023-04-18,1,45,2
5414,1199,204,1,995325,0,20000,1015325,6,2025-05-02,5,30,15
5415,597,270,2,192494,0,20000,404988,7,2023-08-29,4,41,22
5416,1381,463,1,352900,52935,30000,329965,2,2024-09-15,3,28,20
5417,956,447,1,1003839,0,20000,1023839,6,2023-10-05,2,24,15
5418,132,70,2,876915,87691,10000,1588448,4,2024-04-02,4,34,7
5419,1226,342,1,1177247,0,15000,1192247,3,2026-06-13,3,36,10
5420,244,363,1,1069326,53466,10000,1025860,9,2023-10-26,4,2,13
5421,1850,388,2,1043936,0,0,2087872,9,2026-08-13,4,61,17
5422,936,347,1,1187247,0,0,1187247,3,2025-02-24,5,18,3
5423,650,445,3,993839,49691,25000,2857444,3,2023-01-18,3,62,15
5424,1286,501,1,1174592,0,20000,1194592,1,2023-01-04,2,30,18
5425,752,61,1,836915,0,10000,846915,2,2025-11-29,4,15,26
5426,2291,51,1,1039429,0,25000,1064429,2,2023-05-06,5,1,7
5427,2228,543,1,575602,0,15000,590602,5,2024-02-09,2,14,15
5428,2064,165,1,562301,0,0,562301,7,2025-08-11,5,23,22
5429,572,364,4,1079326,0,15000,4332304,9,2024-07-30,6,62,26
5430,2337,490,5,455632,0,15000,2293160,3,2023-04-12,4,23,13
5431,1473,205,4,1025325,0,20000,4121300,6,2023-04-16,1,68,28
5432,1350,320,1,175454,26318,20000,169136,5,2025-09-14,2,20,27
5433,1606,415,1,1243713,124371,10000,1129342,9,2024-08-19,4,35,5
5434,753,25,3,771327,0,0,2313981,5,2023-11-11,2,29,17
5435,163,70,1,876915,0,25000,901915,1,2023-07-20,3,56,28
5436,185,261,2,247829,0,10000,505658,10,2025-07-29,3,28,13
5437,129,516,2,69707,0,15000,154414,3,2024-12-14,3,27,29
5438,1434,512,1,1184592,59229,0,1125363,2,2024-03-27,7,31,7
5439,725,527,1,89707,0,30000,119707,12,2024-05-27,3,31,26
5440,2357,10,1,273478,13673,25000,284805,12,2026-03-07,6,75,25
5441,433,354,2,1069326,53466,20000,2051720,12,2026-03-11,2,62,11
5442,2254,310,2,145454,0,25000,315908,7,2025-03-03,5,17,13
5443,767,398,1,1073936,0,20000,1093936,4,2026-02-11,2,38,29
5444,2357,87,1,235165,0,30000,265165,6,2023-08-31,5,73,25
5445,623,370,4,1069326,53466,30000,4093440,1,2024-04-14,6,43,25
5446,1098,396,1,1043936,0,0,1043936,8,2024-10-17,4,3,25
5447,1601,143,1,1317879,65893,0,1251986,9,2023-01-21,5,39,15
5448,1934,429,5,758998,75899,20000,3435495,10,2024-08-31,4,68,25
5449,1579,162,2,582301,58230,15000,1063142,4,2026-02-26,2,71,28
5450,2133,352,3,1177247,0,15000,3546741,9,2026-05-23,5,66,11
5451,1257,408,2,1063936,53196,10000,2031480,12,2023-04-30,3,42,25
5452,121,254,2,247829,0,10000,505658,6,2026-02-14,4,28,14
5453,797,76,1,856915,0,0,856915,9,2023-05-13,3,43,2
5454,1388,78,1,846915,0,0,846915,3,2025-09-17,4,53,6
5455,322,459,3,392900,0,0,1178700,8,2023-09-21,3,24,18
5456,1506,309,1,175454,17545,30000,187909,2,2025-05-25,3,73,25
5457,1643,106,1,1108263,0,25000,1133263,1,2024-06-23,2,63,9
5458,1380,164,1,582301,29115,0,553186,12,2024-09-01,4,43,13
5459,2173,370,1,1069326,0,0,1069326,9,2023-03-27,5,3,17
5460,62,411,2,1192030,59601,15000,2279858,1,2024-02-03,4,41,12
5461,2201,477,5,455632,0,10000,2288160,2,2025-08-06,4,27,4
5462,362,317,2,165454,8272,0,314364,4,2023-08-16,1,54,16
5463,1766,10,1,273478,0,25000,298478,8,2025-02-28,5,68,21
5464,268,360,2,1079326,0,20000,2178652,12,2026-02-15,7,8,18
5465,2344,348,5,1157247,0,15000,5801235,5,2025-03-18,2,24,2
5466,1285,61,2,836915,0,20000,1693830,2,2025-08-28,5,44,25
5467,1603,263,1,217829,0,0,217829,4,2024-02-08,3,2,25
5468,1017,7,1,303478,15173,30000,318305,1,2023-02-23,2,68,6
5469,831,321,1,175454,17545,25000,182909,12,2023-11-22,4,66,24
5470,944,69,1,876915,43845,10000,843070,7,2026-01-27,4,64,13
5471,2220,262,4,237829,11891,15000,918752,3,2025-04-15,1,15,4
5472,274,495,3,1194592,119459,10000,3235399,11,2026-05-04,5,15,7
5473,2223,316,1,175454,17545,30000,187909,3,2025-10-20,1,2,6
5474,868,23,1,751327,0,15000,766327,6,2023-01-15,3,40,28
5475,2077,254,3,247829,0,0,743487,1,2023-11-09,2,43,16
5476,2019,14,4,283478,0,10000,1143912,11,2026-04-24,4,36,25
5477,809,407,1,1043936,0,15000,1058936,4,2023-11-07,3,23,8
5478,2444,126,1,1427646,0,10000,1437646,1,2023-12-12,5,77,9
5479,1354,314,1,155454,0,15000,170454,7,2024-10-24,2,66,8
5480,2213,427,2,1148346,0,25000,2321692,1,2026-08-04,1,51,21
5481,1525,407,2,1043936,0,0,2087872,12,2025-04-18,5,5,24
5482,2082,493,1,1174592,58729,20000,1135863,8,2024-05-22,5,50,20
5483,960,273,1,202494,0,10000,212494,5,2023-06-14,2,35,22
5484,86,258,1,237829,11891,10000,235938,12,2024-04-26,4,2,12
5485,331,198,2,50278,0,15000,115556,5,2024-12-11,5,73,5
5486,1742,121,2,1427646,0,0,2855292,5,2023-08-16,2,19,15
5487,1686,93,5,195165,9758,10000,937035,3,2024-10-14,5,52,23
5488,1714,146,1,1317879,0,20000,1337879,8,2025-12-27,4,51,15
5489,18,364,1,1079326,0,25000,1104326,9,2026-05-16,3,27,24
5490,62,222,3,1199215,59960,20000,3437765,4,2023-08-09,4,8,12
5491,1156,515,3,79707,0,0,239121,8,2025-07-11,4,52,1
5492,305,149,1,1287879,0,0,1287879,3,2025-10-25,4,52,6
5493,2316,362,1,1059326,0,20000,1079326,5,2026-06-27,2,39,18
5494,107,380,1,1079326,0,10000,1089326,12,2023-10-19,1,44,2
5495,419,149,2,1287879,0,30000,2605758,11,2025-09-23,2,37,2
5496,82,20,1,283478,28347,0,255131,5,2025-11-02,5,73,12
5497,2030,265,2,247829,0,0,495658,6,2024-08-26,3,34,26
5498,744,465,1,382900,57435,25000,350465,6,2026-01-03,1,59,10
5499,2391,184,1,80278,4013,10000,86265,9,2025-03-18,3,39,20
5500,77,493,2,1174592,0,20000,2369184,10,2025-08-31,5,76,18
5501,1490,58,1,1009429,0,15000,1024429,4,2026-04-27,3,12,24
5502,2500,480,1,465632,0,20000,485632,11,2026-08-09,2,47,5
5503,206,492,5,455632,0,25000,2303160,5,2026-06-25,3,8,21
5504,1002,246,2,207829,20782,10000,384094,2,2025-08-15,3,4,29
5505,30,205,2,1025325,0,25000,2075650,9,2026-04-02,3,31,13
5506,2145,331,2,1157247,0,30000,2344494,4,2026-04-07,3,51,13
5507,1594,237,2,1169215,0,0,2338430,9,2025-02-09,4,1,5
5508,960,165,3,562301,0,0,1686903,2,2025-09-03,3,63,22
5509,1138,539,1,585602,58560,30000,557042,8,2024-02-24,5,63,25
5510,1189,375,3,1059326,0,20000,3197978,6,2024-10-02,4,51,7
5511,1750,28,1,751327,37566,20000,733761,10,2025-10-27,6,7,19
5512,355,195,2,60278,0,25000,145556,9,2023-04-29,3,59,27
5513,2370,93,1,195165,0,0,195165,8,2023-05-27,2,8,13
5514,2380,301,1,175454,8772,0,166682,5,2024-10-28,7,61,14
5515,1869,204,4,995325,0,20000,4001300,9,2026-03-31,4,12,29
5516,1014,383,5,1063936,0,30000,5349680,5,2024-04-07,5,8,9
5517,121,358,2,1099326,0,10000,2208652,3,2026-07-18,1,14,14
5518,987,88,2,205165,20516,30000,399298,2,2024-08-07,3,72,23
5519,2401,261,1,247829,24782,30000,253047,12,2026-04-30,5,34,19
5520,572,93,1,195165,9758,25000,210407,4,2023-04-03,4,24,26
5521,648,126,1,1427646,0,30000,1457646,6,2025-02-16,5,66,9
5522,1092,488,1,445632,0,15000,460632,6,2026-06-12,3,23,16
5523,2411,542,3,595602,59560,30000,1638126,12,2023-08-04,2,4,25
5524,330,474,1,425632,21281,0,404351,8,2026-01-02,6,56,27
5525,514,283,1,222494,0,15000,237494,6,2023-07-01,3,51,14
5526,559,62,3,836915,0,20000,2530745,10,2026-01-15,4,73,25
5527,2331,301,2,175454,26318,15000,313272,11,2026-06-29,5,8,23
5528,2114,534,2,585602,0,20000,1191204,10,2023-09-04,3,30,1
5529,1562,461,1,392900,19645,15000,388255,12,2026-08-16,3,5,27
5530,676,184,2,80278,4013,0,152530,10,2023-03-05,2,25,12
5531,1536,218,1,1025325,102532,20000,942793,10,2024-12-10,1,67,22
5532,1612,487,2,445632,0,20000,911264,10,2025-10-03,5,16,17
5533,1468,192,1,60278,9041,15000,66237,4,2026-05-13,3,37,18
5534,1823,479,1,435632,21781,15000,428851,7,2025-10-04,5,26,28
5535,893,310,2,145454,0,25000,315908,3,2026-07-05,1,71,9
5536,731,68,1,856915,0,10000,866915,8,2023-02-27,5,34,3
5537,233,70,1,876915,87691,10000,799224,7,2025-10-23,1,41,8
5538,701,467,4,382900,0,30000,1561600,9,2023-10-07,3,3,25
5539,1524,37,2,791327,39566,20000,1523522,4,2025-08-08,1,27,25
5540,2161,540,1,565602,28280,10000,547322,4,2025-12-02,5,68,1
5541,2077,495,2,1194592,0,30000,2419184,8,2023-09-21,7,20,16
5542,1385,187,2,60278,0,15000,135556,2,2024-02-08,5,25,5
5543,2442,174,2,562301,0,30000,1154602,3,2025-06-05,1,27,1
5544,1930,464,3,372900,18645,10000,1072765,5,2026-03-30,1,46,8
5545,259,418,1,1105563,0,10000,1115563,10,2025-01-29,4,57,21
5546,167,380,1,1079326,53966,30000,1055360,2,2023-08-24,4,15,20
5547,2190,15,2,283478,0,20000,586956,11,2023-06-04,3,2,9
5548,2334,111,2,1138263,0,25000,2301526,8,2026-01-22,2,13,22
5549,974,304,5,145454,0,0,727270,11,2024-06-29,3,37,6
5550,827,202,4,1015325,50766,25000,3883236,8,2023-03-01,1,6,26
5551,1286,209,1,1015325,101532,10000,923793,8,2024-11-03,5,11,18
5552,1718,530,1,69707,0,0,69707,8,2026-02-05,2,55,16
5553,1662,55,2,1039429,0,30000,2108858,12,2023-12-28,4,62,14
5554,1519,252,1,217829,0,30000,247829,7,2024-09-21,3,71,5
5555,1623,60,2,1039429,0,25000,2103858,1,2023-12-05,5,40,23
5556,1842,383,2,1063936,0,0,2127872,6,2023-08-31,2,7,5
5557,881,455,1,382900,0,0,382900,9,2023-02-25,2,41,10
5558,248,214,2,1035325,0,30000,2100650,2,2024-11-02,3,1,25
5559,2115,506,1,1194592,0,20000,1214592,8,2025-05-09,2,20,16
5560,323,60,4,1039429,0,30000,4187716,5,2024-05-25,1,46,10
5561,1904,364,2,1079326,0,0,2158652,1,2026-03-28,2,64,8
5562,93,80,1,846915,0,25000,871915,1,2024-04-02,2,44,4
5563,551,474,3,425632,21281,30000,1243053,8,2023-02-11,3,23,1
5564,342,326,2,1177247,0,10000,2364494,2,2025-06-06,6,21,17
5565,779,359,2,1079326,161898,30000,1864856,4,2025-10-13,2,39,27
5566,627,147,2,1297879,0,25000,2620758,7,2025-12-12,3,22,3
5567,1577,175,1,542301,0,20000,562301,4,2024-03-08,5,44,23
5568,585,318,2,145454,7272,15000,291364,3,2023-01-05,5,44,11
5569,2106,457,4,362900,0,25000,1476600,7,2025-03-11,4,27,5
5570,1965,146,3,1317879,197681,30000,3390594,3,2024-12-17,4,6,5
5571,1250,96,1,205165,0,25000,230165,2,2024-12-08,2,23,21
5572,343,410,4,1182030,0,0,4728120,10,2025-06-17,4,43,19
5573,2247,61,1,836915,41845,25000,820070,11,2026-08-09,3,10,26
5574,140,169,2,552301,110460,0,883682,2,2025-05-25,2,18,16
5575,2210,316,3,175454,17545,10000,483727,8,2024-12-28,2,40,5
5576,1169,519,2,59707,0,30000,149414,9,2025-11-20,3,2,2
5577,684,345,5,1187247,0,10000,5946235,12,2023-09-21,3,60,4
5578,375,221,1,1179215,0,10000,1189215,2,2026-02-24,5,39,8
5579,1298,482,1,465632,23281,10000,452351,1,2023-06-10,5,35,18
5580,20,352,2,1177247,0,20000,2374494,1,2025-04-06,2,39,26
5581,1991,423,2,510089,0,30000,1050178,10,2024-08-17,5,35,22
5582,1209,14,1,283478,0,10000,293478,7,2024-02-13,5,65,5
5583,2471,314,3,155454,7772,20000,463046,5,2023-07-26,5,47,8
5584,902,324,1,135454,20318,25000,140136,10,2023-12-11,4,41,19
5585,13,359,3,1079326,0,15000,3252978,1,2025-01-17,1,67,8
5586,359,333,1,1187247,0,10000,1197247,11,2025-09-23,4,25,9
5587,1677,409,1,1172030,117203,10000,1064827,5,2024-08-15,3,71,24
5588,1446,282,3,212494,42498,25000,534988,8,2024-04-03,4,24,19
5589,849,308,2,145454,0,15000,305908,1,2025-06-02,4,20,1
5590,125,473,4,455632,45563,30000,1670276,9,2024-05-26,4,21,28
5591,1625,388,1,1043936,156590,10000,897346,6,2026-01-14,5,4,10
5592,170,429,1,758998,113849,30000,675149,4,2024-07-04,3,37,25
5593,44,156,3,1317879,0,0,3953637,4,2023-08-24,5,7,6
5594,285,251,1,217829,0,10000,227829,9,2023-08-14,4,53,20
5595,1223,418,1,1105563,55278,20000,1070285,5,2025-11-20,2,66,24
5596,1457,246,4,207829,0,10000,841316,2,2023-09-13,2,77,6
5597,1041,198,2,50278,2513,0,95530,7,2023-01-30,6,74,25
5598,1097,244,1,217829,10891,30000,236938,5,2023-04-24,5,49,12
5599,1067,310,1,145454,0,30000,175454,7,2026-06-16,1,57,28
5600,184,369,1,1079326,0,10000,1089326,11,2023-01-30,2,12,24
5601,385,473,1,455632,0,0,455632,5,2024-11-24,4,36,28
5602,1072,411,1,1192030,178804,25000,1038226,3,2025-05-26,4,67,3
5603,158,68,5,856915,42845,30000,4100350,8,2024-09-24,4,74,1
5604,1388,506,5,1194592,0,15000,5987960,6,2023-04-04,4,35,6
5605,1767,250,1,237829,0,20000,257829,1,2023-08-13,6,1,2
5606,2318,163,1,542301,0,25000,567301,11,2025-04-26,4,2,13
5607,97,427,5,1148346,57417,30000,5484645,5,2024-10-29,5,65,27
5608,507,457,2,362900,54435,30000,646930,4,2026-07-08,4,30,4
5609,987,241,1,227829,0,10000,237829,12,2023-03-08,5,13,23
5610,368,471,1,382900,0,15000,397900,8,2023-10-06,4,9,23
5611,268,212,1,1035325,0,10000,1045325,1,2026-01-08,5,56,18
5612,1591,101,3,1148263,172239,15000,2943072,2,2023-08-29,2,8,15
5613,2046,29,1,751327,75132,25000,701195,1,2025-04-28,3,24,7
5614,2167,126,3,1427646,71382,0,4068792,4,2024-10-26,4,21,12
5615,2208,335,2,1167247,58362,25000,2242770,2,2025-03-25,5,8,19
5616,528,515,2,79707,0,20000,179414,12,2024-12-06,5,71,12
5617,958,76,5,856915,0,15000,4299575,6,2025-05-18,2,54,23
5618,1552,497,2,1164592,174688,30000,2009808,6,2025-07-27,6,39,24
5619,332,434,2,983839,98383,25000,1795912,2,2023-09-09,5,46,23
5620,1182,22,5,781327,39066,10000,3721305,3,2024-02-29,5,55,27
5621,1686,442,2,1003839,50191,20000,1927296,10,2026-05-17,4,74,23
5622,209,479,2,435632,0,20000,891264,1,2023-01-21,5,34,14
5623,999,508,2,1174592,58729,15000,2246726,5,2023-08-23,4,73,24
5624,175,216,2,995325,49766,0,1891118,2,2025-09-12,1,13,2
5625,1514,365,1,1089326,108932,0,980394,4,2023-05-29,1,2,17
5626,2080,314,2,155454,0,25000,335908,5,2025-08-25,2,45,4
5627,57,297,4,155454,0,0,621816,4,2025-02-11,2,6,28
5628,526,202,2,1015325,0,30000,2060650,1,2023-11-06,3,32,15
5629,1848,84,1,235165,0,25000,260165,5,2025-02-04,3,63,24
5630,1913,76,1,856915,0,25000,881915,11,2023-11-25,3,41,9
5631,1968,238,3,1199215,0,15000,3612645,5,2026-08-04,4,73,26
5632,198,395,1,1043936,52196,30000,1021740,7,2025-02-17,8,35,9
5633,370,151,1,1307879,0,30000,1337879,11,2025-09-20,5,72,11
5634,1076,540,1,565602,84840,20000,500762,11,2024-03-27,3,43,24
5635,2442,536,3,595602,0,15000,1801806,4,2025-09-29,5,19,1
5636,2394,483,2,455632,22781,0,865702,4,2025-05-14,3,8,19
5637,1799,533,2,575602,0,30000,1181204,6,2023-05-25,1,23,15
5638,2269,250,4,237829,0,10000,961316,10,2025-10-19,4,49,20
5639,941,269,1,232494,0,20000,252494,2,2026-02-22,5,8,16
5640,1417,94,1,235165,0,10000,245165,3,2025-02-25,4,22,25
5641,630,202,1,1015325,50766,25000,989559,5,2025-04-30,4,50,8
5642,1358,154,5,1307879,0,25000,6564395,6,2023-04-08,4,19,16
5643,1912,79,2,836915,125537,25000,1447756,6,2025-02-17,3,65,19
5644,2363,292,4,232494,0,25000,954976,8,2025-04-01,5,10,16
5645,2175,141,2,1287879,0,30000,2605758,1,2025-12-18,4,64,1
5646,1718,102,4,1148263,57413,15000,4378400,12,2025-03-14,5,2,16
5647,1751,108,4,1128263,56413,0,4287400,2,2026-07-14,1,28,12
5648,1286,71,1,846915,0,0,846915,6,2025-04-26,3,58,18
5649,2471,108,1,1128263,56413,30000,1101850,11,2025-03-17,3,43,8
5650,2244,365,1,1089326,0,10000,1099326,12,2026-04-29,5,22,14
5651,2098,543,1,575602,0,15000,590602,5,2023-09-23,5,32,4
5652,388,257,1,217829,10891,10000,216938,3,2023-03-17,3,42,29
5653,1452,244,1,217829,10891,30000,236938,9,2023-08-07,2,4,28
5654,1313,227,1,1179215,0,10000,1189215,1,2024-08-19,3,38,15
5655,1524,301,2,175454,8772,20000,353364,8,2025-07-07,4,14,25
5656,1413,330,1,1177247,58862,20000,1138385,12,2024-03-26,5,14,1
5657,615,521,1,89707,0,10000,99707,10,2025-08-27,4,77,17
5658,2004,176,3,542301,0,25000,1651903,12,2023-11-07,5,63,4
5659,824,246,1,207829,0,20000,227829,11,2026-01-07,3,58,23
5660,285,248,1,237829,0,30000,267829,12,2025-03-24,2,20,20
5661,1818,445,1,993839,99383,20000,914456,1,2023-09-22,7,5,7
5662,706,547,1,585602,29280,30000,586322,6,2023-06-28,5,9,28
5663,745,278,2,222494,33374,25000,403240,12,2025-07-16,2,15,2
5664,2308,523,2,89707,13456,10000,162502,1,2023-07-08,3,48,25
5665,1328,407,3,1043936,0,30000,3161808,1,2023-10-11,5,44,25
5666,1259,214,4,1035325,0,0,4141300,10,2025-03-22,4,44,2
5667,2358,71,1,846915,0,20000,866915,1,2023-01-21,6,56,8
5668,1692,175,1,542301,0,10000,552301,6,2024-05-21,3,32,2
5669,1603,328,3,1147247,0,10000,3451741,9,2025-11-08,2,35,25
5670,1088,158,5,1297879,0,0,6489395,5,2025-11-28,4,36,12
5671,642,46,1,1009429,0,15000,1024429,12,2025-06-02,3,64,14
5672,2397,480,1,465632,0,0,465632,11,2026-07-25,5,21,29
5673,441,522,1,69707,0,30000,99707,9,2023-06-30,4,5,10
5674,1127,220,2,1035325,0,30000,2100650,3,2025-07-26,4,6,5
5675,557,87,2,235165,11758,0,446814,6,2024-04-21,6,47,10
5676,1866,243,2,217829,10891,20000,433876,8,2025-05-24,1,18,10
5677,1917,497,2,1164592,58229,30000,2242726,8,2025-06-18,5,31,25
5678,1192,430,1,748998,149799,20000,619199,1,2023-11-07,5,45,12
5679,557,93,1,195165,0,15000,210165,6,2023-02-05,1,66,10
5680,1624,534,3,585602,0,0,1756806,1,2024-03-23,4,19,20
5681,1447,380,2,1079326,0,20000,2178652,5,2024-07-26,5,56,11
5682,968,293,5,192494,0,10000,972470,3,2026-03-08,5,71,7
5683,1825,175,3,542301,0,0,1626903,8,2024-01-29,2,27,26
5684,515,32,1,781327,0,0,781327,1,2024-01-17,4,35,8
5685,888,308,1,145454,14545,10000,140909,8,2024-12-28,5,18,19
5686,293,506,1,1194592,0,15000,1209592,4,2025-10-21,5,34,23
5687,1836,172,2,562301,0,25000,1149602,5,2025-08-15,5,37,15
5688,2003,393,4,1073936,0,30000,4325744,3,2024-05-05,4,44,4
5689,2340,315,3,135454,6772,25000,411046,8,2025-01-22,2,45,10
5690,1586,374,1,1059326,52966,20000,1026360,11,2026-03-28,5,74,3
5691,436,244,4,217829,0,25000,896316,11,2024-05-27,5,57,23
5692,218,433,1,1023839,0,25000,1048839,7,2023-07-11,4,73,17
5693,443,518,1,69707,0,30000,99707,5,2024-03-12,5,50,3
5694,2379,330,3,1177247,117724,30000,3208569,11,2024-08-11,3,43,8
5695,1699,12,1,303478,0,20000,323478,3,2025-04-03,3,36,4
5696,326,244,2,217829,21782,0,392094,3,2024-10-02,5,59,29
5697,1199,535,3,555602,27780,25000,1608466,5,2024-04-07,5,39,15
5698,2281,296,2,222494,0,20000,464988,5,2023-06-03,3,75,22
5699,1310,229,1,1169215,0,15000,1184215,6,2026-07-28,4,35,23
5700,1212,85,1,225165,22516,15000,217649,2,2026-06-21,3,44,28
5701,710,145,1,1317879,0,0,1317879,12,2023-01-25,5,48,18
5702,2448,450,4,983839,0,0,3935356,6,2026-02-25,3,46,20
5703,2139,116,1,1138263,0,25000,1163263,10,2023-01-12,3,73,15
5704,1521,477,1,455632,0,0,455632,9,2023-08-29,3,55,12
5705,180,538,2,575602,0,20000,1171204,12,2026-03-27,5,66,17
5706,660,262,2,237829,47565,25000,405528,4,2023-10-23,5,40,17
5707,2048,276,4,222494,11124,25000,870480,6,2023-09-26,3,22,29
5708,2066,66,1,866915,0,15000,881915,11,2023-12-03,3,39,8
5709,959,502,1,1174592,0,30000,1204592,12,2026-06-11,6,18,9
5710,1117,212,1,1035325,51766,0,983559,7,2023-03-12,3,30,28
5711,1517,492,2,455632,0,25000,936264,5,2025-10-09,6,50,7
5712,2128,372,2,1069326,53466,20000,2051720,1,2026-07-09,3,48,13
5713,1320,482,1,465632,23281,15000,457351,12,2023-02-05,5,21,19
5714,339,546,2,555602,0,25000,1136204,6,2026-03-11,3,36,20
5715,1030,424,2,520089,0,25000,1065178,12,2025-10-22,6,69,25
5716,800,370,2,1069326,53466,25000,2056720,1,2026-04-13,5,57,17
5717,2232,141,2,1287879,0,15000,2590758,3,2025-02-28,3,52,1
5718,580,286,1,222494,44498,0,177996,12,2023-02-18,1,30,21
5719,1154,395,1,1043936,52196,15000,1006740,12,2025-10-27,2,53,19
5720,1264,373,1,1079326,0,0,1079326,12,2026-02-20,2,39,12
5721,716,234,1,1169215,0,30000,1199215,5,2023-10-12,1,4,4
5722,2048,114,5,1138263,56913,10000,5416750,11,2025-01-30,1,5,29
5723,13,117,2,1108263,0,15000,2231526,6,2023-11-09,1,66,8
5724,1684,46,1,1009429,201885,20000,827544,11,2025-11-02,1,21,23
5725,182,172,5,562301,0,0,2811505,9,2024-10-03,2,65,28
5726,1377,168,1,582301,58230,10000,534071,12,2024-10-27,4,18,13
5727,165,131,2,1407646,0,10000,2825292,3,2025-09-29,3,57,26
5728,2014,416,4,1263713,63185,0,4802112,2,2026-04-03,2,69,26
5729,57,120,1,1108263,0,25000,1133263,3,2024-03-08,5,44,28
5730,160,9,2,293478,0,15000,601956,2,2024-06-18,4,71,11
5731,869,284,2,222494,11124,20000,442740,5,2025-11-09,7,73,8
5732,1813,518,2,69707,6970,25000,150474,12,2024-09-04,2,75,12
5733,290,86,1,205165,0,20000,225165,5,2026-07-19,4,50,12
5734,1610,222,1,1199215,59960,10000,1149255,12,2025-02-21,4,11,20
5735,2224,139,2,1397646,139764,25000,2540764,8,2025-11-16,5,49,15
5736,613,300,1,165454,0,25000,190454,2,2026-01-17,5,51,25
5737,747,437,1,1003839,50191,15000,968648,9,2025-05-31,3,38,12
5738,709,307,1,175454,8772,15000,181682,7,2024-11-06,5,69,29
5739,817,124,4,1407646,0,0,5630584,5,2024-02-08,4,60,4
5740,973,531,1,59707,0,10000,69707,6,2023-12-31,4,43,22
5741,1142,9,1,293478,14673,0,278805,3,2024-09-04,6,33,5
5742,639,7,5,303478,0,25000,1542390,3,2024-04-03,4,4,17
5743,2497,16,2,273478,0,20000,566956,11,2025-09-02,6,56,23
5744,1003,389,2,1073936,107393,10000,1943086,9,2023-07-17,3,47,15
5745,2204,334,2,1167247,0,25000,2359494,9,2023-09-29,8,1,28
5746,391,154,1,1307879,0,30000,1337879,12,2024-03-01,6,62,29
5747,1629,525,1,69707,3485,15000,81222,2,2026-05-23,4,12,23
5748,2008,18,1,293478,0,0,293478,10,2025-09-02,3,28,2
5749,88,252,1,217829,10891,30000,236938,8,2026-05-23,2,3,25
5750,339,309,2,175454,0,20000,370908,4,2023-12-04,4,36,20
5751,412,21,1,751327,0,15000,766327,3,2023-01-03,4,16,6
5752,2397,347,2,1187247,0,30000,2404494,1,2023-04-03,3,66,29
5753,807,521,2,89707,0,10000,189414,4,2024-07-11,3,76,20
5754,369,121,2,1427646,142764,10000,2579764,3,2024-07-11,4,25,5
5755,339,477,1,455632,0,10000,465632,4,2024-04-17,3,15,20
5756,1488,390,2,1063936,0,30000,2157872,5,2023-08-22,3,77,27
5757,1878,62,4,836915,125537,15000,2860512,8,2023-06-04,6,51,20
5758,1073,127,2,1417646,70882,10000,2703528,2,2024-04-28,3,55,8
5759,118,177,2,552301,55230,10000,1004142,1,2024-06-28,4,35,12
5760,1895,286,1,222494,0,25000,247494,9,2025-01-23,6,55,23
5761,1020,487,1,445632,66844,0,378788,5,2023-02-12,5,20,26
5762,898,86,1,205165,0,10000,215165,8,2024-10-15,4,23,8
5763,1876,527,2,89707,8970,30000,191474,8,2023-07-21,2,66,18
5764,1590,349,1,1177247,0,0,1177247,4,2023-11-13,5,48,6
5765,2102,237,1,1169215,0,15000,1184215,7,2024-08-03,2,63,4
5766,2253,216,5,995325,0,25000,5001625,1,2023-08-19,3,19,4
5767,1400,345,2,1187247,0,10000,2384494,10,2023-05-25,2,30,8
5768,1387,82,5,205165,10258,30000,1004535,12,2023-08-05,1,43,3
5769,1983,494,3,1164592,0,25000,3518776,1,2023-03-28,6,72,29
5770,458,517,1,79707,11956,25000,92751,1,2026-03-31,4,6,27
5771,904,541,2,595602,0,0,1191204,4,2023-04-11,5,17,21
5772,949,409,1,1172030,117203,0,1054827,8,2023-03-06,2,36,29
5773,1641,74,5,836915,41845,25000,4000350,8,2026-02-27,5,17,12
5774,248,482,2,465632,0,15000,946264,7,2025-10-25,5,49,25
5775,10,116,1,1138263,0,0,1138263,4,2026-05-28,4,57,12
5776,2068,64,1,856915,85691,0,771224,10,2026-04-05,1,11,24
5777,1035,175,1,542301,0,0,542301,4,2026-05-23,2,7,7
5778,2366,502,2,1174592,0,15000,2364184,1,2024-09-24,3,14,12
5779,1139,225,1,1179215,0,0,1179215,7,2024-08-31,4,63,6
5780,1414,108,1,1128263,0,0,1128263,4,2023-02-26,4,42,16
5781,1452,301,2,175454,0,30000,380908,6,2024-02-09,2,27,28
5782,1425,382,2,1033936,155090,0,1757692,9,2025-09-07,2,23,25
5783,1271,188,1,60278,0,15000,75278,6,2025-02-25,5,52,21
5784,2078,302,3,135454,6772,30000,416046,6,2023-08-23,5,33,12
5785,914,248,2,237829,0,20000,495658,3,2025-06-20,2,61,18
5786,583,306,1,135454,0,25000,160454,2,2026-05-28,5,42,7
5787,1840,124,1,1407646,0,10000,1417646,2,2023-02-10,2,63,20
5788,346,286,1,222494,22249,15000,215245,1,2023-08-17,2,12,23
5789,1994,59,1,1029429,102942,30000,956487,2,2024-10-06,1,36,27
5790,92,150,3,1297879,129787,20000,3524276,11,2024-05-16,4,74,4
5791,2096,131,1,1407646,70382,0,1337264,3,2023-09-13,3,69,17
5792,527,260,1,247829,0,0,247829,5,2024-04-06,4,11,16
5793,2081,302,1,135454,6772,25000,153682,8,2023-03-21,4,51,3
5794,571,421,1,530089,0,30000,560089,2,2024-08-29,2,26,14
5795,1462,426,3,1118346,0,10000,3365038,5,2023-11-20,4,11,9
5796,56,341,1,1157247,115724,30000,1071523,12,2024-09-28,5,60,22
5797,622,71,1,846915,42345,25000,829570,5,2025-08-14,2,74,24
5798,358,472,4,372900,18645,15000,1432020,11,2025-05-05,4,65,20
5799,231,484,3,425632,63844,15000,1100364,3,2024-01-18,5,8,15
5800,1387,484,1,425632,42563,15000,398069,4,2025-10-18,4,60,3
5801,1303,216,3,995325,0,20000,3005975,11,2023-06-14,3,15,4
5802,1139,518,1,69707,6970,20000,82737,2,2025-09-24,3,19,6
5803,2218,185,1,50278,2513,25000,72765,8,2023-09-06,5,29,13
5804,2040,325,3,1147247,0,20000,3461741,5,2024-08-30,5,11,25
5805,1025,473,4,455632,22781,30000,1761404,10,2025-05-20,3,14,27
5806,1919,377,1,1059326,0,15000,1074326,7,2024-11-07,4,16,20
5807,622,188,1,60278,0,30000,90278,1,2024-06-18,4,57,24
5808,2060,433,5,1023839,0,10000,5129195,4,2025-12-14,4,36,4
5809,614,123,1,1427646,0,30000,1457646,9,2024-01-03,4,64,28
5810,2039,224,1,1159215,115921,0,1043294,12,2026-04-14,4,32,3
5811,1154,507,1,1204592,0,25000,1229592,10,2026-05-09,4,32,19
5812,1066,245,1,247829,0,0,247829,11,2024-09-10,4,2,10
5813,1157,375,1,1059326,52966,25000,1031360,2,2026-06-20,1,63,16
5814,1422,290,3,222494,11124,25000,659110,6,2023-06-02,5,7,16
5815,1024,395,1,1043936,0,20000,1063936,8,2025-02-02,4,54,17
5816,665,444,1,1013839,50691,30000,993148,9,2026-02-11,1,42,26
5817,1790,257,1,217829,0,0,217829,8,2026-03-13,3,19,13
5818,2203,340,1,1177247,117724,15000,1074523,7,2024-08-13,7,37,17
5819,2448,523,4,89707,4485,30000,370888,1,2024-03-15,4,57,20
5820,3,288,1,192494,19249,0,173245,12,2023-01-10,5,47,15
5821,547,421,2,530089,0,15000,1075178,4,2023-12-02,4,3,11
5822,660,4,1,303478,60695,0,242783,10,2024-11-07,7,9,17
5823,325,462,2,372900,0,20000,765800,4,2026-06-23,3,41,29
5824,2089,110,2,1108263,0,10000,2226526,2,2024-08-30,5,16,28
5825,117,89,1,225165,0,20000,245165,4,2024-06-27,4,67,21
5826,951,467,1,382900,19145,25000,388755,4,2024-03-18,5,41,19
5827,972,189,1,90278,0,10000,100278,10,2025-04-14,3,29,2
5828,2066,518,3,69707,6970,15000,203211,6,2023-11-03,5,60,8
5829,2230,483,1,455632,0,20000,475632,8,2025-05-24,3,77,17
5830,2426,504,2,1194592,0,15000,2404184,2,2025-10-14,3,59,7
5831,2473,122,1,1427646,71382,30000,1386264,12,2023-07-05,4,43,13
5832,2281,176,3,542301,27115,10000,1555558,5,2026-03-10,6,75,22
5833,1283,44,1,1029429,0,20000,1049429,11,2024-08-24,3,35,8
5834,2491,57,1,1009429,50471,30000,988958,2,2026-02-26,2,33,19
5835,43,81,1,205165,10258,30000,224907,10,2023-08-19,2,3,21
5836,1260,461,1,392900,39290,10000,363610,7,2024-12-20,4,49,11
5837,2412,383,3,1063936,0,30000,3221808,8,2025-05-21,4,1,2
5838,2374,275,1,222494,0,30000,252494,3,2024-01-26,2,43,24
5839,2030,47,1,1029429,0,15000,1044429,8,2024-07-26,4,54,26
5840,1269,62,1,836915,0,25000,861915,5,2025-10-11,3,13,8
5841,123,465,1,382900,0,25000,407900,9,2025-04-30,6,47,26
5842,1105,488,2,445632,0,15000,906264,11,2023-04-03,3,54,26
5843,759,171,3,552301,27615,0,1574058,3,2023-08-03,5,72,3
5844,544,453,2,382900,0,0,765800,8,2025-07-14,3,6,7
5845,2155,457,1,362900,0,25000,387900,7,2025-12-26,1,3,17
5846,782,18,3,293478,29347,30000,822393,11,2025-09-14,6,69,23
5847,2406,263,4,217829,0,30000,901316,1,2025-10-14,1,4,11
5848,2434,274,2,192494,9624,15000,380740,12,2023-03-21,4,1,28
5849,1382,286,3,222494,11124,15000,649110,3,2025-09-28,5,23,4
5850,869,448,1,1023839,0,10000,1033839,8,2024-03-09,5,18,8
5851,1749,225,1,1179215,0,15000,1194215,12,2026-04-12,2,75,7
5852,2350,406,1,1073936,53696,30000,1050240,9,2025-01-08,1,68,22
5853,1098,116,2,1138263,0,20000,2296526,11,2025-01-04,3,2,25
5854,1027,87,2,235165,11758,15000,461814,5,2026-04-22,4,55,10
5855,877,35,3,771327,38566,15000,2213283,12,2024-02-22,4,37,7
5856,2405,282,1,212494,0,10000,222494,7,2023-01-09,4,53,13
5857,1214,505,3,1204592,0,15000,3628776,8,2025-05-10,3,13,22
5858,2340,409,1,1172030,0,20000,1192030,8,2026-04-02,4,7,10
5859,507,229,1,1169215,175382,0,993833,11,2025-08-23,5,66,4
5860,2176,328,1,1147247,0,30000,1177247,1,2025-09-07,3,54,22
5861,1383,197,4,80278,0,20000,341112,2,2026-03-01,1,16,7
5862,2087,131,1,1407646,0,0,1407646,4,2026-02-08,3,49,2
5863,837,129,4,1427646,0,0,5710584,2,2023-05-24,1,77,12
5864,2491,307,4,175454,17545,15000,646636,1,2024-11-15,4,28,19
5865,1042,423,1,510089,0,20000,530089,4,2024-02-21,5,51,14
5866,462,290,1,222494,0,10000,232494,6,2024-06-30,3,55,4
5867,20,279,5,222494,11124,30000,1086850,2,2023-12-26,4,72,26
5868,609,539,2,585602,0,25000,1196204,5,2023-04-25,4,25,25
5869,1923,129,5,1427646,0,25000,7163230,11,2025-08-31,2,9,28
5870,1407,88,2,205165,10258,30000,419814,10,2026-02-10,2,62,7
5871,74,265,2,247829,12391,25000,495876,3,2023-12-06,1,7,12
5872,291,129,5,1427646,0,15000,7153230,7,2024-07-29,1,76,25
5873,973,183,1,60278,3013,30000,87265,5,2026-02-12,4,47,22
5874,1719,433,4,1023839,0,15000,4110356,9,2026-07-11,3,63,8
5875,1131,81,3,205165,10258,0,584721,7,2023-01-13,3,75,9
5876,1285,204,2,995325,0,25000,2015650,12,2024-11-23,1,14,25
5877,1179,403,1,1043936,156590,30000,917346,8,2023-10-04,4,69,10
5878,2457,52,1,1019429,101942,20000,937487,10,2026-01-05,2,72,23
5879,682,182,1,90278,0,0,90278,1,2024-05-01,4,18,17
5880,1436,154,1,1307879,0,0,1307879,12,2023-08-29,4,14,19
5881,967,129,4,1427646,0,15000,5725584,2,2026-03-05,3,57,5
5882,2458,96,2,205165,0,20000,430330,10,2025-07-16,3,59,17
5883,923,134,1,1417646,141764,0,1275882,2,2025-10-16,5,38,11
5884,2142,465,1,382900,0,20000,402900,9,2026-03-30,8,34,12
5885,1531,486,2,455632,22781,30000,895702,7,2024-07-23,4,28,21
5886,1157,124,2,1407646,0,30000,2845292,3,2023-08-31,4,27,16
5887,728,233,2,1179215,58960,30000,2270510,1,2024-01-17,4,7,24
5888,124,439,1,1013839,0,20000,1033839,4,2024-12-22,4,50,3
5889,1338,441,2,993839,0,0,1987678,11,2025-12-26,1,77,21
5890,841,270,2,192494,0,25000,409988,5,2025-10-04,1,47,5
5891,1477,505,1,1204592,60229,30000,1174363,1,2023-01-22,3,46,8
5892,623,366,2,1079326,107932,10000,1952788,4,2025-05-01,2,62,25
5893,2377,97,5,205165,10258,10000,984535,9,2023-02-19,4,67,1
5894,1379,217,1,995325,99532,0,895793,7,2024-05-28,3,6,25
5895,445,193,1,70278,3513,20000,86765,7,2026-07-02,2,18,3
5896,602,518,1,69707,0,15000,84707,12,2026-05-04,3,19,10
5897,576,310,4,145454,0,30000,611816,1,2025-12-20,5,18,12
5898,1882,415,2,1243713,62185,25000,2388056,10,2024-10-31,4,62,2
5899,1419,105,3,1108263,55413,20000,3178550,8,2023-11-14,3,22,10
5900,2247,331,2,1157247,0,25000,2339494,6,2026-01-23,7,42,26
5901,2450,288,1,192494,9624,15000,197870,9,2024-04-16,2,47,20
5902,451,301,1,175454,0,0,175454,2,2023-12-13,6,8,23
5903,1421,474,2,425632,0,10000,861264,12,2025-01-24,2,32,10
5904,428,252,1,217829,0,20000,237829,3,2024-07-19,4,66,9
5905,2206,218,1,1025325,0,25000,1050325,6,2026-06-12,3,36,4
5906,1669,8,1,303478,15173,20000,308305,8,2025-01-01,2,25,22
5907,1542,268,1,227829,11391,30000,246438,11,2026-03-25,4,44,15
5908,17,496,1,1164592,0,25000,1189592,1,2025-08-15,1,7,2
5909,533,377,4,1059326,52966,20000,4045440,1,2024-01-25,2,23,26
5910,1688,531,1,59707,0,10000,69707,12,2023-06-12,8,56,15
5911,1896,113,4,1148263,57413,10000,4373400,4,2025-05-05,4,27,16
5912,2476,503,1,1204592,0,10000,1214592,8,2025-08-22,4,10,23
5913,362,222,4,1199215,0,10000,4806860,1,2024-12-25,3,12,16
5914,2004,196,3,70278,0,20000,230834,3,2026-01-17,3,62,4
5915,659,49,2,1009429,100942,0,1816974,2,2024-09-03,1,15,29
5916,1230,80,1,846915,42345,15000,819570,8,2023-11-07,7,53,22
5917,2202,161,1,582301,0,10000,592301,2,2025-12-02,2,58,8
5918,1067,309,2,175454,17545,30000,345818,6,2026-07-11,3,19,28
5919,855,99,5,195165,9758,15000,942035,11,2023-01-27,7,67,28
5920,101,389,1,1073936,53696,15000,1035240,9,2025-12-06,4,31,9
5921,1739,292,1,232494,0,15000,247494,10,2025-03-19,3,68,26
5922,1568,302,1,135454,6772,15000,143682,12,2024-12-24,2,55,16
5923,1509,322,1,135454,0,25000,160454,4,2024-10-09,5,26,18
5924,2377,142,1,1317879,131787,25000,1211092,4,2025-11-26,2,4,1
5925,2222,232,1,1179215,0,25000,1204215,9,2025-05-02,2,44,21
5926,978,262,3,237829,0,15000,728487,8,2023-03-12,4,6,13
5927,1905,89,1,225165,11258,10000,223907,12,2025-03-11,5,71,28
5928,745,116,3,1138263,0,0,3414789,9,2025-02-26,4,9,2
5929,716,82,1,205165,0,0,205165,12,2024-02-02,5,23,4
5930,1887,312,1,155454,23318,10000,142136,5,2026-08-07,4,47,4
5931,2499,536,1,595602,0,30000,625602,6,2026-05-18,1,68,1
5932,1099,326,3,1177247,0,10000,3541741,7,2024-01-06,4,31,10
5933,1983,243,1,217829,0,20000,237829,6,2023-04-01,6,10,29
5934,724,358,3,1099326,109932,20000,2988182,9,2023-09-28,4,40,19
5935,586,149,2,1287879,0,0,2575758,3,2025-12-05,4,3,2
5936,377,41,1,1009429,0,20000,1029429,10,2025-07-04,2,13,1
5937,169,485,1,425632,21281,20000,424351,5,2025-12-07,4,27,14
5938,599,201,1,1025325,51266,15000,989059,4,2023-12-20,2,20,14
5939,2477,251,1,217829,0,15000,232829,9,2026-01-30,4,70,2
5940,1718,306,1,135454,13545,10000,131909,3,2023-04-19,5,10,16
5941,1771,441,3,993839,0,30000,3011517,3,2024-03-08,3,72,9
5942,742,278,2,222494,0,25000,469988,7,2023-11-29,2,77,5
5943,390,428,2,1138346,0,20000,2296692,6,2025-06-22,5,38,6
5944,993,222,1,1199215,0,15000,1214215,2,2023-07-03,4,30,11
5945,157,83,1,225165,0,25000,250165,12,2023-03-05,4,77,5
5946,442,260,3,247829,0,15000,758487,11,2023-08-19,5,18,12
5947,2358,279,1,222494,11124,30000,241370,4,2024-05-29,3,47,8
5948,1575,386,1,1053936,0,20000,1073936,9,2024-09-23,2,59,10
5949,1784,322,2,135454,0,25000,295908,2,2024-11-19,1,23,22
5950,1207,6,1,273478,0,0,273478,3,2026-05-27,2,40,13
5951,2024,362,1,1059326,158898,25000,925428,8,2023-08-18,5,26,17
5952,2268,68,1,856915,0,15000,871915,12,2024-05-14,4,46,17
5953,740,480,1,465632,46563,20000,439069,9,2025-04-26,4,26,12
5954,296,540,2,565602,28280,10000,1084644,8,2023-12-11,2,19,7
5955,1295,443,2,1013839,0,20000,2047678,1,2025-02-16,2,8,17
5956,1289,67,3,836915,41845,15000,2400210,10,2024-08-14,5,9,19
5957,284,481,4,425632,63844,30000,1477152,4,2024-11-02,2,29,20
5958,219,192,1,60278,0,0,60278,2,2024-11-25,4,77,23
5959,2452,535,1,555602,55560,10000,510042,3,2025-12-05,2,66,20
5960,806,301,1,175454,0,25000,200454,8,2023-10-19,4,16,29
5961,595,245,1,247829,0,10000,257829,1,2023-12-24,4,61,23
5962,922,151,1,1307879,0,15000,1322879,5,2023-11-09,5,8,17
5963,416,203,2,1015325,50766,15000,1944118,9,2024-11-25,4,58,8
5964,1466,346,1,1147247,172087,0,975160,8,2023-04-25,1,24,28
5965,629,260,1,247829,0,0,247829,12,2024-11-04,7,73,21
5966,663,204,1,995325,0,0,995325,11,2025-11-28,3,22,28
5967,750,222,1,1199215,0,0,1199215,12,2025-11-26,4,14,11
5968,704,406,2,1073936,53696,20000,2060480,9,2025-02-07,1,6,4
5969,2136,452,1,983839,0,0,983839,9,2025-07-26,2,39,26
5970,252,315,1,135454,0,20000,155454,10,2025-09-22,3,26,12
5971,217,235,2,1189215,0,25000,2403430,12,2023-01-19,7,48,18
5972,928,391,2,1063936,0,15000,2142872,8,2025-01-23,7,31,21
5973,178,228,2,1199215,59960,20000,2298510,11,2025-07-22,3,54,10
5974,837,220,1,1035325,51766,0,983559,6,2023-01-08,3,74,12
5975,2428,29,3,751327,37566,30000,2171283,3,2026-03-01,5,29,13
5976,1874,339,1,1187247,178087,0,1009160,4,2023-07-27,1,43,29
5977,425,445,5,993839,0,10000,4979195,7,2023-10-05,6,46,5
5978,646,107,3,1138263,56913,15000,3259050,8,2023-09-28,5,11,28
5979,936,285,1,212494,0,10000,222494,12,2024-02-01,4,49,3
5980,1646,53,5,1009429,0,15000,5062145,7,2026-01-14,5,10,15
5981,2127,99,4,195165,29274,15000,678564,9,2024-02-27,4,49,15
5982,1926,476,1,455632,0,25000,480632,11,2025-10-19,5,75,9
5983,814,166,1,542301,54230,30000,518071,3,2024-05-11,3,47,8
5984,873,89,1,225165,11258,20000,233907,3,2025-09-13,6,71,16
5985,2306,86,4,205165,0,15000,835660,3,2024-10-20,4,4,28
5986,377,18,4,293478,0,20000,1193912,6,2026-06-24,3,69,1
5987,2222,186,4,70278,0,10000,291112,10,2023-03-25,4,58,21
5988,837,73,2,876915,0,20000,1773830,5,2026-08-03,3,67,12
5989,2100,415,2,1243713,62185,30000,2393056,3,2024-11-20,2,47,3
5990,1210,318,1,145454,21818,20000,143636,3,2025-09-02,4,25,12
5991,422,260,1,247829,0,25000,272829,2,2024-05-30,4,11,22
5992,1726,514,5,49707,4970,10000,233685,2,2026-03-18,5,31,27
5993,1492,439,1,1013839,152075,20000,881764,1,2025-09-29,5,49,15
5994,2486,477,2,455632,0,25000,936264,9,2025-10-13,3,11,26
5995,710,407,5,1043936,0,30000,5249680,1,2025-11-17,3,8,18
5996,118,231,4,1199215,0,0,4796860,10,2023-06-02,2,18,12
5997,1188,414,2,1253713,0,0,2507426,8,2024-06-10,2,30,12
5998,2379,350,2,1187247,0,20000,2394494,1,2026-03-17,5,26,8
5999,2486,163,3,542301,0,10000,1636903,10,2024-04-10,4,6,26
6000,2178,268,3,227829,0,15000,698487,7,2025-04-20,1,27,14
6001,899,375,1,1059326,0,0,1059326,10,2026-03-15,2,40,23
6002,569,44,2,1029429,0,10000,2068858,4,2026-03-12,5,7,11
6003,1270,154,1,1307879,0,30000,1337879,9,2024-02-24,6,21,14
6004,920,129,1,1427646,71382,15000,1371264,10,2024-08-16,1,37,27
6005,1205,420,2,1065563,53278,15000,2039570,10,2026-01-29,3,76,5
6006,877,200,1,60278,3013,15000,72265,2,2023-01-15,3,44,7
6007,1258,252,1,217829,32674,20000,205155,5,2025-09-05,3,32,12
6008,1945,209,1,1015325,152298,25000,888027,7,2023-11-13,4,8,26
6009,985,177,1,552301,27615,0,524686,3,2024-07-22,5,16,18
6010,38,278,3,222494,11124,25000,659110,6,2025-07-20,3,4,21
6011,1155,205,1,1025325,102532,10000,932793,2,2026-02-17,3,58,9
6012,2409,45,2,1019429,50971,25000,1961916,7,2024-09-21,2,70,17
6013,1970,115,2,1118263,55913,10000,2134700,12,2023-07-23,1,63,17
6014,926,480,1,465632,0,30000,495632,8,2024-06-01,4,63,24
6015,1255,136,1,1397646,0,30000,1427646,7,2025-11-09,4,44,15
6016,2062,495,2,1194592,0,0,2389184,8,2026-08-25,4,34,29
6017,1860,350,3,1187247,0,20000,3581741,8,2025-10-04,2,62,21
6018,1766,389,3,1073936,53696,15000,3075720,5,2023-03-29,1,8,21
6019,620,153,4,1277879,0,15000,5126516,4,2024-05-21,4,53,15
6020,1663,9,1,293478,14673,20000,298805,5,2025-04-20,2,47,14
6021,1117,381,3,1033936,0,30000,3131808,6,2024-10-11,4,41,28
6022,1508,528,1,49707,0,0,49707,8,2026-04-06,7,3,18
6023,1479,432,1,768998,0,30000,798998,7,2026-04-28,4,57,1
6024,879,4,2,303478,0,15000,621956,5,2024-01-13,4,29,26
6025,1228,288,2,192494,9624,15000,380740,8,2025-04-22,8,75,20
6026,2281,518,4,69707,3485,25000,289888,4,2023-01-26,4,66,22
6027,2383,101,1,1148263,114826,0,1033437,8,2024-07-07,5,51,8
6028,2299,310,2,145454,14545,10000,271818,6,2023-10-23,5,12,8
6029,1724,145,2,1317879,0,20000,2655758,9,2025-12-11,5,71,14
6030,2353,211,2,995325,49766,20000,1911118,2,2023-04-19,3,59,20
6031,713,63,2,876915,0,10000,1763830,2,2025-07-24,2,31,14
6032,186,165,1,562301,0,15000,577301,2,2026-05-22,3,56,29
6033,1157,305,3,145454,0,0,436362,1,2023-10-05,8,5,16
6034,1917,131,4,1407646,70382,20000,5369056,3,2024-04-11,2,39,25
6035,219,361,1,1069326,53466,30000,1045860,1,2024-04-04,4,41,23
6036,2205,64,2,856915,0,0,1713830,8,2026-08-15,1,73,17
6037,708,515,1,79707,0,25000,104707,6,2026-05-18,6,44,11
6038,1038,177,1,552301,0,30000,582301,8,2025-02-22,4,48,16
6039,1892,4,5,303478,0,25000,1542390,1,2026-05-16,1,36,28
6040,2458,307,2,175454,0,15000,365908,6,2025-07-25,1,67,17
6041,2118,536,2,595602,29780,25000,1156644,12,2024-08-01,5,9,14
6042,235,192,5,60278,0,15000,316390,9,2024-01-14,5,16,12
6043,298,284,1,222494,0,0,222494,7,2026-08-11,5,45,14
6044,777,111,1,1138263,0,0,1138263,3,2025-06-25,3,73,12
6045,1086,135,2,1397646,69882,20000,2675528,11,2025-08-11,4,6,26
6046,795,193,3,70278,7027,25000,214753,12,2023-12-22,2,58,14
6047,254,471,1,382900,19145,20000,383755,1,2025-12-22,2,44,1
6048,2432,92,2,195165,9758,15000,385814,9,2023-09-30,4,50,2
6049,590,510,1,1184592,118459,25000,1091133,11,2024-04-16,5,72,20
6050,771,128,1,1427646,0,30000,1457646,11,2024-05-30,1,70,29
6051,24,258,1,237829,11891,25000,250938,6,2025-03-03,4,64,21
6052,1164,120,1,1108263,55413,10000,1062850,5,2023-02-09,3,17,6
6053,297,404,4,1053936,52696,10000,4014960,2,2024-04-12,4,56,5
6054,1254,408,2,1063936,0,0,2127872,9,2024-05-11,4,58,9
6055,2320,534,1,585602,29280,25000,581322,7,2024-10-16,5,31,23
6056,349,171,1,552301,0,20000,572301,11,2026-01-16,5,75,29
6057,1580,143,2,1317879,65893,25000,2528972,6,2023-11-10,2,12,20
6058,214,404,2,1053936,52696,0,2002480,11,2025-03-25,5,28,4
6059,336,359,1,1079326,0,0,1079326,5,2024-11-02,4,53,10
6060,544,286,2,222494,0,25000,469988,11,2025-01-14,2,11,7
6061,1268,380,1,1079326,107932,15000,986394,4,2023-06-15,3,39,10
6062,1343,418,2,1105563,0,15000,2226126,4,2026-05-02,1,67,22
6063,2458,444,4,1013839,50691,20000,3872592,5,2024-11-26,4,67,17
6064,2080,368,4,1099326,0,10000,4407304,3,2023-01-27,4,39,4
6065,1970,301,2,175454,0,10000,360908,3,2025-11-18,2,65,17
6066,677,321,2,175454,8772,30000,363364,2,2026-08-11,3,36,27
6067,1541,535,2,555602,27780,0,1055644,11,2023-03-07,1,1,17
6068,1942,292,1,232494,0,25000,257494,3,2025-03-10,4,5,17
6069,275,111,3,1138263,0,25000,3439789,12,2023-08-10,2,7,7
6070,1521,401,1,1053936,0,30000,1083936,4,2024-12-14,5,75,12
6071,40,491,2,445632,0,15000,906264,3,2025-07-21,4,13,7
6072,1347,423,1,510089,0,0,510089,11,2023-01-30,4,73,29
6073,1969,358,4,1099326,0,15000,4412304,1,2026-03-30,4,57,7
6074,2215,216,1,995325,0,15000,1010325,11,2025-12-29,4,48,12
6075,539,124,3,1407646,0,25000,4247938,11,2023-07-21,8,47,25
6076,23,15,1,283478,0,25000,308478,1,2024-10-18,3,48,26
6077,2223,311,1,165454,16545,10000,158909,5,2026-07-10,5,16,6
6078,439,236,5,1199215,0,30000,6026075,5,2024-10-14,2,5,19
6079,1743,27,1,761327,0,20000,781327,9,2024-02-19,4,24,1
6080,23,106,1,1108263,0,10000,1118263,11,2025-07-27,6,33,26
6081,538,413,1,1243713,62185,20000,1201528,9,2023-01-19,4,59,18
6082,1533,350,1,1187247,0,0,1187247,7,2026-04-25,1,18,22
6083,275,434,2,983839,49191,20000,1889296,9,2026-05-08,5,25,7
6084,944,469,2,392900,0,15000,800800,4,2023-10-18,1,38,13
6085,194,87,3,235165,0,15000,720495,5,2023-03-09,3,6,26
6086,1021,96,1,205165,20516,0,184649,7,2023-01-25,2,12,19
6087,1039,268,1,227829,11391,15000,231438,6,2024-01-19,5,54,28
6088,2110,443,4,1013839,0,20000,4075356,5,2025-11-02,5,62,10
6089,1817,143,3,1317879,0,20000,3973637,6,2023-03-30,2,75,6
6090,2395,530,2,69707,3485,10000,142444,6,2025-10-04,5,43,28
6091,1550,496,1,1164592,0,10000,1174592,9,2023-03-05,3,31,12
6092,703,195,4,60278,9041,0,204948,10,2024-11-21,4,67,4
6093,567,492,2,455632,0,10000,921264,5,2025-05-06,4,71,13
6094,712,552,2,585602,0,0,1171204,2,2026-04-13,5,75,21
6095,2324,98,1,195165,0,20000,215165,12,2025-07-28,4,45,11
6096,810,362,1,1059326,52966,25000,1031360,5,2024-01-30,3,50,13
6097,1267,441,1,993839,0,20000,1013839,5,2026-01-14,5,30,13
6098,1525,94,2,235165,23516,0,423298,8,2026-06-03,4,22,24
6099,19,324,1,135454,6772,20000,148682,11,2024-06-29,4,25,24
6100,928,233,4,1179215,0,20000,4736860,4,2023-05-09,1,38,21
6101,1302,440,4,1013839,50691,20000,3872592,2,2026-08-09,1,44,22
6102,2422,382,2,1033936,0,30000,2097872,4,2024-01-20,1,27,25
6103,265,390,1,1063936,106393,10000,967543,11,2024-06-09,4,62,3
6104,2475,350,3,1187247,0,15000,3576741,6,2023-03-10,2,47,21
6105,697,415,1,1243713,62185,0,1181528,6,2026-08-07,5,64,7
6106,337,255,1,237829,0,15000,252829,9,2023-03-01,4,35,1
6107,1895,89,1,225165,22516,20000,222649,10,2024-11-06,4,11,23
6108,2404,136,1,1397646,69882,20000,1347764,7,2024-08-20,1,14,2
6109,316,221,1,1179215,0,15000,1194215,8,2025-09-06,5,14,12
6110,2230,328,1,1147247,0,20000,1167247,1,2023-06-24,4,53,17
6111,346,200,1,60278,0,10000,70278,9,2025-06-09,5,67,23
6112,1043,428,2,1138346,0,15000,2291692,7,2025-07-26,2,11,2
6113,780,290,3,222494,22249,30000,630735,10,2023-10-01,2,18,2
6114,838,211,2,995325,0,0,1990650,7,2025-03-15,4,45,5
6115,580,156,2,1317879,0,0,2635758,5,2025-12-01,4,50,21
6116,1240,544,1,565602,28280,25000,562322,10,2024-03-31,3,55,7
6117,1790,83,1,225165,0,30000,255165,10,2023-06-28,4,17,13
6118,702,28,1,751327,0,25000,776327,11,2023-05-10,5,59,18
6119,1760,206,2,1035325,103532,15000,1878586,11,2024-03-21,3,48,15
6120,2407,393,1,1073936,0,10000,1083936,6,2025-04-04,1,71,5
6121,668,461,2,392900,19645,0,746510,5,2023-11-11,5,37,12
6122,1316,391,1,1063936,0,30000,1093936,3,2025-05-13,3,71,8
6123,1462,312,2,155454,0,20000,330908,6,2025-10-27,8,67,9
6124,2423,65,4,846915,0,0,3387660,7,2024-09-01,3,3,22
6125,743,364,3,1079326,0,30000,3267978,10,2024-12-10,4,73,19
6126,1386,13,1,293478,0,25000,318478,5,2025-11-10,4,35,5
6127,243,9,2,293478,0,15000,601956,5,2026-04-04,5,21,7
6128,335,310,1,145454,0,10000,155454,1,2023-12-01,4,61,9
6129,2056,475,1,445632,22281,10000,433351,11,2024-07-17,3,1,21
6130,227,477,2,455632,0,10000,921264,6,2023-09-10,5,64,17
6131,1536,469,2,392900,58935,0,667930,7,2024-01-25,3,53,22
6132,1208,427,3,1148346,0,10000,3455038,7,2025-06-27,3,40,16
6133,2095,495,1,1194592,119459,30000,1105133,2,2026-04-29,6,66,20
6134,1905,161,3,582301,87345,25000,1509868,11,2026-06-16,6,43,28
6135,1868,528,1,49707,2485,20000,67222,6,2025-11-25,3,19,18
6136,2115,370,5,1069326,0,10000,5356630,9,2024-06-27,3,55,16
6137,847,26,1,791327,0,30000,821327,10,2025-07-09,1,48,29
6138,1537,357,3,1089326,54466,20000,3124580,3,2024-03-08,2,24,16
6139,2067,504,1,1194592,0,25000,1219592,9,2025-04-26,7,35,5
6140,449,319,1,135454,0,30000,165454,1,2024-07-10,2,22,4
6141,1775,24,2,791327,39566,20000,1523522,8,2026-02-04,3,69,15
6142,816,383,2,1063936,53196,15000,2036480,4,2025-09-26,3,35,24
6143,2055,380,4,1079326,0,20000,4337304,7,2023-12-23,3,20,26
6144,1745,418,1,1105563,110556,10000,1005007,10,2023-04-09,3,49,27
6145,1459,159,2,1287879,0,0,2575758,8,2024-10-24,8,52,20
6146,1599,404,3,1053936,105393,30000,2875629,6,2026-04-06,5,53,12
6147,817,20,2,283478,14173,30000,568610,3,2026-07-14,3,44,4
6148,1880,480,2,465632,46563,20000,858138,1,2025-07-10,5,5,25
6149,697,460,1,362900,0,10000,372900,7,2023-02-09,4,43,7
6150,552,332,1,1187247,59362,20000,1147885,3,2023-05-25,4,48,25
6151,1009,271,5,202494,0,10000,1022470,2,2023-09-25,5,16,24
6152,248,411,1,1192030,59601,25000,1157429,8,2026-05-17,5,59,25
6153,1167,264,3,237829,23782,15000,657141,3,2026-03-29,5,6,17
6154,159,220,1,1035325,0,20000,1055325,7,2024-12-16,5,75,13
6155,434,104,2,1118263,111826,30000,2042874,8,2023-12-24,5,11,8
6156,2148,407,1,1043936,0,20000,1063936,9,2023-03-02,4,8,25
6157,2280,202,2,1015325,101532,25000,1852586,8,2023-09-19,2,68,6
6158,1456,180,1,572301,57230,25000,540071,4,2026-04-05,1,4,13
6159,104,319,1,135454,0,25000,160454,8,2026-07-22,5,77,19
6160,1697,470,1,382900,0,10000,392900,1,2023-07-28,4,14,11
6161,499,100,1,215165,21516,10000,203649,6,2025-10-28,5,22,21
6162,2106,263,1,217829,0,10000,227829,12,2025-10-07,3,9,5
6163,1517,224,2,1159215,173882,10000,1980666,10,2023-01-06,3,70,7
6164,1903,279,1,222494,22249,20000,220245,11,2025-07-02,4,67,17
6165,2074,445,2,993839,99383,20000,1808912,12,2023-02-14,2,74,10
6166,1646,461,1,392900,0,10000,402900,7,2026-03-21,3,10,15
6167,2096,100,4,215165,21516,0,774596,11,2025-08-16,1,21,17
6168,845,498,2,1164592,0,0,2329184,9,2023-05-04,6,38,5
6169,1107,483,1,455632,68344,25000,412288,9,2025-07-16,2,52,10
6170,1030,548,1,555602,27780,10000,537822,5,2025-11-21,4,50,25
6171,2240,456,1,362900,36290,25000,351610,6,2026-05-06,3,9,1
6172,349,168,1,582301,29115,10000,563186,3,2024-04-03,1,69,29
6173,1467,1,1,263478,0,20000,283478,12,2023-06-26,4,18,5
6174,431,334,2,1167247,116724,10000,2111046,12,2026-04-30,4,37,6
6175,352,166,3,542301,27115,30000,1575558,2,2024-11-28,4,25,27
6176,2056,530,3,69707,6970,25000,213211,2,2023-01-10,8,16,21
6177,2488,523,1,89707,0,25000,114707,5,2024-10-30,5,31,23
6178,1678,482,3,465632,0,20000,1416896,2,2023-04-20,6,17,10
6179,2431,537,2,575602,0,10000,1161204,10,2024-04-27,5,76,10
6180,1600,544,2,565602,56560,10000,1028084,4,2025-10-18,5,64,22
6181,1269,217,1,995325,99532,15000,910793,12,2023-09-14,2,47,8
6182,991,479,1,435632,87126,30000,378506,9,2025-04-30,4,73,8
6183,782,208,3,995325,99532,0,2687379,11,2025-06-26,5,2,23
6184,1368,145,1,1317879,0,25000,1342879,4,2025-12-26,3,45,3
6185,184,467,1,382900,0,0,382900,2,2024-03-06,4,49,24
6186,1197,321,3,175454,17545,25000,498727,4,2024-02-06,3,73,17
6187,1932,297,1,155454,0,10000,165454,12,2026-03-07,2,17,3
6188,1066,418,2,1105563,0,30000,2241126,9,2024-01-23,4,29,10
6189,204,74,1,836915,41845,0,795070,2,2025-06-25,6,7,7
6190,2088,248,2,237829,0,10000,485658,3,2024-04-04,1,76,12
6191,2486,480,2,465632,23281,15000,899702,11,2025-07-08,2,55,26
6192,1691,392,2,1063936,53196,10000,2031480,4,2026-05-20,4,63,22
6193,1648,225,1,1179215,0,0,1179215,7,2025-06-11,2,54,29
6194,421,146,2,1317879,65893,25000,2528972,10,2025-09-18,3,33,6
6195,823,197,3,80278,4013,30000,258795,5,2024-04-04,5,46,6
6196,2227,155,1,1317879,0,15000,1332879,11,2024-09-29,4,13,14
6197,1629,97,1,205165,10258,30000,224907,9,2025-04-29,1,21,23
6198,1775,518,4,69707,0,25000,303828,11,2026-06-20,2,45,15
6199,247,275,1,222494,0,15000,237494,12,2026-05-08,5,45,28
6200,971,145,3,1317879,0,10000,3963637,9,2025-02-09,3,65,7
6201,1498,523,1,89707,0,10000,99707,1,2025-11-18,4,19,29
6202,2053,118,1,1138263,0,25000,1163263,1,2024-03-11,5,77,8
6203,1907,241,1,227829,0,0,227829,3,2026-01-01,4,43,2
6204,2265,4,2,303478,0,30000,636956,9,2025-04-28,5,31,26
6205,1395,300,1,165454,8272,20000,177182,12,2025-05-01,1,60,12
6206,1933,522,3,69707,0,25000,234121,9,2023-12-06,5,60,7
6207,1384,510,1,1184592,59229,15000,1140363,10,2024-06-20,2,18,15
6208,1653,289,2,202494,0,25000,429988,2,2025-12-30,5,3,2
6209,677,28,4,751327,0,30000,3035308,2,2023-06-16,4,4,27
6210,2327,427,2,1148346,0,20000,2316692,1,2025-06-30,3,18,27
6211,1371,98,1,195165,0,10000,205165,3,2023-01-09,5,14,15
6212,1455,137,2,1397646,69882,10000,2665528,1,2023-12-29,5,17,28
6213,2049,76,3,856915,42845,10000,2452210,4,2026-04-16,4,32,18
6214,2175,140,2,1407646,70382,15000,2689528,11,2025-11-28,4,63,1
6215,1722,490,2,455632,0,30000,941264,4,2026-02-24,1,46,14
6216,2128,536,2,595602,59560,0,1072084,1,2026-03-28,1,3,13
6217,1613,529,1,89707,0,30000,119707,2,2024-07-27,3,44,21
6218,1872,430,1,748998,0,30000,778998,8,2023-04-23,2,6,3
6219,2376,105,1,1108263,0,25000,1133263,9,2023-08-18,2,7,28
6220,1426,101,1,1148263,57413,0,1090850,3,2025-04-07,1,62,12
6221,5,118,1,1138263,56913,30000,1111350,7,2024-07-19,5,35,26
6222,1090,325,1,1147247,114724,20000,1052523,10,2023-10-03,4,20,13
6223,1227,465,2,382900,0,10000,775800,11,2023-10-09,2,31,8
6224,1419,535,3,555602,27780,20000,1603466,3,2023-10-13,1,76,10
6225,1958,1,1,263478,13173,10000,260305,7,2023-09-23,4,14,15
6226,344,118,3,1138263,0,20000,3434789,10,2023-10-28,6,20,8
6227,369,272,2,202494,30374,0,344240,10,2025-10-26,2,66,5
6228,1377,526,1,49707,4970,15000,59737,2,2024-02-08,5,17,13
6229,65,287,1,222494,0,10000,232494,9,2024-08-16,5,66,21
6230,982,358,2,1099326,0,0,2198652,11,2024-04-25,3,22,1
6231,36,161,1,582301,0,10000,592301,10,2025-08-31,4,23,16
6232,1185,290,1,222494,0,30000,252494,3,2024-03-26,6,12,29
6233,307,260,1,247829,0,0,247829,3,2023-06-03,4,31,2
6234,1565,229,3,1169215,0,30000,3537645,11,2026-03-10,5,3,27
6235,173,470,2,382900,0,10000,775800,9,2023-08-05,4,48,29
6236,1746,473,1,455632,0,30000,485632,1,2024-12-09,5,10,19
6237,2040,315,4,135454,0,0,541816,2,2025-06-11,2,17,25
6238,1786,414,1,1253713,62685,20000,1211028,10,2023-02-28,6,48,2
6239,1179,526,1,49707,0,25000,74707,5,2025-12-02,4,53,10
6240,512,129,1,1427646,0,0,1427646,7,2024-07-08,3,65,5
6241,901,169,2,552301,0,10000,1114602,8,2026-08-11,1,64,2
6242,1770,303,3,155454,0,10000,476362,5,2024-04-18,3,51,20
6243,356,485,2,425632,21281,30000,838702,8,2026-02-01,5,41,29
6244,2043,49,1,1009429,100942,20000,928487,10,2026-02-10,5,50,16
6245,2272,363,4,1069326,0,20000,4297304,7,2026-08-27,3,27,16
6246,1606,179,1,582301,29115,0,553186,1,2026-01-01,5,10,5
6247,2340,357,2,1089326,0,30000,2208652,6,2025-08-14,3,54,10
6248,218,224,1,1159215,0,10000,1169215,1,2025-05-06,4,20,17
6249,1324,381,1,1033936,0,20000,1053936,7,2024-11-25,4,25,29
6250,1415,120,4,1108263,55413,20000,4231400,1,2023-11-04,3,20,26
6251,1911,373,4,1079326,53966,30000,4131440,10,2024-02-22,6,6,24
6252,753,285,1,212494,10624,10000,211870,5,2024-05-27,5,12,17
6253,2042,279,2,222494,11124,25000,447740,10,2025-05-22,5,46,2
6254,944,395,1,1043936,0,25000,1068936,12,2026-01-30,2,15,13
6255,563,68,3,856915,128537,0,2185134,6,2025-11-16,3,5,14
6256,429,449,2,993839,49691,10000,1898296,5,2025-05-17,3,3,16
6257,153,538,2,575602,28780,20000,1113644,3,2025-04-15,4,19,9
6258,2032,546,3,555602,0,30000,1696806,12,2023-12-03,5,75,12
6259,342,457,4,362900,0,30000,1481600,10,2026-06-19,2,26,17
6260,2214,64,2,856915,0,15000,1728830,3,2026-04-13,5,62,5
6261,1911,486,1,455632,0,30000,485632,4,2025-10-13,5,60,24
6262,2193,78,3,846915,84691,10000,2296672,12,2023-07-06,3,61,10
6263,1672,324,2,135454,0,15000,285908,4,2025-05-25,5,35,1
6264,1969,365,4,1089326,0,15000,4372304,1,2026-05-04,3,14,7
6265,1461,258,1,237829,11891,15000,240938,7,2026-07-16,3,18,6
6266,718,72,1,846915,0,15000,861915,11,2024-03-14,4,2,26
6267,2128,395,1,1043936,52196,30000,1021740,7,2023-08-01,4,10,13
6268,61,149,2,1287879,128787,10000,2328184,3,2025-10-17,4,8,3
6269,2345,264,1,237829,11891,30000,255938,10,2023-10-01,3,61,27
6270,1765,90,1,235165,11758,15000,238407,10,2023-12-19,4,33,27
6271,1853,373,4,1079326,0,10000,4327304,10,2023-07-24,1,51,15
6272,572,422,4,550089,0,15000,2215356,6,2023-05-18,8,47,26
6273,1905,222,1,1199215,0,15000,1214215,4,2023-07-09,2,65,28
6274,829,159,1,1287879,0,25000,1312879,7,2023-10-29,3,26,5
6275,1668,513,3,59707,2985,15000,185166,11,2025-09-14,5,20,28
6276,1290,287,1,222494,0,30000,252494,11,2026-08-04,3,15,13
6277,261,359,5,1079326,0,25000,5421630,10,2025-12-25,5,76,2
6278,2012,437,2,1003839,0,20000,2027678,8,2024-07-17,2,17,5
6279,2256,417,1,1085563,0,10000,1095563,7,2024-06-20,2,74,5
6280,920,506,1,1194592,0,20000,1214592,5,2024-04-10,6,27,27
6281,1606,380,1,1079326,107932,25000,996394,11,2023-12-18,4,20,5
6282,223,91,2,225165,11258,30000,457814,3,2024-08-19,5,21,18
6283,1321,294,5,222494,0,10000,1122470,9,2026-04-07,3,25,13
6284,2406,190,1,60278,0,25000,85278,12,2023-06-29,5,22,11
6285,2347,517,1,79707,0,20000,99707,5,2026-02-06,3,34,25
6286,2082,406,1,1073936,0,30000,1103936,3,2025-01-03,1,15,20
6287,1603,69,2,876915,0,30000,1783830,1,2026-03-19,5,8,25
6288,56,141,2,1287879,128787,0,2318184,3,2023-05-29,4,2,22
6289,1248,271,1,202494,10124,15000,207370,8,2026-04-03,1,47,29
6290,1101,414,3,1253713,0,30000,3791139,8,2023-02-28,2,14,11
6291,333,80,1,846915,0,25000,871915,12,2024-07-27,4,55,5
6292,1396,45,1,1019429,101942,0,917487,7,2024-09-19,7,15,14
6293,1862,474,1,425632,21281,25000,429351,2,2023-07-20,2,15,5
6294,2276,201,2,1025325,51266,30000,1978118,6,2023-03-02,2,20,23
6295,892,420,1,1065563,0,10000,1075563,5,2025-07-26,1,46,9
6296,1072,466,1,362900,18145,10000,354755,5,2023-01-02,5,25,3
6297,933,453,3,382900,0,25000,1173700,12,2025-12-10,1,2,27
6298,503,215,1,1035325,0,30000,1065325,11,2025-09-29,4,8,27
6299,430,539,1,585602,0,15000,600602,7,2025-06-04,4,75,8
6300,1146,480,4,465632,0,20000,1882528,10,2024-06-16,5,21,22
6301,1470,344,1,1167247,0,20000,1187247,12,2024-05-10,2,33,2
6302,1863,8,1,303478,0,30000,333478,3,2025-01-31,4,15,15
6303,1867,390,1,1063936,0,30000,1093936,9,2024-09-22,3,2,15
6304,407,45,5,1019429,0,20000,5117145,8,2024-02-10,6,45,29
6305,729,428,5,1138346,0,25000,5716730,9,2026-03-17,4,58,12
6306,2096,548,3,555602,27780,25000,1608466,11,2026-08-04,4,18,17
6307,487,531,2,59707,2985,20000,133444,3,2026-01-24,4,57,20
6308,2114,334,3,1167247,0,15000,3516741,6,2023-08-18,3,70,1
6309,2244,16,1,273478,13673,25000,284805,4,2023-04-24,1,31,14
6310,2422,185,2,50278,0,25000,125556,2,2026-08-16,4,68,25
6311,704,275,2,222494,0,30000,474988,2,2025-03-05,5,12,4
6312,208,200,2,60278,3013,15000,129530,1,2025-11-01,1,50,1
6313,1553,415,2,1243713,248742,15000,2004942,6,2026-07-25,5,13,2
6314,1061,136,1,1397646,0,15000,1412646,1,2026-02-09,4,52,29
6315,1693,248,5,237829,0,10000,1199145,2,2025-04-08,3,56,19
6316,527,154,1,1307879,130787,30000,1207092,11,2023-01-10,4,75,16
6317,1447,60,4,1039429,51971,30000,3979832,10,2024-06-24,5,46,11
6318,625,135,1,1397646,209646,25000,1213000,7,2023-12-08,5,60,24
6319,1274,164,1,582301,0,30000,612301,10,2026-06-19,4,22,5
6320,1924,358,4,1099326,0,10000,4407304,10,2025-10-03,1,31,11
6321,943,156,5,1317879,65893,10000,6269930,2,2025-09-20,4,39,24
6322,746,154,1,1307879,0,25000,1332879,7,2023-05-08,2,32,1
6323,1352,18,4,293478,29347,20000,1076524,11,2024-10-20,7,41,9
6324,191,495,2,1194592,0,30000,2419184,1,2024-08-03,5,43,23
6325,452,124,3,1407646,0,10000,4232938,11,2025-08-20,5,22,4
6326,1306,435,4,1023839,0,30000,4125356,9,2024-04-24,3,28,28
6327,279,389,2,1073936,53696,15000,2055480,7,2024-01-15,5,42,9
6328,639,54,3,1009429,0,10000,3038287,6,2024-10-27,2,63,17
6329,1918,109,4,1108263,0,0,4433052,1,2024-02-21,2,63,27
6330,731,493,3,1174592,58729,20000,3367589,10,2023-08-17,8,12,3
6331,403,439,1,1013839,50691,0,963148,12,2023-04-29,4,69,20
6332,458,173,1,572301,57230,15000,530071,8,2023-10-12,4,43,27
6333,709,256,2,207829,0,20000,435658,4,2025-01-14,3,27,29
6334,164,168,5,582301,0,0,2911505,9,2026-07-14,4,44,4
6335,366,83,1,225165,22516,30000,232649,2,2023-07-04,5,56,19
6336,2498,284,3,222494,0,10000,677482,9,2024-08-17,3,10,5
6337,905,192,1,60278,3013,15000,72265,6,2025-11-11,4,27,24
6338,2047,184,1,80278,0,0,80278,12,2023-07-29,3,43,20
6339,2000,90,2,235165,0,0,470330,5,2025-04-17,1,65,18
6340,1253,117,1,1108263,55413,15000,1067850,4,2024-09-20,3,76,29
6341,271,548,2,555602,27780,30000,1085644,2,2025-02-11,4,41,19
6342,977,260,2,247829,0,30000,525658,8,2023-11-14,4,18,23
6343,2416,378,1,1059326,0,10000,1069326,1,2025-04-24,2,43,12
6344,1328,219,3,995325,49766,15000,2851677,9,2025-12-07,5,47,25
6345,203,269,2,232494,23249,20000,438490,3,2025-11-21,4,26,16
6346,1671,211,2,995325,149298,0,1692054,8,2024-01-27,3,23,10
6347,44,45,2,1019429,0,15000,2053858,8,2023-02-19,4,69,6
6348,489,47,1,1029429,51471,30000,1007958,12,2023-12-14,7,30,8
6349,2104,34,1,771327,38566,10000,742761,12,2024-03-08,3,61,20
6350,1405,382,5,1033936,51696,10000,4921200,6,2023-02-07,3,52,22
6351,247,143,3,1317879,65893,0,3755958,12,2024-11-26,3,36,28
6352,1374,493,3,1174592,58729,0,3347589,5,2024-10-05,3,74,11
6353,653,493,1,1174592,0,30000,1204592,4,2026-06-20,4,62,27
6354,256,543,1,575602,0,15000,590602,11,2026-03-05,8,67,8
6355,1493,439,1,1013839,0,20000,1033839,5,2025-04-19,5,67,29
6356,232,25,5,771327,0,15000,3871635,10,2026-01-25,5,5,1
6357,893,192,4,60278,0,15000,256112,10,2024-12-01,5,50,9
6358,1704,30,3,761327,0,30000,2313981,5,2024-02-05,5,45,21
6359,1975,87,2,235165,0,25000,495330,6,2023-06-24,3,17,11
6360,967,80,1,846915,0,25000,871915,1,2025-10-25,4,14,5
6361,1536,178,2,572301,0,20000,1164602,4,2023-03-08,4,36,22
6362,1332,531,2,59707,2985,20000,133444,5,2026-03-05,4,40,1
6363,890,413,5,1243713,0,10000,6228565,12,2026-07-31,5,3,3
6364,592,297,5,155454,7772,20000,758410,12,2024-04-04,4,16,6
6365,921,129,1,1427646,142764,15000,1299882,2,2025-10-20,4,38,2
6366,2112,496,1,1164592,58229,30000,1136363,8,2023-06-10,5,59,7
6367,2111,315,1,135454,0,25000,160454,9,2025-08-12,4,40,17
6368,1553,181,1,90278,9027,0,81251,2,2024-04-09,4,10,2
6369,764,254,1,247829,37174,0,210655,12,2024-06-09,4,58,12
6370,1557,62,2,836915,0,30000,1703830,4,2023-10-25,3,16,16
6371,2110,3,1,263478,13173,20000,270305,10,2025-07-16,2,55,10
6372,1784,438,2,1023839,102383,25000,1867912,1,2024-03-30,3,3,22
6373,1874,273,1,202494,30374,30000,202120,3,2023-07-28,4,20,29
6374,1941,317,1,165454,0,10000,175454,5,2023-07-10,1,32,24
6375,904,361,5,1069326,0,0,5346630,9,2023-02-27,4,10,21
6376,652,128,2,1427646,0,0,2855292,6,2023-02-02,8,32,25
6377,288,170,2,562301,0,15000,1139602,11,2026-02-10,3,73,18
6378,2468,364,3,1079326,53966,25000,3101080,7,2025-06-15,2,51,2
6379,1066,362,1,1059326,0,0,1059326,11,2024-11-19,5,2,10
6380,1288,348,1,1157247,57862,25000,1124385,5,2026-01-25,3,70,25
6381,259,525,1,69707,0,0,69707,1,2025-09-17,3,69,21
6382,196,514,1,49707,2485,10000,57222,12,2023-08-08,5,62,9
6383,360,550,1,575602,0,10000,585602,5,2025-04-28,6,28,3
6384,322,539,3,585602,0,15000,1771806,6,2024-07-15,2,3,18
6385,2098,114,4,1138263,0,25000,4578052,10,2024-06-12,3,51,4
6386,811,85,2,225165,0,15000,465330,4,2025-11-09,4,36,14
6387,913,499,1,1184592,118459,20000,1086133,7,2025-08-11,2,30,24
6388,1531,372,2,1069326,53466,0,2031720,1,2026-02-02,4,70,21
6389,1585,241,2,227829,0,30000,485658,8,2023-04-27,3,61,10
6390,666,386,1,1053936,52696,20000,1021240,10,2025-06-17,2,64,14
6391,666,286,2,222494,0,25000,469988,5,2025-10-24,2,42,14
6392,931,455,1,382900,0,0,382900,10,2025-01-12,6,22,28
6393,2454,424,2,520089,0,10000,1050178,8,2026-05-10,4,5,15
6394,1877,71,2,846915,0,15000,1708830,9,2025-09-15,4,22,27
6395,1884,211,1,995325,0,15000,1010325,2,2023-10-30,3,54,28
6396,1268,197,1,80278,8027,20000,92251,10,2024-11-09,6,63,10
6397,2076,211,2,995325,0,30000,2020650,3,2024-04-14,1,66,4
6398,426,20,1,283478,0,0,283478,11,2023-07-08,2,66,4
6399,167,371,2,1079326,0,20000,2178652,8,2026-08-06,2,18,20
6400,1014,301,1,175454,0,30000,205454,10,2024-07-11,8,4,9
6401,366,461,3,392900,39290,10000,1070830,5,2024-01-01,1,39,19
6402,535,144,1,1277879,0,10000,1287879,2,2025-09-15,4,61,7
6403,682,238,3,1199215,119921,15000,3252882,9,2024-01-05,2,18,17
6404,2090,462,1,372900,0,25000,397900,6,2026-07-30,3,26,7
6405,2311,510,2,1184592,118459,10000,2142266,7,2025-12-15,6,14,2
6406,1773,496,2,1164592,0,30000,2359184,8,2026-05-30,3,64,19
6407,1086,122,1,1427646,0,30000,1457646,7,2024-12-05,5,22,26
6408,1814,266,2,237829,11891,25000,476876,10,2026-04-28,3,12,21
6409,480,495,3,1194592,0,10000,3593776,8,2025-04-11,4,56,28
6410,1007,16,2,273478,0,0,546956,11,2026-08-15,5,46,16
6411,925,11,1,293478,0,10000,303478,10,2025-09-25,6,13,21
6412,1050,216,2,995325,0,20000,2010650,8,2024-02-16,3,49,27
6413,1307,308,1,145454,7272,20000,158182,5,2025-02-16,3,45,16
6414,1800,38,1,761327,0,25000,786327,5,2023-05-04,8,35,9
6415,294,27,1,761327,0,25000,786327,11,2023-11-30,5,12,23
6416,1939,295,3,202494,0,10000,617482,2,2025-03-22,3,29,18
6417,814,535,1,555602,0,15000,570602,9,2024-10-27,1,44,8
6418,2301,214,2,1035325,155298,30000,1790054,4,2026-02-10,1,43,19
6419,1039,411,1,1192030,0,20000,1212030,1,2023-10-14,8,24,28
6420,1972,460,1,362900,0,10000,372900,12,2023-05-18,4,31,7
6421,2379,510,3,1184592,177688,0,3020712,1,2025-05-24,5,77,8
6422,740,136,3,1397646,0,25000,4217938,10,2026-05-20,4,47,12
6423,663,373,1,1079326,0,25000,1104326,6,2025-11-05,2,47,28
6424,694,366,1,1079326,53966,20000,1045360,9,2026-03-14,1,13,26
6425,2421,322,1,135454,13545,0,121909,8,2023-07-13,2,41,11
6426,1222,188,1,60278,0,10000,70278,4,2024-05-09,5,49,23
6427,1410,434,2,983839,0,10000,1977678,5,2025-12-29,2,48,4
6428,895,146,2,1317879,0,30000,2665758,8,2026-05-22,5,8,8
6429,807,374,3,1059326,52966,0,3019080,6,2025-12-16,3,13,20
6430,119,521,4,89707,0,30000,388828,6,2025-02-07,5,33,27
6431,776,54,2,1009429,50471,0,1917916,6,2026-02-16,5,48,6
6432,583,549,1,595602,0,25000,620602,8,2023-06-29,3,50,7
6433,2027,256,2,207829,31174,0,353310,1,2025-04-10,3,58,23
6434,725,313,1,145454,7272,0,138182,1,2026-01-25,6,55,26
6435,256,179,1,582301,0,20000,602301,12,2024-02-13,5,49,8
6436,613,292,1,232494,0,30000,262494,4,2026-01-30,4,37,25
6437,1737,68,1,856915,0,25000,881915,4,2025-06-08,5,68,21
6438,1655,473,2,455632,68344,20000,794576,5,2025-06-23,4,37,20
6439,946,91,2,225165,11258,15000,442814,6,2024-02-29,4,49,24
6440,2260,24,1,791327,0,30000,821327,3,2023-02-06,4,24,8
6441,504,315,4,135454,0,25000,566816,2,2024-08-04,4,7,19
6442,1288,18,1,293478,14673,10000,288805,12,2023-10-29,3,31,25
6443,20,187,3,60278,6027,20000,182753,11,2024-10-29,5,20,26
6444,2244,135,4,1397646,0,15000,5605584,7,2024-02-17,3,63,14
6445,1923,82,1,205165,0,25000,230165,9,2025-02-11,3,70,28
6446,2133,520,2,79707,3985,30000,181444,4,2025-08-26,5,65,11
6447,639,274,1,192494,9624,20000,202870,1,2023-05-13,6,18,17
6448,2420,98,5,195165,9758,20000,947035,1,2024-07-13,4,21,21
6449,2461,391,3,1063936,0,20000,3211808,1,2025-01-20,3,11,28
6450,1094,59,4,1029429,0,0,4117716,1,2025-09-24,5,24,17
6451,1984,522,4,69707,0,10000,288828,7,2026-02-19,4,57,19
6452,1260,437,4,1003839,100383,30000,3643824,4,2023-06-27,5,12,11
6453,2094,421,3,530089,0,30000,1620267,3,2023-09-29,2,16,19
6454,2028,351,3,1157247,57862,10000,3308155,5,2024-07-27,4,29,18
6455,1749,200,3,60278,0,10000,190834,2,2026-01-05,6,62,7
6456,1431,50,1,1039429,51971,20000,1007458,1,2023-04-29,5,35,6
6457,2310,278,1,222494,11124,15000,226370,9,2025-09-15,2,57,23
6458,1852,53,1,1009429,0,10000,1019429,9,2026-03-07,3,50,18
6459,1903,63,1,876915,131537,30000,775378,2,2025-04-28,3,70,17
6460,1095,480,4,465632,0,10000,1872528,5,2023-07-24,2,59,15
6461,422,367,1,1099326,109932,15000,1004394,1,2023-06-11,2,51,22
6462,1854,225,2,1179215,58960,15000,2255510,12,2025-06-20,3,43,22
6463,1734,529,2,89707,0,15000,194414,11,2024-12-28,2,63,20
6464,2304,343,2,1157247,0,20000,2334494,8,2023-09-13,4,63,24
6465,66,66,3,866915,0,25000,2625745,7,2023-03-24,3,38,9
6466,2115,37,1,791327,39566,20000,771761,2,2026-07-05,5,10,16
6467,1707,292,4,232494,11624,25000,908480,5,2024-12-09,4,23,12
6468,739,368,4,1099326,164898,20000,3757712,2,2023-11-29,6,68,22
6469,1824,253,1,217829,0,0,217829,1,2023-09-11,4,23,1
6470,1642,523,1,89707,0,20000,109707,3,2023-04-13,4,33,12
6471,1886,102,2,1148263,114826,10000,2076874,12,2025-11-28,4,63,18
6472,1026,47,3,1029429,0,10000,3098287,4,2023-11-11,3,20,3
6473,25,352,1,1177247,0,25000,1202247,4,2024-06-10,1,69,7
6474,2222,74,2,836915,0,10000,1683830,10,2023-04-08,8,60,21
6475,614,288,5,192494,0,20000,982470,3,2026-08-08,3,53,28
6476,1036,548,1,555602,0,0,555602,3,2024-10-11,1,9,9
6477,467,226,2,1189215,59460,0,2259510,2,2026-08-25,4,34,10
6478,1760,407,1,1043936,104393,15000,954543,5,2024-01-03,4,66,15
6479,1313,374,2,1059326,0,30000,2148652,10,2025-08-28,3,64,15
6480,1833,447,1,1003839,0,25000,1028839,7,2026-01-09,5,39,14
6481,2340,468,2,392900,19645,30000,776510,3,2023-12-19,2,36,10
6482,368,455,5,382900,0,30000,1944500,12,2024-09-28,7,77,23
6483,1977,478,1,425632,21281,10000,414351,1,2025-05-19,5,19,16
6484,934,344,2,1167247,0,0,2334494,12,2025-09-20,3,76,27
6485,613,301,1,175454,0,20000,195454,11,2023-05-04,4,1,25
6486,1982,38,1,761327,0,15000,776327,5,2025-08-18,4,47,9
6487,141,83,2,225165,0,10000,460330,11,2024-10-08,5,58,4
6488,2311,230,1,1199215,59960,15000,1154255,8,2026-05-27,4,42,2
6489,772,90,1,235165,11758,20000,243407,4,2024-08-01,5,50,28
6490,1743,18,2,293478,14673,25000,582610,12,2025-09-20,5,59,1
6491,516,530,1,69707,0,25000,94707,4,2026-03-23,2,5,11
6492,1438,273,1,202494,20249,30000,212245,1,2023-02-08,3,35,23
6493,1084,147,1,1297879,0,15000,1312879,11,2023-04-13,1,56,13
6494,1722,21,3,751327,37566,15000,2156283,7,2025-06-09,1,34,14
6495,657,478,2,425632,42563,20000,786138,1,2025-02-23,2,1,24
6496,802,107,1,1138263,56913,15000,1096350,8,2024-02-22,4,65,20
6497,1889,464,1,372900,18645,30000,384255,4,2023-04-08,3,15,24
6498,379,148,2,1297879,194681,15000,2221396,3,2024-02-24,7,74,5
6499,1084,538,2,575602,0,25000,1176204,12,2025-05-25,4,53,13
6500,467,210,2,995325,49766,15000,1906118,1,2023-09-13,2,42,10
6501,323,412,3,1212030,0,15000,3651090,6,2024-07-02,6,71,10
6502,2097,74,5,836915,41845,30000,4005350,10,2023-04-25,4,63,9
6503,612,547,5,585602,58560,10000,2645210,6,2025-09-04,3,14,16
6504,8,206,1,1035325,0,15000,1050325,4,2023-06-07,4,42,19
6505,1325,514,1,49707,0,25000,74707,2,2023-10-01,3,68,21
6506,130,545,2,575602,28780,10000,1103644,2,2023-03-26,2,52,14
6507,1421,231,5,1199215,0,15000,6011075,1,2025-03-09,1,27,10
6508,172,12,1,303478,60695,25000,267783,11,2025-11-29,3,61,6
6509,30,128,2,1427646,0,30000,2885292,2,2024-02-13,3,72,13
6510,642,245,1,247829,0,10000,257829,5,2026-06-19,2,60,14
6511,1428,334,2,1167247,0,0,2334494,11,2023-06-21,3,21,25
6512,1477,291,2,202494,0,25000,429988,12,2025-11-16,4,12,8
6513,1678,32,1,781327,0,25000,806327,7,2023-07-02,3,9,10
6514,423,240,2,1169215,58460,15000,2236510,8,2026-07-22,2,13,27
6515,2380,9,1,293478,0,0,293478,3,2023-10-23,4,64,14
6516,1566,108,2,1128263,0,20000,2276526,5,2024-08-06,5,30,10
6517,1941,207,1,1015325,0,0,1015325,7,2024-02-27,4,23,24
6518,2456,86,3,205165,0,25000,640495,2,2026-06-21,1,2,21
6519,1152,55,1,1039429,0,0,1039429,7,2026-08-14,3,64,17
6520,81,51,2,1039429,0,20000,2098858,7,2024-02-19,3,10,19
6521,306,321,2,175454,0,10000,360908,9,2026-06-17,5,54,9
6522,1029,401,1,1053936,52696,15000,1016240,11,2025-08-11,5,26,7
6523,526,108,2,1128263,0,20000,2276526,7,2025-05-27,1,43,15
6524,920,521,1,89707,0,30000,119707,4,2024-07-04,2,21,27
6525,1713,187,1,60278,3013,10000,67265,10,2026-08-13,3,50,9
6526,1776,210,4,995325,0,15000,3996300,12,2023-12-01,5,22,29
6527,1877,269,4,232494,0,20000,949976,7,2025-07-25,3,6,27
6528,1669,327,4,1177247,0,30000,4738988,11,2026-03-05,5,74,22
6529,1304,274,1,192494,9624,30000,212870,8,2023-12-06,5,56,5
6530,682,305,3,145454,0,10000,446362,9,2024-08-31,4,33,17
6531,2233,486,1,455632,0,0,455632,6,2025-12-24,4,33,15
6532,582,485,4,425632,42563,25000,1557276,9,2026-01-06,7,59,23
6533,458,218,1,1025325,153798,20000,891527,9,2026-08-30,2,45,27
6534,224,156,3,1317879,0,25000,3978637,12,2025-11-15,2,52,26
6535,1586,24,4,791327,0,25000,3190308,11,2024-08-21,6,26,3
6536,2120,370,1,1069326,53466,0,1015860,6,2025-04-17,5,67,10
6537,1049,251,2,217829,0,30000,465658,7,2023-01-17,7,75,6
6538,1925,342,3,1177247,58862,15000,3370155,5,2025-05-05,3,27,22
6539,2023,510,1,1184592,0,20000,1204592,1,2023-04-16,4,24,14
6540,644,471,2,382900,57435,25000,675930,10,2026-01-21,1,69,17
6541,2368,341,1,1157247,115724,15000,1056523,7,2025-11-12,3,27,3
6542,1182,348,3,1157247,0,30000,3501741,12,2023-02-22,3,28,27
6543,2255,318,2,145454,14545,0,261818,6,2025-09-24,1,39,29
6544,1474,73,2,876915,43845,30000,1696140,1,2023-10-13,4,45,25
6545,72,504,1,1194592,0,10000,1204592,6,2024-12-19,4,3,7
6546,416,546,1,555602,0,15000,570602,3,2026-05-26,7,55,8
6547,633,543,4,575602,0,15000,2317408,8,2024-12-24,8,29,28
6548,1834,453,1,382900,0,0,382900,9,2023-01-10,4,14,18
6549,165,381,1,1033936,0,0,1033936,4,2024-05-16,1,13,26
6550,2397,400,5,1043936,0,30000,5249680,4,2025-04-25,5,74,29
6551,807,545,4,575602,57560,15000,2087168,3,2023-12-27,1,33,20
6552,604,282,5,212494,0,30000,1092470,9,2024-03-10,4,40,28
6553,1744,301,1,175454,0,25000,200454,6,2023-01-19,3,21,5
6554,1841,269,1,232494,11624,10000,230870,8,2024-09-04,3,14,7
6555,2227,185,4,50278,0,10000,211112,3,2026-01-03,2,26,14
6556,2500,357,1,1089326,0,30000,1119326,11,2023-07-29,3,68,5
6557,2218,498,1,1164592,116459,15000,1063133,7,2025-06-21,5,63,13
6558,243,10,2,273478,0,15000,561956,7,2024-06-23,2,32,7
6559,103,551,1,555602,0,30000,585602,2,2023-05-12,5,16,25
6560,63,532,5,59707,2985,30000,313610,9,2024-11-14,4,54,9
6561,368,101,1,1148263,57413,10000,1100850,6,2026-08-16,3,62,23
6562,2149,279,4,222494,0,15000,904976,12,2025-10-28,5,59,8
6563,1963,248,1,237829,11891,25000,250938,6,2024-08-09,4,64,13
6564,1964,80,1,846915,0,15000,861915,5,2025-03-01,5,64,14
6565,2306,458,1,392900,0,0,392900,6,2025-07-29,4,58,28
6566,1021,64,4,856915,42845,15000,3271280,1,2025-01-25,2,64,19
6567,2038,101,1,1148263,57413,10000,1100850,7,2024-07-08,6,73,28
6568,1681,87,2,235165,0,25000,495330,3,2023-11-06,6,60,25
6569,2472,238,1,1199215,0,0,1199215,6,2026-07-22,3,60,7
6570,2316,450,1,983839,0,15000,998839,8,2023-05-03,5,40,18
6571,127,100,2,215165,0,30000,460330,10,2024-10-26,8,46,3
6572,1015,74,3,836915,0,20000,2530745,12,2026-06-08,6,10,22
6573,1818,328,3,1147247,114724,15000,3112569,8,2026-05-05,3,69,7
6574,2242,311,2,165454,0,25000,355908,7,2024-10-30,4,21,13
6575,89,527,2,89707,4485,15000,185444,6,2023-06-20,4,40,22
6576,182,513,2,59707,0,30000,149414,9,2023-12-09,5,16,28
6577,2345,342,1,1177247,176587,0,1000660,8,2024-04-24,3,16,27
6578,1773,487,1,445632,0,30000,475632,7,2025-11-12,8,23,19
6579,734,231,2,1199215,0,15000,2413430,6,2025-02-14,1,12,11
6580,1161,43,1,1019429,0,25000,1044429,8,2024-05-09,4,14,22
6581,1774,266,1,237829,11891,30000,255938,5,2024-02-23,5,16,11
6582,2416,350,1,1187247,0,30000,1217247,5,2025-11-30,5,71,12
6583,1940,207,4,1015325,101532,30000,3685172,7,2025-09-10,4,41,7
6584,1846,214,4,1035325,51766,30000,3964236,6,2023-07-28,8,19,16
6585,1203,464,1,372900,18645,20000,374255,2,2025-07-31,3,59,5
6586,1807,469,2,392900,0,15000,800800,9,2024-04-05,5,57,24
6587,2335,238,1,1199215,0,25000,1224215,10,2024-01-01,5,72,3
6588,727,18,2,293478,0,25000,611956,7,2023-06-17,2,27,15
6589,1281,238,1,1199215,0,25000,1224215,9,2025-02-05,4,67,29
6590,61,141,1,1287879,0,30000,1317879,5,2025-10-14,6,53,3
6591,422,435,3,1023839,102383,20000,2784368,11,2024-09-29,4,35,22
6592,2329,320,2,175454,0,20000,370908,4,2024-11-23,3,75,24
6593,482,303,2,155454,0,30000,340908,3,2026-04-17,5,66,27
6594,1932,272,1,202494,0,20000,222494,3,2026-04-08,3,76,3
6595,399,74,4,836915,83691,0,3012896,4,2025-05-20,5,51,23
6596,2269,199,4,80278,0,0,321112,12,2023-03-31,3,20,20
6597,1139,75,5,876915,87691,15000,3961120,8,2023-09-22,3,26,6
6598,1758,13,1,293478,0,0,293478,3,2025-11-06,7,16,12
6599,1352,429,1,758998,0,10000,768998,9,2025-08-01,2,29,9
6600,269,152,1,1287879,128787,30000,1189092,7,2024-05-19,4,64,5
6601,795,449,2,993839,149075,25000,1714528,1,2025-10-15,8,1,14
6602,1248,215,2,1035325,0,25000,2095650,6,2025-10-28,3,49,29
6603,2259,106,1,1108263,0,10000,1118263,3,2026-05-02,4,37,9
6604,1480,281,1,212494,0,25000,237494,4,2026-03-11,4,20,14
6605,876,431,1,758998,0,10000,768998,11,2024-11-15,5,2,23
6606,291,330,5,1177247,0,30000,5916235,8,2024-12-06,5,62,25
6607,903,300,1,165454,0,30000,195454,7,2025-11-23,3,46,18
6608,1173,445,3,993839,0,25000,3006517,9,2023-04-26,2,23,25
6609,691,423,1,510089,0,25000,535089,4,2024-04-15,3,11,27
6610,650,498,1,1164592,58229,20000,1126363,5,2025-01-01,3,56,15
6611,692,40,4,761327,0,20000,3065308,1,2025-03-09,4,73,19
6612,1119,392,2,1063936,53196,15000,2036480,5,2024-06-24,1,61,18
6613,1692,156,1,1317879,0,20000,1337879,10,2026-06-28,4,63,2
6614,496,385,2,1073936,0,25000,2172872,10,2025-04-13,3,72,11
6615,2312,145,2,1317879,0,25000,2660758,2,2023-06-07,3,63,18
6616,1626,158,4,1297879,0,20000,5211516,6,2026-07-19,5,66,18
6617,1551,21,1,751327,75132,10000,686195,2,2026-01-26,3,36,11
6618,333,240,1,1169215,0,30000,1199215,7,2023-08-22,4,24,5
6619,21,99,4,195165,0,15000,795660,9,2025-03-04,5,36,24
6620,1880,17,2,263478,26347,0,474262,6,2023-09-12,1,2,25
6621,1473,6,1,273478,0,20000,293478,6,2025-04-18,6,41,28
6622,1554,448,1,1023839,0,30000,1053839,6,2024-01-02,1,59,20
6623,2435,72,2,846915,42345,25000,1634140,5,2023-01-31,4,45,29
6624,317,474,1,425632,0,25000,450632,2,2026-07-26,4,68,28
6625,1035,46,3,1009429,0,20000,3048287,11,2023-03-04,5,73,7
6626,1073,340,1,1177247,0,0,1177247,11,2024-09-01,7,67,8
6627,365,349,1,1177247,58862,20000,1138385,2,2024-06-13,5,63,23
6628,2333,441,4,993839,0,30000,4005356,12,2025-01-13,2,36,6
6629,2376,406,2,1073936,0,30000,2177872,8,2024-02-16,4,49,28
6630,216,200,2,60278,0,10000,130556,3,2024-06-22,4,57,5
6631,1533,68,1,856915,0,0,856915,6,2026-07-25,5,37,22
6632,2136,66,1,866915,43345,30000,853570,3,2025-06-20,3,6,26
6633,1614,183,1,60278,3013,20000,77265,5,2026-01-05,4,18,28
6634,1827,31,1,751327,0,0,751327,9,2023-05-29,5,73,18
6635,1892,354,1,1069326,160398,20000,928928,9,2024-07-15,2,4,28
6636,447,419,1,1085563,108556,0,977007,10,2025-12-19,2,53,25
6637,2249,433,2,1023839,51191,0,1945296,5,2023-09-14,6,1,4
6638,2457,509,1,1194592,119459,0,1075133,9,2026-05-17,3,48,23
6639,1551,523,2,89707,8970,10000,171474,4,2023-07-17,1,58,11
6640,2112,93,3,195165,9758,25000,581221,2,2025-11-18,1,3,7
6641,2247,191,5,60278,0,10000,311390,6,2026-01-08,5,58,26
6642,1734,37,1,791327,0,10000,801327,5,2025-01-04,4,39,20
6643,195,263,2,217829,0,15000,450658,8,2025-12-21,1,9,18
6644,2145,350,1,1187247,0,25000,1212247,7,2025-08-10,5,26,13
6645,802,66,1,866915,0,25000,891915,6,2024-08-10,4,66,20
6646,539,144,1,1277879,63893,30000,1243986,3,2023-04-13,5,69,25
6647,1616,467,2,382900,0,30000,795800,10,2023-06-19,4,49,26
6648,1128,73,3,876915,0,0,2630745,4,2025-03-27,2,34,19
6649,678,64,2,856915,0,0,1713830,9,2024-07-10,6,28,16
6650,83,546,2,555602,0,15000,1126204,8,2025-09-20,6,64,25
6651,2361,547,1,585602,0,25000,610602,6,2026-06-30,5,20,1
6652,1207,318,1,145454,0,20000,165454,10,2026-01-10,3,63,13
6653,1786,482,5,465632,0,10000,2338160,4,2025-08-17,2,68,2
6654,2291,118,2,1138263,0,0,2276526,6,2024-09-03,1,73,7
6655,2444,213,2,1025325,51266,0,1948118,10,2025-03-05,4,27,9
6656,172,254,1,247829,12391,25000,260438,3,2023-12-25,3,30,6
6657,1725,177,1,552301,0,10000,562301,12,2025-02-08,3,58,1
6658,1298,467,2,382900,0,20000,785800,4,2023-06-01,4,68,18
6659,575,401,1,1053936,0,20000,1073936,3,2025-09-04,4,27,27
6660,1104,316,2,175454,17545,30000,345818,12,2023-06-03,4,40,14
6661,1600,246,3,207829,10391,30000,622314,7,2025-08-16,4,7,22
6662,1165,32,2,781327,0,30000,1592654,11,2024-08-02,2,17,16
6663,167,235,2,1189215,0,25000,2403430,1,2025-12-17,4,20,20
6664,964,377,1,1059326,52966,25000,1031360,8,2024-12-01,5,13,9
6665,1068,310,2,145454,7272,20000,296364,11,2023-10-28,4,23,13
6666,2102,367,1,1099326,0,30000,1129326,6,2025-06-05,5,18,4
6667,1146,243,4,217829,10891,15000,842752,5,2025-11-28,2,20,22
6668,1715,272,3,202494,0,10000,617482,10,2024-07-17,1,37,11
6669,172,362,4,1059326,0,30000,4267304,11,2026-02-22,2,69,6
6670,1206,249,3,237829,0,30000,743487,3,2025-02-05,3,42,6
6671,2313,308,3,145454,0,25000,461362,11,2026-08-22,5,43,24
6672,364,303,2,155454,7772,30000,325364,10,2024-01-16,4,43,27
6673,1611,506,1,1194592,0,15000,1209592,2,2025-09-03,3,14,20
6674,795,184,3,80278,4013,30000,258795,9,2024-08-14,8,66,14
6675,917,489,1,465632,0,20000,485632,9,2023-01-10,5,57,26
6676,1275,305,1,145454,7272,30000,168182,7,2026-02-18,1,72,25
6677,2281,401,4,1053936,0,20000,4235744,6,2023-10-10,3,24,22
6678,2089,385,1,1073936,53696,15000,1035240,3,2026-03-06,3,70,28
6679,2322,175,1,542301,108460,10000,443841,11,2024-05-07,6,3,23
6680,374,479,1,435632,21781,30000,443851,3,2025-12-26,3,48,25
6681,2307,229,2,1169215,58460,10000,2231510,7,2025-11-02,3,24,17
6682,1831,301,1,175454,0,30000,205454,3,2024-04-14,2,14,25
6683,2322,326,3,1177247,0,0,3531741,4,2024-05-21,3,57,23
6684,2475,508,1,1174592,0,30000,1204592,1,2024-06-19,4,23,21
6685,1361,276,3,222494,0,10000,677482,10,2023-07-14,2,30,15
6686,1094,455,1,382900,0,10000,392900,1,2026-08-07,4,17,17
6687,1998,17,1,263478,0,30000,293478,10,2026-08-06,5,19,12
6688,1805,345,1,1187247,0,30000,1217247,6,2023-12-03,6,20,22
6689,220,265,1,247829,0,30000,277829,5,2024-03-23,3,52,1
6690,1785,214,1,1035325,0,25000,1060325,10,2026-03-17,5,52,21
6691,369,172,1,562301,28115,20000,554186,9,2024-07-11,5,10,5
6692,261,126,1,1427646,0,25000,1452646,8,2026-05-05,1,35,2
6693,1755,277,1,202494,0,0,202494,3,2023-10-25,4,27,18
6694,1735,401,1,1053936,0,25000,1078936,4,2024-06-03,1,13,8
6695,434,535,5,555602,0,25000,2803010,7,2025-10-10,1,27,8
6696,921,272,1,202494,0,0,202494,10,2023-06-02,5,6,2
6697,595,530,2,69707,0,20000,159414,2,2024-03-28,5,66,23
6698,1594,35,1,771327,38566,0,732761,11,2024-10-02,3,68,5
6699,1495,239,1,1189215,0,0,1189215,11,2023-05-17,4,30,23
6700,1461,527,1,89707,0,0,89707,2,2025-01-12,3,21,6
6701,2055,116,1,1138263,0,0,1138263,7,2025-11-16,3,31,26
6702,1363,24,2,791327,0,25000,1607654,2,2025-04-26,1,15,27
6703,1728,10,4,273478,0,25000,1118912,7,2026-02-02,4,50,24
6704,1776,350,4,1187247,0,25000,4773988,3,2025-03-01,3,33,29
6705,1377,345,1,1187247,0,30000,1217247,1,2024-11-01,1,35,13
6706,2329,520,1,79707,0,25000,104707,4,2023-11-11,3,61,24
6707,1985,165,1,562301,0,15000,577301,2,2026-06-15,4,37,5
6708,26,150,1,1297879,64893,15000,1247986,10,2024-04-15,4,73,22
6709,1988,280,3,232494,11624,30000,692610,7,2023-11-15,5,22,28
6710,1677,488,2,445632,22281,15000,861702,7,2023-08-02,5,1,24
6711,2067,485,2,425632,0,20000,871264,10,2024-11-06,3,2,5
6712,2475,400,1,1043936,0,0,1043936,10,2023-11-09,4,48,21
6713,2190,39,1,791327,0,25000,816327,10,2026-08-30,5,55,9
6714,381,547,5,585602,29280,30000,2811610,9,2024-04-19,2,61,27
6715,2168,524,5,69707,0,10000,358535,2,2026-05-05,5,76,1
6716,81,380,2,1079326,0,15000,2173652,1,2025-06-13,5,43,19
6717,2067,98,1,195165,9758,25000,210407,2,2024-12-26,4,20,5
6718,1514,118,1,1138263,56913,10000,1091350,10,2024-01-12,4,15,17
6719,2211,527,1,89707,0,10000,99707,2,2025-01-07,4,8,12
6720,409,112,5,1128263,0,25000,5666315,11,2024-06-10,4,22,7
6721,810,403,4,1043936,52196,25000,3991960,1,2026-04-18,3,38,13
6722,2377,208,3,995325,99532,10000,2697379,3,2023-02-05,7,50,1
6723,2277,11,2,293478,14673,10000,567610,9,2023-03-10,5,72,24
6724,1649,338,1,1187247,0,15000,1202247,7,2025-01-25,4,18,11
6725,530,389,1,1073936,107393,25000,991543,1,2023-05-02,3,2,11
6726,1036,94,1,235165,11758,25000,248407,5,2023-01-25,4,9,9
6727,1422,119,1,1148263,0,25000,1173263,4,2025-05-01,5,14,16
6728,1901,252,4,217829,0,0,871316,12,2026-02-28,5,65,8
6729,2087,248,2,237829,23782,20000,448094,5,2025-04-03,4,24,2
6730,499,351,1,1157247,0,10000,1167247,10,2024-12-17,1,47,21
6731,1216,378,2,1059326,52966,30000,2042720,5,2025-05-12,6,42,19
6732,2169,504,1,1194592,59729,0,1134863,9,2023-08-05,5,45,20
6733,977,299,1,155454,0,0,155454,12,2024-08-04,2,14,23
6734,1201,156,1,1317879,0,20000,1337879,9,2024-05-18,2,31,23
6735,2104,60,1,1039429,103942,30000,965487,4,2024-01-06,2,77,20
6736,504,109,1,1108263,110826,0,997437,5,2024-06-08,4,47,19
6737,2008,352,2,1177247,0,25000,2379494,5,2025-12-03,3,25,2
6738,391,114,1,1138263,56913,25000,1106350,2,2024-03-07,4,8,29
6739,770,437,3,1003839,50191,15000,2875944,4,2024-11-15,5,74,29
6740,2393,547,2,585602,0,20000,1191204,5,2026-01-15,3,31,5
6741,397,375,2,1059326,158898,25000,1825856,11,2024-04-01,4,65,27
6742,25,273,1,202494,0,15000,217494,4,2025-08-31,4,49,7
6743,2063,225,1,1179215,0,30000,1209215,7,2025-10-30,5,1,28
6744,1146,86,1,205165,20516,25000,209649,11,2025-04-26,5,32,22
6745,2002,439,4,1013839,0,0,4055356,8,2024-12-04,4,76,10
6746,491,516,1,69707,0,30000,99707,9,2023-12-15,3,69,14
6747,1231,369,3,1079326,53966,0,3076080,12,2025-08-12,4,58,12
6748,1745,220,2,1035325,51766,20000,1987118,3,2026-02-06,4,52,27
6749,2379,354,3,1069326,0,15000,3222978,9,2025-07-15,6,72,8
6750,172,346,1,1147247,0,15000,1162247,6,2026-06-25,3,62,6
6751,2238,498,3,1164592,58229,0,3319089,3,2024-09-30,3,6,27
6752,1243,288,3,192494,0,10000,587482,12,2023-11-25,5,63,4
6753,534,276,1,222494,0,30000,252494,9,2023-03-11,7,62,29
6754,2206,496,2,1164592,0,25000,2354184,12,2026-03-20,8,50,4
6755,1780,506,3,1194592,0,15000,3598776,2,2026-02-16,6,56,8
6756,1616,16,1,273478,0,0,273478,2,2026-04-14,1,14,26
6757,1112,153,1,1277879,0,20000,1297879,6,2025-12-29,3,10,4
6758,1363,531,2,59707,0,25000,144414,8,2025-09-20,2,47,27
6759,1468,152,4,1287879,64393,20000,4913944,1,2026-03-31,2,64,18
6760,2475,105,4,1108263,55413,20000,4231400,7,2024-12-03,3,40,21
6761,213,455,1,382900,0,10000,392900,3,2023-03-19,5,44,25
6762,1517,458,4,392900,0,30000,1601600,9,2026-01-08,4,41,7
6763,1991,106,1,1108263,55413,20000,1072850,6,2026-08-31,4,7,22
6764,1250,541,1,595602,0,15000,610602,9,2026-07-31,5,59,21
6765,99,298,1,165454,0,20000,185454,3,2024-11-28,4,10,2
6766,1933,395,1,1043936,52196,20000,1011740,8,2025-07-22,1,43,7
6767,970,34,3,771327,0,20000,2333981,8,2026-05-18,2,64,4
6768,2498,288,1,192494,0,0,192494,11,2026-01-03,4,62,5
6769,900,63,1,876915,43845,10000,843070,4,2023-03-16,7,77,23
6770,438,341,2,1157247,0,10000,2324494,1,2023-06-05,5,15,4
6771,258,250,1,237829,23782,15000,229047,3,2024-04-17,2,64,18
6772,2392,221,1,1179215,0,30000,1209215,4,2024-07-11,2,76,27
6773,1109,20,1,283478,14173,30000,299305,1,2025-12-08,4,58,6
6774,1101,543,2,575602,0,25000,1176204,8,2024-09-17,2,55,11
6775,1842,515,1,79707,0,15000,94707,10,2024-04-20,1,39,5
6776,1112,72,1,846915,0,25000,871915,10,2023-10-08,5,76,4
6777,2391,86,1,205165,0,0,205165,1,2026-07-08,3,53,20
6778,2139,427,4,1148346,57417,20000,4383716,6,2024-01-20,3,12,15
6779,1614,348,3,1157247,57862,0,3298155,4,2025-11-14,3,42,28
6780,1078,26,3,791327,79132,0,2136585,4,2024-07-11,1,24,11
6781,2284,482,3,465632,69844,20000,1207364,8,2024-12-31,7,9,2
6782,299,8,1,303478,0,15000,318478,4,2023-11-28,4,76,5
6783,2273,216,2,995325,0,10000,2000650,8,2025-06-16,5,7,21
6784,994,300,1,165454,0,0,165454,2,2025-12-01,3,8,28
6785,1343,149,2,1287879,64393,15000,2461972,4,2023-11-18,3,72,22
6786,956,201,4,1025325,0,20000,4121300,11,2025-07-05,5,20,15
6787,1448,41,1,1009429,100942,15000,923487,5,2023-01-19,3,50,23
6788,1551,148,3,1297879,0,10000,3903637,12,2025-03-14,1,37,11
6789,444,235,3,1189215,0,20000,3587645,8,2023-04-08,3,31,10
6790,2316,461,2,392900,0,10000,795800,6,2024-04-08,6,24,18
6791,1000,358,1,1099326,54966,25000,1069360,3,2024-05-09,4,6,25
6792,1557,475,2,445632,0,0,891264,4,2025-11-17,4,39,16
6793,883,441,1,993839,149075,0,844764,4,2024-09-14,5,21,19
6794,1726,209,2,1015325,50766,20000,1949118,6,2025-10-14,4,10,27
6795,551,219,1,995325,0,15000,1010325,6,2024-07-12,5,48,1
6796,781,106,3,1108263,0,25000,3349789,4,2023-07-26,7,53,13
6797,302,78,1,846915,0,15000,861915,8,2025-02-18,4,41,24
6798,678,465,3,382900,0,0,1148700,2,2023-02-21,1,69,16
6799,2342,343,3,1157247,0,10000,3481741,9,2023-07-30,4,76,16
6800,179,548,1,555602,0,20000,575602,11,2024-04-13,4,6,4
6801,1960,506,2,1194592,0,25000,2414184,5,2025-11-02,8,44,17
6802,997,282,1,212494,0,20000,232494,9,2025-04-14,2,31,27
6803,151,216,3,995325,49766,10000,2846677,7,2023-05-05,2,14,15
6804,211,159,1,1287879,128787,15000,1174092,12,2025-05-28,4,12,4
6805,2268,188,2,60278,3013,0,114530,6,2025-08-26,5,4,17
6806,2277,237,1,1169215,0,0,1169215,4,2023-06-12,2,70,24
6807,196,520,1,79707,0,10000,89707,7,2024-03-17,6,19,9
6808,1675,258,1,237829,0,0,237829,2,2023-12-20,5,62,27
6809,694,371,2,1079326,53966,30000,2080720,8,2024-07-25,3,31,26
6810,822,228,4,1199215,0,20000,4816860,1,2026-01-29,4,58,24
6811,665,530,1,69707,10456,30000,89251,7,2025-05-23,4,3,26
6812,561,317,5,165454,8272,0,785910,5,2024-11-30,4,64,29
6813,446,19,1,263478,13173,15000,265305,9,2025-06-26,5,69,22
6814,2214,494,2,1164592,0,0,2329184,10,2025-04-27,3,7,5
6815,1251,198,2,50278,2513,20000,115530,11,2023-09-15,3,51,8
6816,1639,221,1,1179215,0,30000,1209215,3,2025-08-25,4,60,16
6817,1864,222,1,1199215,0,30000,1229215,2,2024-12-28,5,26,27
6818,918,256,2,207829,0,20000,435658,8,2023-06-02,4,37,29
6819,565,163,5,542301,0,10000,2721505,5,2025-04-07,3,49,6
6820,1011,413,4,1243713,0,30000,5004852,12,2026-08-24,6,18,5
6821,1685,106,2,1108263,110826,25000,2019874,4,2025-02-15,3,1,25
6822,1180,95,1,235165,0,15000,250165,8,2024-01-08,4,76,7
6823,2189,319,1,135454,6772,20000,148682,7,2024-06-11,3,74,23
6824,2091,372,2,1069326,0,30000,2168652,4,2024-08-10,7,3,8
6825,2076,516,2,69707,0,25000,164414,6,2026-05-01,1,7,4
6826,1203,61,3,836915,0,30000,2540745,6,2025-02-16,5,50,5
6827,1752,289,2,202494,0,25000,429988,10,2023-12-02,3,44,9
6828,371,307,3,175454,0,20000,546362,11,2024-10-15,2,21,3
6829,411,388,5,1043936,0,25000,5244680,1,2026-02-23,5,42,29
6830,1574,459,1,392900,39290,25000,378610,9,2023-10-13,4,10,2
6831,2036,400,1,1043936,0,0,1043936,2,2026-05-05,3,20,3
6832,2004,382,4,1033936,51696,0,3928960,1,2024-06-26,3,20,4
6833,1624,345,1,1187247,59362,10000,1137885,3,2023-04-05,5,33,20
6834,464,28,1,751327,75132,10000,686195,10,2026-08-17,3,50,26
6835,2285,334,2,1167247,0,15000,2349494,7,2024-05-23,4,20,27
6836,1694,407,1,1043936,0,25000,1068936,1,2024-12-08,5,14,17
6837,443,491,1,445632,22281,25000,448351,11,2026-08-13,6,14,3
6838,1955,431,1,758998,113849,25000,670149,7,2023-08-08,3,60,9
6839,571,271,1,202494,0,0,202494,11,2025-01-01,4,9,14
6840,1827,172,1,562301,28115,0,534186,11,2023-12-24,2,23,18
6841,1942,363,1,1069326,0,30000,1099326,10,2025-11-18,4,4,17
6842,1519,405,1,1053936,0,25000,1078936,11,2023-02-16,7,73,5
6843,848,41,1,1009429,50471,15000,973958,10,2024-09-04,4,9,6
6844,779,46,1,1009429,100942,30000,938487,8,2025-08-22,3,70,27
6845,2365,504,3,1194592,0,0,3583776,8,2025-08-08,5,33,8
6846,2360,272,5,202494,0,0,1012470,12,2023-09-29,3,54,21
6847,2200,150,2,1297879,64893,10000,2475972,8,2025-05-08,1,32,19
6848,982,460,4,362900,36290,10000,1316440,6,2026-06-21,3,54,1
6849,1360,549,1,595602,0,30000,625602,11,2025-09-15,1,76,15
6850,1052,225,1,1179215,117921,25000,1086294,1,2025-09-05,2,65,21
6851,1509,196,2,70278,3513,20000,153530,6,2025-02-04,5,8,18
6852,939,306,3,135454,6772,20000,406046,2,2024-08-19,3,14,13
6853,1889,92,1,195165,0,0,195165,5,2025-06-30,2,66,24
6854,2346,515,3,79707,0,10000,249121,3,2023-11-14,4,6,23
6855,2023,151,4,1307879,0,20000,5251516,3,2023-09-20,3,53,14
6856,1281,325,1,1147247,0,0,1147247,3,2023-12-29,3,18,29
6857,881,39,4,791327,0,0,3165308,7,2026-03-11,4,69,10
6858,396,307,1,175454,0,30000,205454,6,2025-01-11,5,34,9
6859,319,144,4,1277879,0,30000,5141516,7,2026-06-30,4,72,17
6860,239,112,1,1128263,112826,10000,1025437,4,2023-04-19,2,60,2
6861,76,106,1,1108263,0,30000,1138263,5,2025-08-03,1,38,16
6862,832,327,2,1177247,0,0,2354494,2,2025-04-06,5,7,14
6863,2025,173,1,572301,57230,0,515071,8,2023-09-09,3,62,29
6864,1923,384,1,1063936,0,30000,1093936,6,2023-10-30,3,58,28
6865,625,313,1,145454,0,10000,155454,9,2024-02-04,5,69,24
6866,1401,190,5,60278,6027,30000,301255,11,2024-06-17,4,30,24
6867,2051,269,1,232494,0,20000,252494,12,2024-04-08,4,62,1
6868,1941,187,3,60278,3013,25000,196795,8,2023-04-12,1,31,24
6869,769,548,2,555602,27780,25000,1080644,6,2024-02-25,4,8,2
6870,2298,235,2,1189215,59460,30000,2289510,6,2025-07-06,3,72,10
6871,470,211,3,995325,49766,20000,2856677,11,2026-05-28,5,45,16
6872,570,533,2,575602,0,10000,1161204,10,2023-10-30,5,52,14
6873,2277,435,1,1023839,0,10000,1033839,6,2026-02-23,5,51,24
6874,2431,539,1,585602,58560,30000,557042,10,2026-08-25,3,57,10
6875,1161,445,2,993839,49691,30000,1918296,3,2023-07-02,2,60,22
6876,1381,278,4,222494,11124,15000,860480,1,2025-08-05,3,70,20
6877,794,269,4,232494,0,0,929976,3,2026-07-21,2,71,12
6878,1332,332,1,1187247,59362,20000,1147885,3,2026-05-09,4,69,1
6879,1973,7,2,303478,30347,25000,571262,9,2026-05-10,4,16,14
6880,370,103,2,1138263,0,25000,2301526,6,2023-10-20,5,29,11
6881,2466,168,3,582301,0,20000,1766903,12,2024-02-26,4,50,26
6882,74,354,2,1069326,0,15000,2153652,4,2024-12-11,5,8,12
6883,23,51,4,1039429,0,10000,4167716,2,2025-12-19,4,4,26
6884,1118,113,1,1148263,0,0,1148263,2,2025-07-15,5,7,19
6885,302,143,2,1317879,65893,30000,2533972,10,2024-04-02,4,39,24
6886,1153,463,1,352900,0,10000,362900,10,2026-08-29,3,50,25
6887,145,511,1,1194592,59729,10000,1144863,9,2024-08-05,4,52,26
6888,1046,344,2,1167247,58362,15000,2232770,1,2024-04-10,5,54,8
6889,2025,513,1,59707,2985,0,56722,3,2023-03-13,3,76,29
6890,2433,499,2,1184592,0,0,2369184,7,2025-12-06,4,19,8
6891,1375,514,2,49707,0,0,99414,11,2023-06-17,3,6,17
6892,1019,112,1,1128263,0,15000,1143263,12,2024-04-19,2,42,21
6893,744,152,1,1287879,0,10000,1297879,12,2024-02-07,4,40,10
6894,2438,247,2,237829,0,0,475658,2,2026-05-26,5,12,28
6895,2100,276,3,222494,0,30000,697482,4,2023-09-25,4,34,3
6896,1611,511,1,1194592,0,10000,1204592,9,2024-06-17,5,76,20
6897,2180,161,5,582301,58230,25000,2645355,6,2023-03-30,1,34,19
6898,973,185,2,50278,7541,20000,105474,9,2023-11-08,4,71,22
6899,1147,73,2,876915,0,20000,1773830,1,2023-03-28,8,3,6
6900,1533,117,4,1108263,55413,20000,4231400,8,2023-08-27,1,39,22
6901,918,266,5,237829,0,0,1189145,8,2024-07-09,5,28,29
6902,2318,119,1,1148263,0,0,1148263,11,2026-02-12,3,40,13
6903,656,17,1,263478,0,20000,283478,3,2026-08-06,3,67,6
6904,2379,379,1,1099326,54966,10000,1054360,11,2024-12-02,6,74,8
6905,1173,140,2,1407646,0,15000,2830292,11,2024-01-17,2,45,25
6906,1196,239,1,1189215,0,10000,1199215,8,2025-12-25,5,72,29
6907,1965,507,1,1204592,60229,15000,1159363,5,2023-03-18,2,52,5
6908,771,188,5,60278,0,15000,316390,4,2024-03-29,5,4,29
6909,34,448,2,1023839,153575,25000,1765528,9,2024-10-31,4,41,28
6910,1428,501,5,1174592,0,25000,5897960,6,2023-11-05,2,73,25
6911,1924,428,1,1138346,0,0,1138346,7,2025-10-29,5,74,11
6912,1050,447,2,1003839,0,20000,2027678,11,2025-05-21,3,18,27
6913,1855,10,1,273478,0,0,273478,6,2024-04-25,3,9,17
6914,1425,114,5,1138263,113826,15000,5137185,9,2023-04-01,4,49,25
6915,626,244,3,217829,10891,20000,640814,7,2023-06-20,3,7,1
6916,350,86,4,205165,10258,10000,789628,4,2026-04-12,5,50,10
6917,1531,193,1,70278,3513,10000,76765,8,2023-11-21,1,8,21
6918,864,127,2,1417646,70882,30000,2723528,10,2023-09-03,4,58,24
6919,208,251,1,217829,0,10000,227829,5,2025-12-15,1,74,1
6920,2188,412,1,1212030,0,20000,1232030,9,2024-11-19,1,2,12
6921,227,495,3,1194592,0,20000,3603776,1,2024-03-16,1,45,17
6922,1940,172,1,562301,0,0,562301,4,2025-11-18,4,74,7
6923,952,12,4,303478,0,0,1213912,6,2025-09-15,5,13,20
6924,1579,547,1,585602,29280,30000,586322,10,2026-03-27,5,15,28
6925,1821,393,1,1073936,0,20000,1093936,2,2023-01-20,5,37,22
6926,1072,226,4,1189215,0,30000,4786860,12,2024-01-16,2,36,3
6927,2352,344,1,1167247,58362,10000,1118885,2,2024-01-19,4,6,8
6928,1277,31,2,751327,37566,10000,1437522,7,2023-12-28,8,4,10
6929,1684,378,2,1059326,211865,10000,1704922,2,2025-03-24,2,29,23
6930,9,420,4,1065563,106556,20000,3856028,11,2026-08-02,3,11,19
6931,1082,177,5,552301,27615,10000,2633430,5,2026-05-29,2,26,11
6932,35,6,1,273478,0,10000,283478,6,2024-04-23,1,4,13
6933,1801,143,4,1317879,131787,10000,4754368,6,2024-07-05,3,60,15
6934,1161,435,2,1023839,0,30000,2077678,12,2024-02-16,3,40,22
6935,2452,530,1,69707,3485,30000,96222,10,2026-06-21,5,77,20
6936,1844,453,4,382900,19145,20000,1475020,7,2023-09-13,3,22,20
6937,2445,210,3,995325,49766,10000,2846677,8,2025-01-25,3,37,16
6938,481,359,1,1079326,107932,20000,991394,9,2024-06-25,6,53,14
6939,1254,523,2,89707,0,0,179414,9,2023-04-01,4,47,9
6940,1204,436,4,1013839,101383,10000,3659824,9,2023-06-30,7,38,20
6941,1565,89,2,225165,0,30000,480330,5,2024-10-10,5,26,27
6942,1566,483,1,455632,0,30000,485632,11,2023-07-09,2,14,10
6943,818,543,3,575602,0,25000,1751806,4,2023-01-02,3,59,15
6944,1937,234,2,1169215,58460,20000,2241510,11,2026-06-18,4,67,10
6945,83,99,2,195165,19516,10000,361298,2,2026-02-16,2,34,25
6946,422,102,5,1148263,0,15000,5756315,5,2023-09-23,2,2,22
6947,1070,278,2,222494,0,20000,464988,2,2024-07-14,5,10,18
6948,719,328,2,1147247,57362,20000,2199770,12,2023-09-10,5,46,25
6949,402,127,1,1417646,0,30000,1447646,1,2025-04-21,3,10,18
6950,888,413,4,1243713,0,10000,4984852,10,2026-04-07,4,63,19
6951,1951,486,2,455632,45563,30000,850138,7,2025-01-15,4,14,22
6952,1793,430,1,748998,0,30000,778998,5,2023-12-11,4,14,29
6953,248,420,2,1065563,0,15000,2146126,2,2023-01-15,1,31,25
6954,1667,148,1,1297879,64893,20000,1252986,3,2025-04-25,1,6,11
6955,377,462,1,372900,0,30000,402900,9,2023-06-15,5,68,1
6956,1005,271,1,202494,0,0,202494,2,2026-04-13,1,4,4
6957,210,3,1,263478,0,25000,288478,8,2025-04-11,4,6,2
6958,472,180,3,572301,0,15000,1731903,10,2025-03-07,3,47,2
6959,911,131,1,1407646,0,20000,1427646,6,2023-05-12,3,6,6
6960,2216,27,1,761327,0,30000,791327,7,2026-05-17,4,73,11
6961,2453,38,1,761327,38066,25000,748261,5,2024-08-27,5,63,26
6962,1058,216,1,995325,0,0,995325,12,2023-08-31,1,45,6
6963,1294,521,1,89707,0,10000,99707,6,2023-09-11,5,56,22
6964,1516,398,2,1073936,0,15000,2162872,1,2025-11-03,5,20,27
6965,2100,100,1,215165,0,15000,230165,2,2025-07-13,5,67,3
6966,262,169,1,552301,0,0,552301,4,2024-11-11,3,40,9
6967,1897,436,4,1013839,152075,10000,3457056,6,2024-12-17,5,40,27
6968,916,174,1,562301,56230,0,506071,8,2023-05-19,6,72,24
6969,2297,292,1,232494,0,25000,257494,11,2023-06-05,5,57,7
6970,1061,453,1,382900,0,0,382900,8,2026-01-26,3,49,29
6971,1083,274,2,192494,0,0,384988,9,2025-10-12,2,54,2
6972,2132,130,1,1407646,0,30000,1437646,12,2025-09-09,4,72,3
6973,605,208,3,995325,49766,0,2836677,2,2024-07-10,3,61,8
6974,1799,371,1,1079326,0,10000,1089326,4,2023-05-27,2,56,15
6975,809,534,1,585602,0,0,585602,1,2023-08-14,4,17,8
6976,1978,249,2,237829,0,10000,485658,8,2026-01-23,3,43,29
6977,635,354,1,1069326,0,10000,1079326,3,2025-03-09,4,55,7
6978,1057,339,3,1187247,0,25000,3586741,11,2025-07-29,2,4,23
6979,1426,527,2,89707,4485,30000,200444,2,2025-09-18,2,56,12
6980,325,131,1,1407646,0,10000,1417646,4,2023-02-22,3,54,29
6981,2212,145,1,1317879,0,15000,1332879,8,2023-01-17,5,46,9
6982,1135,487,1,445632,0,30000,475632,2,2025-12-09,2,6,22
6983,861,112,2,1128263,0,25000,2281526,4,2026-04-10,4,47,26
6984,763,237,1,1169215,0,15000,1184215,7,2025-01-31,4,23,19
6985,2077,355,1,1079326,0,30000,1109326,5,2025-04-03,5,35,16
6986,1561,51,1,1039429,0,20000,1059429,3,2026-02-10,4,8,2
6987,197,319,2,135454,0,0,270908,11,2023-01-03,4,69,13
6988,2331,224,4,1159215,115921,30000,4203176,8,2026-07-08,5,25,23
6989,463,188,1,60278,6027,0,54251,3,2024-01-25,7,6,24
6990,520,116,1,1138263,0,10000,1148263,10,2025-02-25,3,67,11
6991,2326,256,3,207829,10391,30000,622314,8,2026-01-21,2,15,28
6992,1313,130,1,1407646,0,10000,1417646,5,2023-09-01,4,12,15
6993,752,471,1,382900,19145,15000,378755,6,2025-01-18,5,73,26
6994,1473,255,3,237829,0,10000,723487,5,2024-01-07,3,57,28
6995,2339,332,1,1187247,0,15000,1202247,3,2025-01-01,5,77,29
6996,1726,109,2,1108263,110826,15000,2009874,9,2026-01-18,2,24,27
6997,506,456,1,362900,36290,10000,336610,9,2025-11-24,3,46,10
6998,613,302,3,135454,0,0,406362,8,2023-09-20,3,17,25
6999,2249,236,2,1199215,0,30000,2428430,7,2023-04-17,4,12,4
7000,2133,418,1,1105563,0,20000,1125563,6,2023-02-11,5,11,11
7001,1154,13,3,293478,14673,20000,856415,5,2026-05-12,4,18,19
7002,130,377,1,1059326,0,25000,1084326,6,2024-10-30,3,48,14
7003,936,208,2,995325,0,25000,2015650,3,2026-04-19,4,15,3
7004,2093,355,2,1079326,0,15000,2173652,12,2026-05-30,3,25,5
7005,2104,296,3,222494,22249,15000,615735,4,2026-02-10,5,67,20
7006,1902,224,1,1159215,0,25000,1184215,8,2024-08-23,5,56,7
7007,261,126,4,1427646,0,0,5710584,7,2025-06-01,5,16,2
7008,2053,428,1,1138346,0,15000,1153346,9,2024-11-05,5,61,8
7009,2280,458,5,392900,58935,30000,1699825,2,2023-04-28,3,2,6
7010,1920,402,1,1033936,51696,30000,1012240,6,2025-06-13,3,55,29
7011,674,60,4,1039429,0,25000,4182716,3,2023-04-01,3,69,8
7012,1629,335,4,1167247,0,30000,4698988,12,2024-11-13,6,8,23
7013,970,526,1,49707,0,15000,64707,1,2024-12-18,3,26,4
7014,1199,25,3,771327,0,0,2313981,1,2023-11-07,4,29,15
7015,2270,513,3,59707,0,30000,209121,11,2023-03-30,3,24,14
7016,1270,531,2,59707,0,20000,139414,7,2024-04-22,6,31,14
7017,2410,337,2,1177247,0,25000,2379494,8,2025-10-24,4,25,26
7018,1395,300,4,165454,16545,15000,610636,1,2025-03-24,3,11,12
7019,135,274,4,192494,0,0,769976,11,2023-06-22,3,32,8
7020,2123,510,1,1184592,0,20000,1204592,1,2024-12-27,1,18,20
7021,830,20,1,283478,14173,30000,299305,11,2024-10-07,4,37,21
7022,988,274,1,192494,28874,25000,188620,12,2023-03-23,5,73,6
7023,1055,4,1,303478,30347,20000,293131,10,2025-01-16,3,46,13
7024,785,324,1,135454,0,15000,150454,4,2023-02-10,6,7,11
7025,2130,96,1,205165,0,0,205165,11,2024-10-10,6,54,11
7026,29,27,2,761327,0,25000,1547654,8,2024-07-18,4,45,25
7027,2243,408,4,1063936,0,20000,4275744,7,2024-10-21,4,36,25
7028,124,434,1,983839,49191,15000,949648,8,2024-02-07,1,70,3
7029,791,399,1,1033936,0,25000,1058936,2,2025-06-18,3,58,15
7030,1054,341,1,1157247,57862,25000,1124385,10,2025-07-27,5,16,16
7031,1718,388,1,1043936,0,30000,1073936,8,2023-06-18,3,38,16
7032,761,76,2,856915,0,15000,1728830,6,2023-12-31,2,1,2
7033,1802,48,4,1029429,102942,0,3705948,1,2026-03-14,4,20,26
7034,162,160,2,1297879,0,15000,2610758,6,2026-07-31,4,6,27
7035,1650,85,2,225165,0,0,450330,9,2026-06-06,2,54,19
7036,2248,122,3,1427646,0,10000,4292938,5,2023-12-22,4,6,20
7037,1897,525,3,69707,6970,30000,218211,4,2023-04-23,4,10,27
7038,699,265,3,247829,0,0,743487,11,2024-03-19,4,23,9
7039,1414,100,1,215165,0,30000,245165,6,2023-09-20,7,28,16
7040,751,113,1,1148263,57413,25000,1115850,10,2024-09-03,4,14,5
7041,2180,240,1,1169215,0,0,1169215,6,2023-05-26,5,20,19
7042,84,208,1,995325,0,25000,1020325,5,2025-07-15,4,8,5
7043,862,523,2,89707,4485,15000,185444,5,2024-09-07,3,5,7
7044,1483,326,2,1177247,0,15000,2369494,7,2024-11-12,3,37,24
7045,1496,25,1,771327,0,0,771327,4,2025-03-12,5,35,2
7046,403,446,1,993839,0,15000,1008839,6,2023-08-09,4,63,20
7047,902,68,5,856915,128537,0,3641890,1,2024-11-19,4,21,19
7048,531,240,4,1169215,0,10000,4686860,7,2025-04-01,2,11,11
7049,998,21,1,751327,0,20000,771327,7,2026-04-30,4,38,10
7050,849,327,2,1177247,0,0,2354494,12,2025-07-01,5,13,1
7051,1083,313,1,145454,0,20000,165454,8,2025-08-30,1,21,2
7052,97,303,1,155454,7772,10000,157682,2,2024-05-08,4,76,27
7053,1890,524,2,69707,0,25000,164414,5,2026-05-01,4,25,25
7054,381,481,1,425632,0,0,425632,1,2024-07-18,2,22,27
7055,329,221,1,1179215,0,10000,1189215,10,2026-05-13,4,68,24
7056,246,528,3,49707,0,15000,164121,7,2023-06-09,5,41,6
7057,1246,542,2,595602,59560,15000,1087084,5,2023-10-04,2,28,6
7058,1256,44,1,1029429,0,10000,1039429,11,2023-04-29,3,19,23
7059,1519,394,2,1033936,0,0,2067872,3,2026-02-28,2,37,5
7060,1506,291,1,202494,10124,25000,217370,9,2023-07-30,1,41,25
7061,471,168,5,582301,0,25000,2936505,3,2023-01-13,4,13,5
7062,1682,200,1,60278,0,0,60278,6,2023-05-20,5,33,29
7063,2147,245,2,247829,0,10000,505658,11,2023-09-04,4,28,8
7064,1713,219,5,995325,49766,30000,4757795,12,2026-07-08,3,12,9
7065,1949,223,1,1179215,58960,30000,1150255,2,2026-03-09,1,6,3
7066,1207,515,2,79707,0,30000,189414,8,2026-06-24,3,71,13
7067,2066,421,1,530089,79513,0,450576,7,2024-11-18,4,16,8
7068,1265,54,1,1009429,0,0,1009429,4,2026-01-05,3,28,20
7069,241,126,1,1427646,0,10000,1437646,4,2024-07-14,5,77,7
7070,903,487,1,445632,0,20000,465632,9,2024-03-03,7,38,18
7071,2183,516,3,69707,0,25000,234121,5,2024-06-20,6,35,24
7072,1393,206,1,1035325,0,15000,1050325,8,2025-12-14,5,48,24
7073,439,428,1,1138346,56917,30000,1111429,7,2026-06-23,1,39,19
7074,221,118,3,1138263,0,25000,3439789,4,2023-02-07,1,63,13
7075,2328,275,1,222494,0,20000,242494,7,2023-04-13,2,31,12
7076,1386,480,1,465632,23281,0,442351,5,2023-05-19,3,29,5
7077,1341,111,5,1138263,113826,15000,5137185,4,2024-12-17,5,3,3
7078,1574,290,2,222494,0,25000,469988,11,2023-07-27,5,56,2
7079,667,317,2,165454,8272,30000,344364,1,2025-06-19,4,11,26
7080,703,461,2,392900,0,10000,795800,10,2024-09-25,5,64,4
7081,605,520,2,79707,0,20000,179414,10,2024-09-29,3,5,8
7082,1687,246,3,207829,20782,15000,576141,5,2024-07-10,2,35,13
7083,1915,441,4,993839,49691,20000,3796592,2,2026-06-15,4,41,15
7084,1581,47,1,1029429,0,0,1029429,2,2025-06-22,5,23,18
7085,86,23,1,751327,0,0,751327,9,2026-01-30,7,11,12
7086,63,519,5,59707,2985,30000,313610,4,2023-03-16,5,28,9
7087,901,410,1,1182030,0,20000,1202030,9,2024-10-01,1,16,2
7088,1665,189,2,90278,4513,15000,186530,12,2026-08-09,5,43,2
7089,1893,490,1,455632,22781,25000,457851,12,2025-05-20,5,48,11
7090,1100,308,1,145454,0,15000,160454,1,2025-07-09,5,70,3
7091,834,407,1,1043936,0,30000,1073936,3,2024-03-28,4,22,21
7092,785,372,1,1069326,53466,25000,1040860,3,2025-08-11,4,66,11
7093,2062,455,1,382900,38290,25000,369610,4,2026-06-17,5,62,29
7094,1695,387,1,1033936,155090,15000,893846,6,2024-09-12,4,41,4
7095,1993,185,2,50278,0,25000,125556,2,2024-03-06,2,28,13
7096,3,252,2,217829,21782,0,392094,4,2024-09-16,4,63,15
7097,325,351,4,1157247,57862,0,4397540,9,2025-08-02,2,7,29
7098,1107,46,1,1009429,0,25000,1034429,1,2025-02-23,4,64,10
7099,782,234,4,1169215,0,15000,4691860,8,2024-02-09,1,39,23
7100,1729,114,1,1138263,56913,15000,1096350,10,2023-06-30,2,26,19
7101,796,234,3,1169215,0,20000,3527645,8,2026-06-09,3,33,6
7102,1516,166,1,542301,27115,15000,530186,8,2024-08-23,2,58,27
7103,126,267,4,217829,0,15000,886316,4,2024-01-09,7,3,1
7104,1515,105,2,1108263,55413,25000,2130700,8,2024-04-05,4,15,4
7105,1435,30,1,761327,38066,15000,738261,7,2024-05-07,2,51,8
7106,2118,74,2,836915,0,10000,1683830,1,2024-12-26,5,50,14
7107,1860,185,4,50278,5027,10000,191004,7,2025-06-04,3,71,21
7108,1831,551,2,555602,0,15000,1126204,9,2024-11-27,4,46,25
7109,2246,51,2,1039429,51971,0,1974916,11,2023-01-16,1,60,20
7110,1702,335,3,1167247,0,25000,3526741,12,2023-11-07,6,33,5
7111,327,333,2,1187247,59362,15000,2270770,2,2025-03-20,2,3,28
7112,337,3,1,263478,26347,30000,267131,7,2024-12-24,4,57,1
7113,2138,142,1,1317879,65893,15000,1266986,10,2024-05-17,6,77,2
7114,863,216,3,995325,0,25000,3010975,4,2026-06-01,4,16,4
7115,731,251,4,217829,0,30000,901316,2,2024-12-29,1,55,3
7116,1451,148,3,1297879,0,10000,3903637,5,2025-04-20,1,49,24
7117,1865,300,4,165454,0,20000,681816,11,2024-11-26,5,66,28
7118,1619,191,1,60278,0,30000,90278,5,2024-09-14,5,26,26
7119,1782,15,1,283478,0,0,283478,7,2024-11-10,6,24,25
7120,2349,341,3,1157247,0,10000,3481741,1,2024-12-22,5,36,14
7121,806,9,1,293478,14673,10000,288805,1,2026-06-06,3,4,29
7122,1251,422,1,550089,0,15000,565089,5,2026-04-29,2,41,8
7123,1509,218,1,1025325,0,30000,1055325,11,2025-07-24,1,59,18
7124,1753,17,1,263478,13173,25000,275305,9,2024-07-06,1,25,14
7125,759,263,1,217829,10891,10000,216938,8,2023-07-10,5,20,3
7126,2403,372,1,1069326,0,0,1069326,3,2023-12-24,3,30,4
7127,1060,454,2,382900,0,15000,780800,9,2023-07-22,4,34,27
7128,774,133,4,1397646,209646,25000,4777000,6,2023-08-30,4,50,16
7129,2500,16,4,273478,13673,30000,1069220,3,2026-04-27,3,7,5
7130,2181,199,1,80278,4013,20000,96265,8,2023-11-11,5,43,27
7131,1772,484,1,425632,0,15000,440632,9,2025-02-19,4,35,4
7132,1910,103,3,1138263,56913,25000,3269050,9,2023-09-13,5,42,3
7133,2449,8,1,303478,15173,0,288305,3,2023-06-15,3,4,11
7134,1347,34,5,771327,0,20000,3876635,1,2024-03-10,4,56,29
7135,2160,279,1,222494,11124,15000,226370,4,2025-08-26,1,47,4
7136,2418,172,4,562301,56230,30000,2054284,11,2025-12-23,1,49,1
7137,2291,154,1,1307879,0,25000,1332879,5,2026-05-06,1,41,7
7138,1801,391,1,1063936,159590,20000,924346,10,2023-03-04,3,76,15
7139,434,356,2,1099326,54966,0,2088720,8,2026-01-11,4,62,8
7140,1008,293,1,192494,0,25000,217494,1,2024-07-06,4,22,20
7141,1700,226,4,1189215,0,10000,4766860,9,2023-02-06,2,55,14
7142,1086,89,1,225165,0,0,225165,12,2024-02-04,2,54,26
7143,1279,98,2,195165,0,15000,405330,6,2025-09-09,3,2,14
7144,273,251,5,217829,10891,15000,1049690,9,2025-08-10,5,36,20
7145,2272,388,1,1043936,0,15000,1058936,5,2025-01-09,5,29,16
7146,2089,223,2,1179215,0,30000,2388430,5,2026-02-02,5,37,28
7147,2237,70,3,876915,131537,30000,2266134,6,2026-03-02,4,67,15
7148,581,219,2,995325,49766,20000,1911118,10,2023-08-19,2,60,10
7149,1580,28,1,751327,75132,30000,706195,8,2026-05-12,1,68,20
7150,1190,37,1,791327,0,30000,821327,7,2023-03-09,5,26,27
7151,731,341,5,1157247,0,30000,5816235,8,2023-07-30,5,55,3
7152,2175,213,2,1025325,102532,30000,1875586,4,2026-05-07,2,74,1
7153,2266,370,3,1069326,0,25000,3232978,3,2023-02-08,3,36,12
7154,492,152,3,1287879,0,20000,3883637,6,2023-03-29,2,38,20
7155,359,135,1,1397646,69882,0,1327764,8,2023-11-02,3,7,9
7156,1065,274,2,192494,0,0,384988,9,2024-01-06,7,16,4
7157,2114,120,2,1108263,55413,15000,2120700,11,2024-08-27,4,47,1
7158,193,531,1,59707,5970,25000,78737,6,2023-01-24,3,18,3
7159,1002,341,5,1157247,0,0,5786235,4,2026-03-17,4,58,29
7160,219,542,3,595602,0,10000,1796806,5,2023-11-03,3,50,23
7161,1137,260,2,247829,24782,10000,456094,5,2024-10-03,5,38,25
7162,2101,42,1,999429,0,0,999429,3,2025-03-19,4,53,22
7163,1795,139,3,1397646,69882,0,3983292,9,2026-08-17,2,2,5
7164,2145,120,1,1108263,0,25000,1133263,1,2024-04-26,6,59,13
7165,2155,148,1,1297879,0,15000,1312879,5,2026-07-13,4,13,17
7166,484,408,3,1063936,0,25000,3216808,5,2023-05-30,5,76,1
7167,2235,481,5,425632,0,25000,2153160,5,2024-07-28,3,74,1
7168,1321,266,1,237829,0,0,237829,11,2025-02-16,5,65,13
7169,2004,249,1,237829,0,15000,252829,4,2023-02-18,4,36,4
7170,1164,144,2,1277879,191681,0,2172396,9,2025-12-17,7,75,6
7171,2152,232,3,1179215,0,25000,3562645,1,2025-10-13,1,60,23
7172,1847,35,1,771327,0,10000,781327,9,2023-08-22,5,5,13
7173,917,250,3,237829,11891,25000,702814,2,2023-08-23,1,12,26
7174,447,306,2,135454,0,20000,290908,4,2026-03-08,4,45,25
7175,2037,73,2,876915,43845,25000,1691140,6,2025-05-19,5,44,11
7176,2252,188,1,60278,0,20000,80278,9,2025-04-13,4,70,12
7177,108,204,2,995325,0,10000,2000650,10,2024-09-03,4,49,19
7178,625,201,2,1025325,51266,20000,1968118,10,2025-02-11,3,46,24
7179,2213,209,1,1015325,0,30000,1045325,8,2024-03-24,4,37,21
7180,1342,459,2,392900,39290,20000,727220,1,2023-03-16,5,19,29
7181,2222,383,1,1063936,0,25000,1088936,9,2026-02-19,5,3,21
7182,521,262,3,237829,0,15000,728487,3,2023-03-24,1,44,25
7183,32,261,3,247829,0,25000,768487,2,2026-02-19,3,15,13
7184,1483,374,2,1059326,52966,30000,2042720,12,2023-01-07,5,67,24
7185,2192,265,1,247829,37174,15000,225655,11,2025-09-06,3,68,15
7186,1661,221,1,1179215,0,20000,1199215,10,2025-11-19,2,18,23
7187,1449,503,3,1204592,0,15000,3628776,4,2025-05-11,3,66,2
7188,1811,456,3,362900,18145,10000,1044265,10,2023-04-20,1,43,1
7189,1259,462,2,372900,37290,30000,701220,5,2023-04-02,5,40,2
7190,403,354,3,1069326,53466,25000,3072580,9,2026-08-23,4,42,20
7191,592,447,5,1003839,50191,10000,4778240,3,2024-02-06,3,72,6
7192,380,440,2,1013839,50691,15000,1941296,3,2025-08-21,6,33,17
7193,2279,495,2,1194592,119459,10000,2160266,9,2026-05-09,3,37,1
7194,262,105,3,1108263,0,25000,3349789,2,2025-02-24,3,25,9
7195,546,29,1,751327,0,30000,781327,12,2023-01-12,5,62,18
7196,108,374,1,1059326,0,15000,1074326,6,2023-10-02,5,64,19
7197,581,118,1,1138263,56913,15000,1096350,2,2025-01-19,5,7,10
7198,1745,286,1,222494,22249,10000,210245,7,2025-05-15,3,5,27
7199,1597,17,1,263478,0,10000,273478,3,2025-08-17,1,20,17
7200,1413,552,2,585602,0,30000,1201204,9,2024-01-11,2,36,1
7201,1542,294,2,222494,11124,25000,447740,5,2023-09-11,4,62,15
7202,1051,30,1,761327,0,20000,781327,2,2026-07-23,3,30,19
7203,282,5,1,273478,27347,30000,276131,10,2023-02-09,1,33,4
7204,685,195,4,60278,0,0,241112,11,2026-05-18,5,55,12
7205,1989,267,1,217829,21782,10000,206047,11,2025-07-30,1,28,21
7206,385,106,1,1108263,0,10000,1118263,3,2024-07-02,5,73,28
7207,1363,359,2,1079326,0,10000,2168652,9,2024-05-26,5,51,27
7208,1982,67,1,836915,41845,15000,810070,3,2026-01-29,5,35,9
7209,794,119,1,1148263,57413,30000,1120850,6,2025-11-01,1,44,12
7210,2117,192,4,60278,9041,10000,214948,8,2026-05-25,4,46,20
7211,613,198,3,50278,0,20000,170834,6,2024-01-06,3,11,25
7212,504,146,1,1317879,65893,30000,1281986,1,2024-10-09,3,54,19
7213,1459,527,1,89707,0,15000,104707,6,2025-09-19,3,69,20
7214,1198,116,2,1138263,0,0,2276526,7,2023-04-15,2,65,7
7215,6,187,3,60278,0,10000,190834,6,2026-02-17,3,35,4
7216,1474,52,1,1019429,0,15000,1034429,7,2023-12-16,3,17,25
7217,1117,506,1,1194592,0,25000,1219592,1,2023-02-16,4,66,28
7218,1051,311,2,165454,24818,15000,296272,4,2023-04-02,2,31,19
7219,1544,403,1,1043936,0,15000,1058936,3,2023-04-21,3,30,2
7220,2357,138,1,1437646,0,10000,1447646,6,2025-05-08,1,2,25
7221,1445,549,1,595602,29780,20000,585822,9,2024-01-10,5,25,7
7222,1371,237,1,1169215,0,0,1169215,7,2023-03-05,4,55,15
7223,480,548,5,555602,0,30000,2808010,7,2025-10-30,4,36,28
7224,1778,321,2,175454,0,15000,365908,4,2025-06-03,2,67,29
7225,1976,103,4,1138263,0,30000,4583052,3,2025-01-16,2,63,3
7226,482,103,2,1138263,0,15000,2291526,8,2023-01-12,3,27,27
7227,951,192,1,60278,0,0,60278,10,2026-05-07,5,23,19
7228,1947,98,4,195165,19516,30000,732596,11,2023-11-19,4,2,13
7229,492,13,1,293478,0,30000,323478,9,2024-04-05,4,5,20
7230,2166,151,1,1307879,0,10000,1317879,8,2026-04-27,4,64,27
7231,900,79,1,836915,0,20000,856915,5,2024-11-18,5,32,23
7232,339,374,2,1059326,0,0,2118652,5,2024-03-28,3,33,20
7233,1386,12,2,303478,0,10000,616956,8,2024-08-08,5,67,5
7234,2125,233,1,1179215,0,20000,1199215,6,2025-10-18,3,64,18
7235,2098,196,1,70278,0,25000,95278,3,2025-01-23,4,72,4
7236,1627,413,4,1243713,0,0,4974852,11,2026-05-24,5,30,22
7237,72,493,3,1174592,0,0,3523776,3,2023-01-17,4,51,7
7238,1012,344,3,1167247,0,25000,3526741,9,2024-12-05,2,14,14
7239,2227,419,3,1085563,0,10000,3266689,5,2023-02-27,4,30,14
7240,324,271,1,202494,0,30000,232494,10,2023-12-24,3,40,4
7241,18,508,2,1174592,117459,30000,2144266,8,2023-08-26,6,56,24
7242,2155,493,2,1174592,0,25000,2374184,1,2026-04-23,3,76,17
7243,838,376,1,1099326,0,20000,1119326,3,2026-06-23,6,28,5
7244,1903,481,1,425632,42563,10000,393069,4,2023-06-20,5,5,17
7245,1760,441,2,993839,0,20000,2007678,1,2026-06-26,7,32,15
7246,1449,127,1,1417646,70882,10000,1356764,4,2023-08-18,2,4,2
7247,2485,406,1,1073936,0,15000,1088936,11,2024-12-29,1,4,18
7248,1361,95,3,235165,0,25000,730495,1,2024-05-20,5,38,15
7249,78,111,2,1138263,170739,10000,1945048,3,2023-02-06,2,70,16
7250,595,16,1,273478,0,15000,288478,3,2024-05-12,3,36,23
7251,2170,71,2,846915,0,10000,1703830,2,2024-10-14,4,19,19
7252,683,132,2,1417646,0,20000,2855292,8,2024-08-18,2,31,3
7253,1626,421,1,530089,0,25000,555089,10,2024-05-14,5,36,18
7254,1298,171,5,552301,27615,25000,2648430,11,2024-06-05,4,42,18
7255,277,225,1,1179215,58960,0,1120255,6,2024-08-21,3,60,27
7256,1389,236,2,1199215,59960,30000,2308510,11,2026-05-04,7,47,11
7257,518,112,2,1128263,0,15000,2271526,8,2026-05-22,7,31,25
7258,1500,196,1,70278,0,10000,80278,6,2025-02-20,3,19,22
7259,981,327,3,1177247,117724,0,3178569,1,2023-01-03,2,46,20
7260,1252,241,2,227829,0,10000,465658,3,2026-07-12,5,21,24
7261,1371,434,3,983839,0,0,2951517,2,2025-01-26,2,38,15
7262,1255,496,2,1164592,0,20000,2349184,4,2024-11-29,7,60,15
7263,2083,145,2,1317879,0,10000,2645758,10,2024-06-17,2,72,22
7264,399,516,2,69707,0,25000,164414,7,2025-04-19,5,26,23
7265,2457,76,1,856915,42845,20000,834070,12,2024-12-21,1,25,23
7266,596,264,3,237829,0,10000,723487,5,2023-07-19,4,8,8
7267,2386,100,2,215165,0,0,430330,8,2026-06-24,3,14,3
7268,325,94,3,235165,0,15000,720495,3,2023-02-17,1,35,29
7269,250,425,1,1148346,0,15000,1163346,9,2026-01-19,5,71,24
7270,798,214,2,1035325,0,30000,2100650,3,2025-05-22,1,56,22
7271,893,474,4,425632,0,20000,1722528,5,2025-11-16,2,73,9
7272,786,550,2,575602,0,0,1151204,7,2024-11-12,6,12,11
7273,1439,41,3,1009429,100942,15000,2740461,6,2023-06-24,3,49,7
7274,387,199,2,80278,8027,0,144502,8,2025-03-21,1,51,10
7275,1077,466,1,362900,0,30000,392900,2,2026-07-18,2,68,27
7276,145,411,1,1192030,0,15000,1207030,1,2024-06-17,3,7,26
7277,412,71,2,846915,42345,15000,1624140,3,2025-11-17,1,4,6
7278,1997,184,1,80278,0,15000,95278,9,2025-07-13,3,35,28
7279,937,250,1,237829,11891,20000,245938,12,2026-06-10,3,36,17
7280,929,236,1,1199215,119921,30000,1109294,4,2025-04-06,8,4,7
7281,2148,304,1,145454,0,30000,175454,3,2023-05-28,2,72,25
7282,908,116,1,1138263,0,15000,1153263,4,2024-07-03,2,5,22
7283,1530,184,3,80278,4013,20000,248795,4,2024-05-05,2,74,1
7284,41,385,5,1073936,0,25000,5394680,3,2023-02-08,7,42,6
7285,1179,264,1,237829,0,10000,247829,2,2023-12-13,4,12,10
7286,768,464,4,372900,0,15000,1506600,8,2024-03-01,2,56,13
7287,1865,489,1,465632,0,15000,480632,3,2026-03-30,2,4,28
7288,2348,492,3,455632,0,30000,1396896,6,2024-11-03,5,41,16
7289,664,488,2,445632,0,15000,906264,7,2024-09-14,4,30,22
7290,37,519,5,59707,8956,10000,263755,9,2026-07-13,2,16,4
7291,2345,334,1,1167247,116724,20000,1070523,11,2024-12-30,5,67,27
7292,2329,476,1,455632,0,15000,470632,12,2025-09-10,4,18,24
7293,1850,507,3,1204592,0,15000,3628776,7,2026-08-13,5,26,17
7294,2277,354,2,1069326,0,10000,2148652,10,2024-12-11,1,72,24
7295,1438,397,1,1043936,104393,20000,959543,2,2024-11-09,4,64,23
7296,574,176,1,542301,0,0,542301,11,2025-12-26,3,13,4
7297,1607,341,3,1157247,173587,0,2950980,10,2026-04-18,3,15,2
7298,618,200,1,60278,0,15000,75278,4,2025-08-14,2,45,25
7299,2127,103,1,1138263,0,10000,1148263,9,2024-09-14,3,75,15
7300,232,18,5,293478,14673,25000,1419025,10,2024-01-02,2,31,1
7301,1846,299,4,155454,7772,0,590728,5,2024-12-07,4,53,16
7302,1405,47,4,1029429,0,30000,4147716,6,2026-04-27,3,65,22
7303,1047,428,1,1138346,0,0,1138346,8,2023-04-22,1,19,26
7304,2189,267,1,217829,0,25000,242829,11,2025-10-28,4,7,23
7305,1536,392,1,1063936,0,20000,1083936,10,2024-02-01,5,65,22
7306,16,505,3,1204592,240918,25000,2916022,5,2025-05-14,5,4,25
7307,449,32,1,781327,39066,30000,772261,6,2024-04-09,2,2,4
7308,1475,535,1,555602,0,20000,575602,3,2025-11-04,5,56,26
7309,1702,398,2,1073936,0,25000,2172872,8,2026-04-15,5,35,5
7310,754,335,2,1167247,58362,25000,2242770,7,2025-02-10,2,42,21
7311,1124,61,1,836915,0,10000,846915,2,2025-12-19,3,22,11
7312,1183,13,1,293478,0,15000,308478,2,2023-04-27,2,7,16
7313,946,96,3,205165,10258,10000,594721,3,2023-02-27,4,8,24
7314,138,45,1,1019429,50971,20000,988458,6,2024-06-17,2,65,14
7315,2446,23,5,751327,37566,0,3568805,10,2025-05-01,2,28,18
7316,357,251,3,217829,0,25000,678487,5,2023-09-01,4,71,12
7317,147,524,5,69707,0,20000,368535,2,2024-04-29,1,20,22
7318,2037,499,1,1184592,59229,0,1125363,3,2025-05-31,3,67,11
7319,1061,548,2,555602,0,15000,1126204,7,2024-01-03,3,69,29
7320,242,275,3,222494,0,25000,692482,8,2024-01-12,1,36,28
7321,2088,10,2,273478,0,30000,576956,10,2026-05-05,3,48,12
7322,1036,481,2,425632,21281,30000,838702,6,2024-04-04,4,10,9
7323,2496,448,1,1023839,0,0,1023839,2,2024-03-16,2,4,17
7324,52,231,5,1199215,59960,20000,5716275,8,2025-09-22,2,15,29
7325,525,308,1,145454,0,25000,170454,9,2023-10-28,5,34,19
7326,2293,301,2,175454,8772,25000,358364,6,2023-06-24,5,1,23
7327,2186,376,1,1099326,54966,20000,1064360,8,2023-10-26,4,57,8
7328,1440,209,2,1015325,50766,30000,1959118,12,2024-03-20,3,77,29
7329,261,455,2,382900,0,20000,785800,8,2025-04-30,7,45,2
7330,317,90,1,235165,0,15000,250165,4,2026-03-15,5,41,28
7331,1704,490,3,455632,0,0,1366896,8,2023-08-06,2,60,21
7332,1716,378,2,1059326,105932,30000,1936788,6,2024-11-11,4,76,2
7333,1642,492,2,455632,0,25000,936264,11,2024-07-15,5,44,12
7334,711,109,2,1108263,110826,20000,2014874,6,2024-01-16,5,72,9
7335,1915,89,2,225165,0,20000,470330,8,2023-04-20,3,7,15
7336,637,285,1,212494,0,30000,242494,7,2023-03-23,5,49,9
7337,102,369,1,1079326,0,20000,1099326,11,2025-11-02,2,76,2
7338,2111,455,3,382900,19145,0,1091265,7,2024-08-15,6,66,17
7339,920,75,1,876915,0,30000,906915,1,2024-11-30,5,24,27
7340,1934,439,1,1013839,101383,0,912456,8,2024-04-21,3,9,25
7341,1592,291,1,202494,0,10000,212494,10,2024-04-24,3,63,18
7342,2210,369,1,1079326,53966,20000,1045360,3,2026-04-21,1,44,5
7343,2468,325,2,1147247,0,10000,2304494,4,2024-12-10,1,15,2
7344,717,383,1,1063936,0,15000,1078936,9,2024-07-03,1,28,17
7345,835,249,2,237829,0,30000,505658,9,2025-08-24,5,54,15
7346,1768,70,2,876915,0,15000,1768830,5,2023-02-14,4,66,8
7347,1279,214,2,1035325,0,30000,2100650,12,2025-09-08,8,8,14
7348,2477,110,1,1108263,55413,15000,1067850,5,2025-10-31,3,24,2
7349,2306,291,5,202494,0,20000,1032470,5,2024-09-17,3,28,28
7350,1909,114,1,1138263,0,20000,1158263,11,2023-03-28,3,14,14
7351,1889,282,2,212494,10624,30000,433740,3,2025-01-18,3,28,24
7352,1606,85,2,225165,22516,20000,425298,8,2025-06-08,1,2,5
7353,1827,266,2,237829,0,15000,490658,9,2023-12-10,4,50,18
7354,403,107,1,1138263,0,20000,1158263,12,2023-05-27,4,71,20
7355,497,262,2,237829,11891,10000,461876,7,2026-06-15,5,11,16
7356,705,257,3,217829,0,0,653487,1,2026-07-02,5,20,20
7357,2060,359,1,1079326,0,25000,1104326,2,2026-03-30,5,59,4
7358,1660,489,5,465632,0,0,2328160,10,2023-12-26,4,27,21
7359,176,260,1,247829,0,0,247829,6,2024-08-04,4,55,1
7360,594,425,3,1148346,0,15000,3460038,3,2023-05-04,1,4,1
7361,1578,208,1,995325,49766,30000,975559,9,2026-06-20,7,49,20
7362,2262,462,1,372900,0,10000,382900,7,2024-06-03,4,5,4
7363,2364,527,1,89707,13456,0,76251,1,2023-01-05,4,9,27
7364,825,41,1,1009429,0,10000,1019429,6,2024-05-11,3,12,6
7365,2291,83,2,225165,0,25000,475330,1,2023-05-02,8,16,7
7366,1256,24,1,791327,39566,10000,761761,11,2024-12-08,3,42,23
7367,1531,104,2,1118263,0,10000,2246526,9,2026-04-24,4,73,21
7368,1204,461,1,392900,0,25000,417900,6,2024-12-15,3,67,20
7369,915,108,2,1128263,0,10000,2266526,12,2025-02-25,3,75,16
7370,1666,185,2,50278,0,25000,125556,4,2023-05-02,5,74,24
7371,2401,267,4,217829,43565,25000,722056,8,2023-09-30,4,54,19
7372,284,122,2,1427646,0,10000,2865292,1,2024-10-20,5,3,20
7373,771,121,2,1427646,71382,30000,2742528,7,2025-10-17,3,62,29
7374,1656,470,1,382900,0,25000,407900,2,2025-09-28,6,60,24
7375,117,297,2,155454,0,30000,340908,1,2023-05-29,5,51,21
7376,2069,409,2,1172030,117203,30000,2139654,4,2023-09-26,4,11,5
7377,1576,83,2,225165,0,15000,465330,11,2025-09-07,3,67,9
7378,529,313,4,145454,0,15000,596816,7,2025-11-19,5,36,8
7379,1634,303,3,155454,7772,25000,468046,6,2023-09-28,3,77,23
7380,1425,117,2,1108263,110826,0,1994874,5,2023-08-11,2,66,25
7381,1802,76,4,856915,42845,15000,3271280,5,2026-06-23,6,49,26
7382,1012,19,2,263478,0,30000,556956,4,2024-01-04,5,64,14
7383,2272,197,1,80278,8027,20000,92251,3,2023-08-21,3,53,16
7384,1473,254,1,247829,0,30000,277829,1,2025-10-27,5,13,28
7385,779,411,1,1192030,59601,15000,1147429,7,2024-07-14,5,73,27
7386,664,281,2,212494,21249,20000,402490,12,2023-01-25,6,36,22
7387,1455,48,1,1029429,102942,0,926487,10,2026-07-08,5,30,28
7388,512,267,1,217829,0,10000,227829,3,2024-05-26,5,33,5
7389,2166,48,1,1029429,0,25000,1054429,7,2025-12-11,4,30,27
7390,1245,147,2,1297879,64893,0,2465972,7,2023-07-10,3,20,7
7391,613,310,1,145454,0,30000,175454,6,2023-08-17,4,60,25
7392,769,155,1,1317879,0,30000,1347879,2,2026-08-16,2,42,2
7393,1061,191,2,60278,3013,25000,139530,6,2026-04-26,4,64,29
7394,2407,525,3,69707,0,30000,239121,1,2023-09-19,5,63,5
7395,2122,505,3,1204592,0,25000,3638776,6,2023-08-10,5,18,2
7396,1329,67,2,836915,0,10000,1683830,10,2026-02-04,8,3,18
7397,1902,117,1,1108263,0,25000,1133263,10,2026-02-27,4,41,7
7398,779,264,1,237829,35674,15000,217155,11,2025-11-23,4,23,27
7399,1908,94,1,235165,11758,0,223407,9,2025-09-18,4,32,18
7400,1584,79,1,836915,41845,15000,810070,9,2023-10-22,3,62,29
7401,1252,408,2,1063936,106393,20000,1935086,12,2026-06-24,4,66,24
7402,1005,273,1,202494,0,30000,232494,1,2025-03-20,4,60,4
7403,1236,433,3,1023839,0,10000,3081517,4,2023-04-11,2,47,21
7404,1167,508,1,1174592,58729,30000,1145863,4,2026-04-09,3,40,17
7405,450,49,2,1009429,50471,30000,1947916,12,2023-03-06,3,34,5
7406,2341,13,5,293478,29347,30000,1350655,1,2025-06-27,2,57,19
7407,819,280,2,232494,0,30000,494988,1,2024-07-10,6,23,29
7408,2097,54,5,1009429,50471,15000,4809790,10,2026-03-02,5,5,9
7409,724,67,2,836915,41845,0,1590140,7,2024-08-09,5,26,19
7410,2015,509,1,1194592,179188,25000,1040404,10,2024-12-15,4,14,16
7411,2077,249,1,237829,11891,15000,240938,7,2026-08-19,3,77,16
7412,2480,136,1,1397646,0,0,1397646,10,2024-04-04,6,74,24
7413,2129,530,3,69707,0,15000,224121,11,2024-11-26,2,57,2
7414,2181,69,3,876915,0,25000,2655745,1,2026-08-24,2,4,27
7415,1473,247,5,237829,11891,0,1129690,5,2025-09-06,7,22,28
7416,1934,411,2,1192030,0,30000,2414060,3,2023-11-30,2,51,25
7417,1124,228,1,1199215,0,20000,1219215,9,2024-07-15,4,44,11
7418,1983,262,2,237829,0,20000,495658,3,2025-01-01,8,63,29
7419,1835,212,1,1035325,0,10000,1045325,1,2025-07-27,6,31,21
7420,1734,369,1,1079326,53966,15000,1040360,2,2023-07-30,3,64,20
7421,2364,137,2,1397646,69882,0,2655528,11,2024-03-25,4,60,27
7422,2089,468,1,392900,19645,15000,388255,3,2023-06-25,5,28,28
7423,2114,125,1,1397646,0,30000,1427646,8,2023-09-04,6,32,1
7424,410,453,1,382900,19145,30000,393755,3,2023-07-18,4,52,15
7425,67,275,5,222494,11124,25000,1081850,8,2025-09-10,6,54,6
7426,1212,530,4,69707,6970,15000,265948,12,2024-03-10,3,17,28
7427,853,55,1,1039429,51971,25000,1012458,9,2023-09-28,2,64,1
7428,1472,437,1,1003839,0,10000,1013839,4,2023-03-16,5,33,6
7429,717,250,1,237829,0,10000,247829,9,2025-06-27,3,8,17
7430,335,11,2,293478,14673,30000,587610,5,2025-11-15,1,36,9
7431,2134,41,4,1009429,100942,20000,3653948,9,2024-09-28,2,29,20
7432,1430,194,1,80278,0,15000,95278,9,2024-08-17,4,41,11
7433,2055,198,2,50278,0,15000,115556,3,2025-03-26,1,52,26
7434,1687,421,3,530089,53008,15000,1446243,1,2025-11-07,3,52,13
7435,46,216,1,995325,49766,15000,960559,1,2023-01-15,5,4,7
7436,1778,229,2,1169215,58460,25000,2246510,9,2026-07-15,3,35,29
7437,958,103,1,1138263,0,25000,1163263,11,2023-04-24,2,60,23
7438,684,275,1,222494,0,0,222494,8,2024-07-10,3,47,4
7439,1347,408,3,1063936,159590,25000,2738038,7,2025-05-27,5,76,29
7440,2235,85,1,225165,0,20000,245165,9,2023-09-13,2,8,1
7441,673,263,1,217829,0,0,217829,7,2024-12-31,3,37,3
7442,1485,155,3,1317879,65893,20000,3775958,6,2026-03-27,1,45,18
7443,571,186,2,70278,3513,20000,153530,7,2024-05-18,3,43,14
7444,2377,480,1,465632,0,30000,495632,7,2023-05-25,5,54,1
7445,1285,2,1,303478,30347,0,273131,2,2024-05-05,3,61,25
7446,1999,419,1,1085563,0,15000,1100563,4,2025-10-28,2,26,13
7447,852,523,1,89707,4485,10000,95222,12,2023-10-14,4,28,12
7448,385,90,2,235165,0,0,470330,7,2025-08-19,7,1,28
7449,1447,306,3,135454,13545,30000,395727,3,2024-08-30,5,27,11
7450,253,67,3,836915,0,15000,2525745,3,2026-08-27,4,54,10
7451,1361,87,1,235165,11758,25000,248407,4,2025-01-24,5,36,15
7452,290,347,1,1187247,59362,30000,1157885,10,2025-11-07,3,61,12
7453,2492,14,1,283478,14173,30000,299305,10,2023-02-26,2,59,23
7454,2441,413,1,1243713,0,20000,1263713,8,2023-04-20,4,31,18
7455,2161,210,1,995325,49766,30000,975559,10,2024-03-11,3,13,1
7456,997,97,2,205165,0,10000,420330,12,2023-08-15,3,71,27
7457,1135,158,3,1297879,0,25000,3918637,7,2026-05-23,8,39,22
7458,930,481,1,425632,0,15000,440632,12,2024-12-29,2,8,25
7459,978,502,1,1174592,0,15000,1189592,8,2023-07-01,6,11,13
7460,1690,509,1,1194592,0,10000,1204592,6,2023-07-22,5,39,9
7461,205,326,3,1177247,58862,15000,3370155,6,2023-07-17,3,39,19
7462,101,420,1,1065563,0,10000,1075563,5,2023-10-27,3,35,9
7463,1246,521,3,89707,4485,10000,265666,12,2024-04-24,1,73,6
7464,1744,18,3,293478,29347,25000,817393,11,2026-01-31,3,66,5
7465,2150,201,2,1025325,51266,10000,1958118,9,2024-01-30,4,9,20
7466,556,193,2,70278,0,25000,165556,4,2023-06-28,5,70,2
7467,2074,544,1,565602,56560,25000,534042,8,2023-11-08,5,26,10
7468,924,323,4,175454,0,15000,716816,5,2023-09-11,7,32,7
7469,2369,351,4,1157247,0,30000,4658988,4,2024-05-14,6,76,17
7470,2168,523,5,89707,0,0,448535,1,2025-06-22,6,60,1
7471,429,516,2,69707,3485,20000,152444,12,2024-08-17,2,68,16
7472,1604,487,1,445632,0,10000,455632,11,2024-02-23,4,7,17
7473,1200,278,1,222494,0,10000,232494,11,2024-05-19,5,63,10
7474,2278,10,2,273478,27347,0,492262,1,2025-02-12,3,26,18
7475,851,299,3,155454,0,30000,496362,10,2025-12-31,1,4,14
7476,1298,364,1,1079326,0,20000,1099326,3,2024-05-22,4,7,18
7477,33,445,2,993839,0,10000,1997678,9,2026-06-27,6,68,1
7478,873,148,1,1297879,0,0,1297879,4,2023-02-09,1,66,16
7479,202,419,1,1085563,217112,30000,898451,11,2026-02-17,4,53,23
7480,2485,153,1,1277879,0,30000,1307879,7,2023-12-18,2,54,18
7481,1448,383,1,1063936,159590,10000,914346,4,2025-06-24,4,42,23
7482,2445,520,1,79707,0,15000,94707,7,2025-09-03,5,69,16
7483,979,101,2,1148263,57413,10000,2191700,12,2026-06-29,2,33,21
7484,2319,322,2,135454,0,25000,295908,4,2025-07-20,3,71,12
7485,147,251,4,217829,0,30000,901316,8,2024-02-26,5,20,22
7486,2354,384,2,1063936,0,10000,2137872,5,2025-11-25,2,44,17
7487,1418,387,1,1033936,51696,25000,1007240,5,2025-11-18,1,72,14
7488,2059,11,1,293478,0,0,293478,2,2023-07-22,4,69,6
7489,1042,37,1,791327,0,25000,816327,9,2023-06-22,3,27,14
7490,2148,67,1,836915,41845,30000,825070,6,2023-05-16,1,63,25
7491,2030,492,1,455632,0,25000,480632,9,2024-05-22,5,58,26
7492,1147,42,2,999429,49971,0,1898916,5,2023-07-23,4,32,6
7493,718,30,1,761327,38066,15000,738261,9,2024-01-04,3,16,26
7494,2020,170,2,562301,28115,20000,1088372,2,2024-05-26,5,13,9
7495,257,255,1,237829,11891,15000,240938,12,2024-10-10,2,31,22
7496,1774,485,2,425632,0,10000,861264,5,2023-02-16,2,30,11
7497,1620,232,2,1179215,0,20000,2378430,3,2024-08-04,3,40,14
7498,1599,151,2,1307879,0,20000,2635758,10,2023-03-09,4,43,12
7499,214,277,1,202494,20249,20000,202245,3,2024-08-26,4,8,4
7500,541,312,1,155454,0,20000,175454,9,2025-10-31,4,35,16
7501,503,211,4,995325,49766,30000,3812236,5,2025-10-07,4,25,27
7502,2296,117,1,1108263,0,30000,1138263,4,2025-04-24,1,10,29
7503,1303,168,2,582301,0,15000,1179602,8,2023-01-06,3,72,4
7504,290,129,1,1427646,71382,10000,1366264,11,2024-03-01,4,22,12
7505,1044,491,1,445632,22281,15000,438351,4,2025-02-25,5,2,25
7506,2155,346,1,1147247,57362,10000,1099885,6,2023-05-13,1,44,17
7507,2018,460,2,362900,0,10000,735800,11,2026-06-03,4,56,1
7508,393,456,1,362900,0,10000,372900,7,2026-03-02,1,40,20
7509,1206,415,1,1243713,0,0,1243713,11,2024-08-26,2,63,6
7510,1713,416,2,1263713,0,15000,2542426,5,2024-09-15,5,77,9
7511,1458,473,1,455632,0,20000,475632,5,2023-05-01,5,72,27
7512,1702,205,1,1025325,0,10000,1035325,4,2026-08-23,3,72,5
7513,773,157,1,1317879,0,20000,1337879,7,2023-07-11,1,19,16
7514,1391,31,1,751327,0,10000,761327,9,2025-02-27,5,39,5
7515,1658,461,1,392900,19645,30000,403255,4,2023-01-01,4,9,16
7516,444,38,1,761327,38066,15000,738261,8,2023-09-16,2,24,10
7517,261,409,1,1172030,58601,15000,1128429,2,2024-10-23,4,52,2
7518,857,358,1,1099326,0,20000,1119326,10,2024-11-01,4,40,29
7519,64,334,4,1167247,0,25000,4693988,9,2025-12-06,1,64,14
7520,334,496,1,1164592,0,25000,1189592,4,2025-12-05,4,24,17
7521,610,214,1,1035325,0,10000,1045325,5,2026-06-07,3,20,7
7522,1315,307,1,175454,0,10000,185454,9,2024-04-13,3,51,26
7523,562,529,1,89707,4485,25000,110222,11,2024-05-14,5,49,27
7524,2173,180,1,572301,0,25000,597301,11,2026-01-28,3,47,17
7525,667,70,2,876915,0,20000,1773830,1,2023-03-27,1,50,26
7526,2301,229,3,1169215,0,30000,3537645,5,2023-04-03,5,18,19
7527,1062,292,2,232494,0,20000,484988,9,2025-09-19,5,71,2
7528,1250,513,3,59707,2985,10000,180166,3,2024-04-27,7,48,21
7529,1199,79,1,836915,0,15000,851915,8,2023-02-11,3,55,15
7530,95,167,2,542301,0,15000,1099602,1,2023-07-27,3,1,3
7531,2478,354,1,1069326,53466,30000,1045860,4,2025-02-09,3,25,9
7532,627,334,4,1167247,116724,0,4202092,9,2024-10-17,3,24,3
7533,2105,99,2,195165,9758,30000,400814,7,2025-02-19,5,18,6
7534,184,439,1,1013839,0,10000,1023839,1,2024-11-28,4,22,24
7535,1298,128,4,1427646,142764,10000,5149528,4,2025-04-18,3,62,18
7536,542,216,3,995325,0,25000,3010975,1,2024-01-29,1,1,1
7537,2020,430,3,748998,0,15000,2261994,3,2024-06-05,4,56,9
7538,108,476,3,455632,0,0,1366896,10,2025-10-28,6,6,19
7539,1337,169,1,552301,0,20000,572301,2,2026-03-20,2,33,8
7540,1109,423,4,510089,0,15000,2055356,12,2024-11-18,2,45,6
7541,1322,105,3,1108263,55413,20000,3178550,8,2025-02-04,3,55,26
7542,1789,274,2,192494,0,15000,399988,11,2023-06-16,2,15,2
7543,77,9,4,293478,0,0,1173912,9,2023-01-22,4,23,18
7544,1511,540,1,565602,56560,10000,519042,9,2024-03-07,5,57,11
7545,2351,209,1,1015325,0,30000,1045325,10,2026-02-05,4,8,1
7546,1144,348,5,1157247,115724,20000,5227615,5,2024-09-10,7,47,2
7547,236,156,4,1317879,65893,30000,5037944,2,2025-08-15,5,40,24
7548,44,264,1,237829,0,0,237829,4,2025-11-09,2,27,6
7549,1503,49,2,1009429,0,20000,2038858,6,2024-08-10,5,28,22
7550,2172,303,3,155454,7772,10000,453046,3,2026-08-17,2,20,10
7551,2101,156,4,1317879,65893,30000,5037944,2,2025-12-03,1,30,22
7552,1933,392,1,1063936,0,10000,1073936,10,2024-10-13,3,46,7
7553,939,306,1,135454,6772,25000,153682,5,2023-07-27,3,50,13
7554,1883,484,2,425632,42563,0,766138,3,2025-07-13,4,64,17
7555,912,58,2,1009429,0,20000,2038858,8,2024-02-08,2,57,3
7556,1888,90,1,235165,0,15000,250165,10,2023-10-19,4,36,24
7557,276,173,1,572301,0,20000,592301,8,2025-09-22,3,27,21
7558,487,259,4,247829,12391,15000,956752,1,2024-05-11,4,1,20
7559,2069,256,2,207829,20782,10000,384094,3,2025-05-22,1,14,5
7560,906,24,2,791327,39566,0,1503522,9,2023-12-10,2,70,17
7561,2299,217,1,995325,49766,20000,965559,4,2024-12-04,4,30,8
7562,824,391,2,1063936,0,30000,2157872,11,2025-01-19,2,18,23
7563,315,552,1,585602,29280,20000,576322,4,2024-06-15,2,56,19
7564,14,203,1,1015325,101532,20000,933793,10,2024-08-23,3,77,19
7565,2308,464,1,372900,18645,15000,369255,12,2023-07-16,4,2,25
7566,2003,393,3,1073936,107393,10000,2909629,6,2024-08-22,4,56,4
7567,574,341,4,1157247,0,20000,4648988,10,2024-12-16,2,7,4
7568,823,281,1,212494,0,20000,232494,8,2024-07-23,3,51,6
7569,299,252,1,217829,0,20000,237829,2,2025-03-08,4,76,5
7570,1578,451,1,1013839,0,25000,1038839,3,2024-10-13,4,19,20
7571,2023,551,2,555602,0,20000,1131204,11,2024-06-29,4,19,14
7572,96,352,4,1177247,0,15000,4723988,9,2026-06-15,4,10,13
7573,2298,366,2,1079326,0,25000,2183652,9,2023-11-18,3,5,10
7574,753,318,1,145454,0,20000,165454,1,2023-01-29,6,27,17
7575,1263,186,1,70278,0,30000,100278,6,2024-11-13,5,66,10
7576,291,194,1,80278,0,15000,95278,10,2023-03-21,4,71,25
7577,1970,32,2,781327,78132,30000,1436390,12,2024-06-09,3,53,17
7578,1473,217,4,995325,0,10000,3991300,9,2026-07-13,4,48,28
7579,702,461,2,392900,0,20000,805800,6,2025-02-04,3,39,18
7580,21,119,2,1148263,0,10000,2306526,8,2025-10-28,5,33,24
7581,2007,30,1,761327,76132,30000,715195,7,2025-10-26,3,32,22
7582,1866,513,1,59707,0,20000,79707,10,2023-02-07,3,59,10
7583,894,543,3,575602,28780,30000,1670466,6,2024-04-16,5,77,4
7584,824,210,1,995325,0,0,995325,6,2025-07-12,3,19,23
7585,362,357,2,1089326,54466,25000,2094720,6,2024-06-04,2,70,16
7586,1297,222,4,1199215,0,25000,4821860,3,2026-07-10,5,21,6
7587,1554,374,5,1059326,0,30000,5326630,11,2025-06-12,6,31,20
7588,464,275,1,222494,0,10000,232494,6,2025-10-28,4,44,26
7589,2468,117,2,1108263,0,15000,2231526,4,2025-07-11,2,61,2
7590,1289,118,5,1138263,0,10000,5701315,10,2026-02-23,2,47,19
7591,889,343,2,1157247,0,20000,2334494,6,2026-07-24,1,56,13
7592,1198,91,3,225165,0,15000,690495,9,2023-08-21,5,49,7
7593,2375,410,1,1182030,0,30000,1212030,9,2025-11-03,3,36,4
7594,744,516,2,69707,0,0,139414,3,2025-10-03,4,11,10
7595,1774,462,2,372900,0,30000,775800,2,2026-04-21,4,19,11
7596,1557,217,1,995325,99532,10000,905793,1,2026-07-10,4,14,16
7597,128,534,1,585602,29280,0,556322,2,2024-08-21,4,59,28
7598,1818,349,2,1177247,117724,0,2119046,3,2025-04-07,1,63,7
7599,1807,521,3,89707,0,10000,279121,7,2026-07-30,4,12,24
7600,821,527,1,89707,0,20000,109707,3,2026-06-04,4,66,19
7601,1691,466,2,362900,0,10000,735800,11,2024-05-12,5,63,22
7602,1481,504,1,1194592,0,10000,1204592,2,2026-03-21,2,71,7
7603,2219,303,1,155454,23318,20000,152136,1,2023-06-22,4,13,1
7604,1163,23,1,751327,75132,10000,686195,12,2025-10-08,8,24,15
7605,1139,178,2,572301,0,15000,1159602,9,2024-05-19,3,5,6
7606,1870,133,3,1397646,279529,25000,3379351,7,2023-02-07,2,45,20
7607,2467,539,2,585602,29280,20000,1132644,7,2025-06-29,4,33,7
7608,758,158,1,1297879,0,15000,1312879,8,2026-05-15,2,20,3
7609,1133,38,1,761327,114199,20000,667128,3,2025-01-10,1,57,28
7610,963,26,1,791327,39566,10000,761761,8,2023-07-12,3,64,3
7611,949,336,1,1157247,0,25000,1182247,11,2023-06-18,3,76,29
7612,2349,299,2,155454,7772,25000,320364,10,2024-12-21,3,20,14
7613,33,332,2,1187247,0,30000,2404494,7,2024-09-08,3,46,1
7614,327,85,2,225165,22516,30000,435298,1,2025-03-15,5,62,28
7615,2404,75,3,876915,0,15000,2645745,4,2024-06-15,5,4,2
7616,1454,450,1,983839,0,10000,993839,12,2023-09-12,5,4,6
7617,1923,48,2,1029429,0,25000,2083858,11,2026-08-16,3,46,28
7618,2126,432,4,768998,38449,0,2922196,10,2023-03-25,1,14,3
7619,1480,39,1,791327,0,25000,816327,9,2025-06-04,4,7,14
7620,27,310,3,145454,0,0,436362,6,2024-12-12,6,15,29
7621,224,256,5,207829,10391,10000,997190,6,2023-09-15,3,29,26
7622,1543,341,1,1157247,0,20000,1177247,11,2024-02-28,4,23,8
7623,1832,379,5,1099326,0,15000,5511630,4,2023-01-06,3,39,8
7624,999,136,3,1397646,0,0,4192938,7,2026-03-06,3,65,24
7625,164,465,1,382900,19145,20000,383755,8,2026-02-03,1,29,4
7626,2178,332,1,1187247,0,25000,1212247,11,2026-01-21,5,43,14
7627,38,380,1,1079326,0,25000,1104326,4,2023-06-12,7,11,21
7628,1297,16,1,273478,0,30000,303478,12,2024-08-05,3,17,6
7629,2159,151,1,1307879,0,20000,1327879,1,2023-10-09,5,22,13
7630,2282,40,5,761327,0,25000,3831635,6,2026-02-26,5,54,11
7631,1409,136,2,1397646,69882,30000,2685528,11,2023-02-27,5,49,15
7632,1396,334,2,1167247,0,30000,2364494,4,2023-10-29,5,54,14
7633,1674,87,3,235165,0,0,705495,11,2025-02-16,4,59,16
7634,1127,378,3,1059326,0,15000,3192978,3,2023-11-14,2,18,5
7635,1348,379,1,1099326,0,0,1099326,11,2023-08-03,4,34,13
7636,1100,332,2,1187247,59362,20000,2275770,8,2023-02-27,5,42,3
7637,662,390,2,1063936,53196,10000,2031480,11,2025-06-14,5,75,1
7638,1870,109,1,1108263,166239,20000,962024,8,2023-10-25,3,41,20
7639,2123,254,3,247829,0,0,743487,2,2024-11-19,4,22,20
7640,1098,550,2,575602,0,10000,1161204,11,2024-01-29,3,43,25
7641,479,443,1,1013839,0,20000,1033839,7,2023-07-06,5,1,23
7642,195,486,2,455632,22781,20000,885702,12,2026-02-07,8,15,18
7643,249,207,1,1015325,0,15000,1030325,11,2024-04-07,3,23,23
7644,777,348,1,1157247,57862,15000,1114385,3,2023-06-25,4,4,12
7645,2427,384,2,1063936,53196,0,2021480,12,2026-07-17,4,21,4
7646,970,228,1,1199215,59960,20000,1159255,6,2023-07-05,4,14,4
7647,1481,228,1,1199215,0,15000,1214215,4,2026-05-13,1,69,7
7648,877,462,1,372900,37290,25000,360610,4,2025-06-06,2,65,7
7649,1942,203,1,1015325,50766,20000,984559,5,2024-11-25,2,5,17
7650,788,256,2,207829,0,30000,445658,6,2024-10-04,2,20,24
7651,1646,340,1,1177247,0,20000,1197247,1,2025-06-09,2,8,15
7652,1691,202,2,1015325,0,20000,2050650,11,2023-07-22,4,20,22
7653,358,11,2,293478,0,10000,596956,4,2023-01-30,4,11,20
7654,272,6,4,273478,27347,15000,999524,12,2023-06-18,4,77,13
7655,1783,296,4,222494,11124,20000,865480,2,2025-02-01,5,32,3
7656,1870,147,4,1297879,129787,0,4672368,9,2023-03-29,1,31,20
7657,2345,440,2,1013839,101383,30000,1854912,2,2024-07-18,5,50,27
7658,2268,219,1,995325,0,0,995325,2,2024-07-20,3,23,17
7659,2078,486,2,455632,0,30000,941264,2,2024-10-15,4,8,12
7660,1407,182,1,90278,9027,30000,111251,3,2023-09-25,1,50,7
7661,1715,98,1,195165,0,15000,210165,7,2023-03-15,3,35,11
7662,1215,345,2,1187247,0,10000,2384494,12,2023-06-17,1,69,11
7663,676,478,3,425632,0,10000,1286896,8,2024-09-09,2,58,12
7664,1911,379,1,1099326,54966,15000,1059360,7,2024-02-21,4,39,24
7665,617,198,4,50278,0,15000,216112,12,2023-01-24,4,11,9
7666,469,161,1,582301,0,25000,607301,6,2023-09-20,6,77,11
7667,1042,404,4,1053936,0,30000,4245744,11,2026-07-10,3,16,14
7668,203,248,1,237829,23782,20000,234047,2,2024-07-29,4,18,16
7669,1437,458,2,392900,0,0,785800,4,2024-03-30,4,13,15
7670,1854,381,4,1033936,0,20000,4155744,8,2025-03-24,2,2,22
7671,2150,400,1,1043936,52196,0,991740,12,2026-03-15,3,9,20
7672,1530,516,1,69707,6970,30000,92737,5,2025-04-03,3,36,1
7673,499,386,5,1053936,105393,0,4742715,3,2026-02-25,7,11,21
7674,1671,419,1,1085563,108556,10000,987007,6,2024-12-27,4,35,10
7675,817,60,1,1039429,51971,30000,1017458,9,2026-07-02,5,58,4
7676,46,147,1,1297879,0,15000,1312879,11,2023-06-06,4,74,7
7677,1118,105,1,1108263,110826,30000,1027437,10,2025-02-21,3,36,19
7678,503,247,1,237829,11891,0,225938,10,2023-03-14,4,15,27
7679,117,58,2,1009429,0,0,2018858,12,2023-07-25,5,69,21
7680,1802,40,1,761327,76132,10000,695195,12,2024-03-15,1,69,26
7681,1491,415,1,1243713,0,15000,1258713,9,2024-04-19,2,75,9
7682,1419,55,1,1039429,0,0,1039429,2,2026-08-04,2,50,10
7683,2156,476,3,455632,0,0,1366896,2,2024-10-12,3,17,10
7684,837,139,1,1397646,0,10000,1407646,1,2023-10-28,1,40,12
7685,1578,122,1,1427646,71382,10000,1366264,2,2025-02-24,1,47,20
7686,2357,487,1,445632,22281,30000,453351,7,2025-03-17,1,17,25
7687,2045,134,4,1417646,0,15000,5685584,7,2025-05-05,3,60,1
7688,1849,336,1,1157247,115724,0,1041523,6,2024-07-30,6,67,29
7689,443,387,1,1033936,0,15000,1048936,2,2025-05-04,5,64,3
7690,383,200,3,60278,3013,20000,191795,5,2025-04-02,5,75,13
7691,2455,491,1,445632,44563,30000,431069,6,2025-01-01,2,76,29
7692,503,491,2,445632,22281,10000,856702,2,2023-09-05,4,63,27
7693,707,224,2,1159215,0,15000,2333430,3,2026-05-07,1,48,21
7694,1582,168,1,582301,0,25000,607301,10,2025-10-30,5,22,20
7695,972,131,1,1407646,281529,25000,1151117,8,2025-07-23,4,58,2
7696,709,301,1,175454,0,15000,190454,7,2024-09-02,5,39,29
7697,10,494,2,1164592,58229,0,2212726,8,2025-11-21,3,74,12
7698,184,345,1,1187247,59362,15000,1142885,9,2024-03-25,2,58,24
7699,851,292,2,232494,0,10000,474988,7,2024-01-28,3,36,14
7700,515,550,1,575602,0,10000,585602,2,2024-07-09,5,25,8
7701,1130,2,1,303478,0,0,303478,10,2023-01-16,2,34,17
7702,1703,194,1,80278,0,15000,95278,4,2025-12-18,4,56,22
7703,1171,51,1,1039429,0,10000,1049429,4,2026-08-21,3,22,5
7704,819,430,5,748998,0,10000,3754990,3,2023-01-13,3,52,29
7705,2357,241,3,227829,0,30000,713487,9,2024-03-30,2,11,25
7706,247,2,2,303478,0,15000,621956,4,2023-11-03,6,48,28
7707,1693,129,3,1427646,0,0,4282938,1,2023-10-16,4,5,19
7708,2457,101,2,1148263,114826,20000,2086874,10,2023-03-07,3,38,23
7709,212,373,1,1079326,0,25000,1104326,2,2023-08-29,4,11,20
7710,1869,7,2,303478,15173,25000,601610,3,2023-08-27,5,30,29
7711,1362,342,1,1177247,58862,20000,1138385,5,2025-11-18,4,60,27
7712,1970,321,3,175454,0,30000,556362,7,2025-02-16,4,26,17
7713,1036,479,1,435632,21781,15000,428851,8,2024-07-27,3,34,9
7714,1961,416,1,1263713,63185,15000,1215528,7,2023-04-17,2,16,27
7715,681,48,5,1029429,0,0,5147145,3,2026-03-20,5,19,18
7716,972,506,2,1194592,119459,20000,2170266,9,2023-03-16,2,39,2
7717,2395,68,2,856915,42845,0,1628140,4,2023-10-09,2,75,28
7718,2063,139,1,1397646,0,30000,1427646,2,2023-08-11,5,37,28
7719,1685,378,1,1059326,0,10000,1069326,3,2023-03-11,4,51,25
7720,2033,223,1,1179215,58960,25000,1145255,6,2025-03-01,5,4,1
7721,773,507,4,1204592,0,15000,4833368,12,2024-09-20,2,77,16
7722,1491,266,1,237829,11891,10000,235938,2,2025-07-01,4,72,9
7723,94,348,2,1157247,0,15000,2329494,2,2025-10-08,2,15,13
7724,2168,466,1,362900,0,30000,392900,5,2024-12-30,8,71,1
7725,773,531,3,59707,0,30000,209121,9,2023-08-05,1,51,16
7726,1242,276,2,222494,0,15000,459988,10,2023-03-25,6,29,22
7727,1346,55,3,1039429,0,25000,3143287,10,2025-12-16,1,49,6
7728,1701,278,2,222494,0,10000,454988,2,2026-03-07,5,41,21
7729,1925,269,3,232494,0,10000,707482,4,2026-04-19,2,35,22
7730,509,518,1,69707,3485,30000,96222,5,2023-05-26,2,69,4
7731,1026,29,3,751327,0,25000,2278981,9,2025-03-29,3,31,3
7732,615,146,1,1317879,65893,25000,1276986,9,2023-05-02,3,58,17
7733,921,289,1,202494,10124,25000,217370,3,2024-09-23,7,16,2
7734,498,547,2,585602,0,30000,1201204,1,2024-05-03,4,62,5
7735,1824,52,2,1019429,50971,15000,1951916,6,2023-08-28,4,39,1
7736,2020,212,1,1035325,0,15000,1050325,6,2023-05-25,4,16,9
7737,2067,448,1,1023839,0,30000,1053839,6,2024-02-09,3,9,5
7738,837,265,4,247829,12391,10000,951752,11,2025-07-31,5,55,12
7739,2338,301,3,175454,0,15000,541362,6,2023-07-28,4,22,21
7740,1461,537,3,575602,57560,30000,1584126,1,2023-02-25,4,70,6
7741,1177,75,2,876915,0,15000,1768830,8,2024-12-03,5,67,5
7742,1184,217,1,995325,49766,30000,975559,11,2026-02-11,1,25,20
7743,787,336,1,1157247,57862,15000,1114385,10,2024-10-29,7,20,2
7744,1393,481,4,425632,42563,25000,1557276,2,2026-04-10,3,18,24
7745,1661,8,1,303478,0,10000,313478,11,2026-02-18,5,22,23
7746,1581,134,3,1417646,70882,30000,4070292,8,2025-01-25,5,42,18
7747,1621,403,2,1043936,52196,10000,1993480,2,2023-06-09,1,64,16
7748,473,104,1,1118263,0,30000,1148263,5,2023-11-03,5,22,23
7749,1701,392,1,1063936,106393,20000,977543,1,2023-05-17,1,39,21
7750,2185,193,3,70278,0,20000,230834,11,2023-04-27,4,53,23
7751,1622,137,1,1397646,0,25000,1422646,6,2025-02-28,6,43,27
7752,2072,204,2,995325,99532,0,1791586,4,2026-01-30,5,43,1
7753,1346,279,1,222494,11124,20000,231370,8,2026-07-12,4,31,6
7754,487,477,1,455632,0,20000,475632,6,2024-08-08,1,77,20
7755,2330,116,1,1138263,0,10000,1148263,12,2023-10-11,5,45,26
7756,2192,505,5,1204592,0,15000,6037960,1,2025-10-28,2,70,15
7757,1087,431,2,758998,0,0,1517996,9,2023-02-08,5,69,13
7758,1770,334,1,1167247,0,10000,1177247,11,2026-07-09,5,48,20
7759,2053,257,1,217829,10891,0,206938,8,2026-04-16,5,42,8
7760,1211,458,2,392900,39290,25000,732220,9,2023-12-18,2,43,6
7761,619,8,1,303478,15173,10000,298305,7,2023-02-03,4,36,23
7762,1604,165,1,562301,0,25000,587301,4,2023-11-18,3,36,17
7763,1559,77,3,856915,42845,0,2442210,3,2025-07-28,1,65,8
7764,11,95,1,235165,0,0,235165,3,2025-11-16,4,37,7
7765,770,531,1,59707,2985,20000,76722,3,2025-01-03,5,39,29
7766,955,13,1,293478,0,30000,323478,11,2024-02-18,5,21,2
7767,919,97,1,205165,0,10000,215165,12,2023-12-06,6,41,10
7768,514,225,1,1179215,0,30000,1209215,1,2023-05-11,3,5,14
7769,251,162,1,582301,0,20000,602301,4,2024-03-05,4,13,1
7770,1615,242,2,217829,0,15000,450658,9,2025-03-19,1,3,4
7771,364,282,4,212494,0,30000,879976,2,2025-11-18,6,46,27
7772,962,367,2,1099326,0,30000,2228652,12,2023-10-10,4,26,22
7773,532,264,4,237829,0,25000,976316,1,2023-05-31,4,11,1
7774,1626,211,1,995325,0,10000,1005325,5,2025-07-02,4,11,18
7775,601,195,1,60278,0,25000,85278,6,2026-05-27,3,77,25
7776,1432,355,1,1079326,53966,10000,1035360,10,2024-04-14,5,39,18
7777,146,274,2,192494,9624,20000,385740,1,2023-09-29,2,12,28
7778,692,26,1,791327,0,15000,806327,11,2023-06-01,6,74,19
7779,1141,135,1,1397646,139764,25000,1282882,8,2025-11-30,4,10,8
7780,483,131,1,1407646,0,25000,1432646,7,2023-03-02,4,34,14
7781,496,410,1,1182030,0,30000,1212030,11,2024-11-05,1,15,11
7782,1,453,1,382900,0,30000,412900,1,2025-12-07,1,70,7
7783,1743,166,2,542301,27115,10000,1040372,8,2023-03-13,6,39,1
7784,658,493,3,1174592,0,10000,3533776,5,2023-05-30,2,24,25
7785,680,147,2,1297879,0,25000,2620758,8,2024-04-15,6,8,22
7786,747,396,2,1043936,0,0,2087872,5,2023-07-06,2,17,12
7787,1852,259,4,247829,0,20000,1011316,3,2024-01-31,5,18,18
7788,2402,538,4,575602,57560,0,2072168,7,2024-02-06,1,19,6
7789,1129,193,3,70278,7027,30000,219753,5,2026-06-13,2,18,13
7790,1797,194,4,80278,8027,10000,299004,1,2024-01-10,4,61,29
7791,628,172,1,562301,0,25000,587301,9,2024-12-04,4,58,7
7792,1159,240,2,1169215,0,10000,2348430,4,2023-09-06,4,34,24
7793,2466,481,1,425632,0,25000,450632,12,2025-08-06,4,7,26
7794,1186,441,4,993839,49691,15000,3791592,5,2024-07-03,4,70,3
7795,991,400,2,1043936,104393,25000,1904086,1,2026-07-25,2,70,8
7796,1206,368,1,1099326,0,30000,1129326,1,2026-06-29,2,61,6
7797,1963,66,2,866915,0,20000,1753830,2,2024-11-15,3,61,13
7798,365,230,3,1199215,0,15000,3612645,1,2023-05-08,2,34,23
7799,1770,365,2,1089326,0,25000,2203652,3,2026-08-09,3,72,20
7800,1891,323,1,175454,0,25000,200454,8,2023-02-16,2,10,16
7801,1559,130,1,1407646,0,25000,1432646,7,2026-08-11,3,56,8
7802,455,526,1,49707,0,15000,64707,5,2024-02-10,2,48,10
7803,207,105,3,1108263,55413,15000,3173550,4,2025-09-12,4,38,17
7804,902,485,1,425632,42563,25000,408069,11,2024-03-04,8,75,19
7805,1305,372,3,1069326,0,25000,3232978,11,2024-07-24,3,61,25
7806,419,247,2,237829,0,30000,505658,4,2025-05-03,3,34,2
7807,1129,244,2,217829,0,25000,460658,3,2025-07-15,5,43,13
7808,2487,484,2,425632,21281,15000,823702,6,2026-03-11,5,3,10
7809,447,323,2,175454,17545,30000,345818,1,2024-09-26,4,36,25
7810,214,390,1,1063936,106393,20000,977543,10,2025-10-31,5,23,4
7811,1070,233,4,1179215,0,10000,4726860,3,2024-07-27,1,1,18
7812,2462,54,1,1009429,100942,25000,933487,5,2024-11-05,5,6,20
7813,2364,302,3,135454,20318,15000,360408,4,2025-11-02,5,34,27
7814,1095,501,2,1174592,58729,25000,2256726,3,2025-10-08,4,54,15
7815,1741,160,1,1297879,0,0,1297879,1,2025-11-10,4,74,1
7816,1812,113,1,1148263,0,20000,1168263,4,2023-08-28,1,26,15
7817,1474,273,4,202494,0,15000,824976,7,2026-04-21,2,18,25
7818,1762,502,1,1174592,0,20000,1194592,12,2023-11-02,2,62,27
7819,887,179,2,582301,0,15000,1179602,1,2026-06-05,3,33,8
7820,2231,315,1,135454,13545,10000,131909,2,2023-08-13,2,26,7
7821,1593,506,1,1194592,0,15000,1209592,11,2026-06-24,4,14,28
7822,1097,386,4,1053936,0,20000,4235744,2,2026-08-23,4,56,12
7823,1324,174,5,562301,28115,10000,2680930,11,2024-09-03,3,2,29
7824,921,213,1,1025325,0,30000,1055325,5,2023-05-18,3,50,2
7825,1411,293,1,192494,0,0,192494,2,2024-08-14,3,58,11
7826,1701,470,3,382900,0,0,1148700,5,2025-07-14,1,74,21
7827,1085,68,3,856915,42845,10000,2452210,3,2026-05-19,4,52,6
7828,1257,52,2,1019429,50971,0,1936916,12,2024-08-22,1,70,25
7829,1936,159,1,1287879,0,0,1287879,11,2025-02-07,3,33,21
7830,1480,509,4,1194592,119459,15000,4315532,12,2025-05-25,4,57,14
7831,2049,321,4,175454,26318,10000,606544,3,2025-06-03,5,76,18
7832,1784,195,1,60278,0,0,60278,11,2026-02-01,5,21,22
7833,2287,164,2,582301,0,25000,1189602,12,2026-05-19,1,36,19
7834,1667,209,1,1015325,50766,30000,994559,1,2023-08-14,4,65,11
7835,950,169,2,552301,55230,30000,1024142,9,2025-06-02,4,35,27
7836,897,127,3,1417646,70882,30000,4070292,7,2026-04-06,3,20,28
7837,402,264,4,237829,0,30000,981316,8,2025-10-17,5,23,18
7838,613,248,1,237829,11891,20000,245938,3,2023-10-27,5,68,25
7839,1373,214,1,1035325,155298,10000,890027,2,2025-10-25,4,39,10
7840,1641,181,1,90278,0,30000,120278,12,2026-04-06,1,21,12
7841,1555,263,2,217829,10891,30000,443876,10,2023-06-04,4,32,4
7842,614,545,1,575602,0,25000,600602,10,2024-07-19,8,24,28
7843,2327,263,1,217829,0,30000,247829,2,2024-01-12,5,10,27
7844,527,213,4,1025325,51266,30000,3926236,2,2024-10-14,4,37,16
7845,464,63,1,876915,0,15000,891915,5,2026-02-05,4,2,26
7846,2111,134,1,1417646,0,15000,1432646,2,2024-11-18,1,71,17
7847,2403,60,1,1039429,0,25000,1064429,1,2025-04-27,1,3,4
7848,1490,374,1,1059326,52966,10000,1016360,5,2024-09-17,3,50,24
7849,1653,502,2,1174592,58729,25000,2256726,4,2023-04-25,4,32,2
7850,1532,540,4,565602,56560,30000,2066168,4,2024-08-28,4,1,19
7851,1294,411,3,1192030,0,15000,3591090,4,2026-03-21,1,57,22
7852,1241,497,2,1164592,0,10000,2339184,10,2025-04-01,8,2,3
7853,1963,308,1,145454,7272,25000,163182,1,2023-01-16,2,43,13
7854,1706,550,1,575602,28780,25000,571822,8,2023-01-09,4,50,12
7855,793,109,4,1108263,0,30000,4463052,12,2025-03-21,4,56,22
7856,210,382,3,1033936,0,20000,3121808,1,2024-05-30,3,33,2
7857,1311,118,1,1138263,0,10000,1148263,11,2023-06-19,5,43,18
7858,254,414,4,1253713,62685,20000,4784112,4,2023-10-21,4,35,1
7859,725,66,2,866915,0,25000,1758830,9,2023-09-13,6,41,26
7860,1108,348,3,1157247,173587,15000,2965980,6,2023-06-29,3,54,8
7861,1965,248,1,237829,0,0,237829,3,2023-03-08,4,33,5
7862,115,327,3,1177247,0,10000,3541741,4,2023-11-29,3,21,22
7863,36,411,2,1192030,0,30000,2414060,8,2023-10-09,5,30,16
7864,428,294,2,222494,0,0,444988,1,2025-09-02,3,21,9
7865,2435,174,1,562301,0,30000,592301,12,2023-03-27,2,65,29
7866,1065,526,1,49707,2485,15000,62222,11,2024-05-19,5,64,4
7867,1065,193,5,70278,7027,10000,326255,12,2024-10-05,6,41,4
7868,263,170,4,562301,28115,30000,2166744,12,2024-08-15,2,11,7
7869,1621,451,2,1013839,0,20000,2047678,5,2023-09-01,3,1,16
7870,2152,35,1,771327,0,10000,781327,6,2026-08-07,4,24,23
7871,2141,293,1,192494,9624,30000,212870,6,2025-04-14,8,26,19
7872,164,47,2,1029429,51471,25000,1980916,9,2026-06-17,5,12,4
7873,1689,354,1,1069326,53466,20000,1035860,7,2024-05-15,3,51,2
7874,981,204,1,995325,0,10000,1005325,5,2025-03-21,6,28,20
7875,852,105,3,1108263,55413,20000,3178550,8,2025-08-17,4,41,12
7876,1270,408,1,1063936,53196,0,1010740,7,2023-09-13,4,24,14
7877,292,33,1,761327,0,25000,786327,11,2024-10-07,1,59,27
7878,1425,312,1,155454,15545,20000,159909,5,2024-08-10,2,69,25
7879,1965,205,4,1025325,0,0,4101300,2,2026-03-16,2,73,5
7880,1619,398,1,1073936,161090,20000,932846,6,2025-01-14,4,27,26
7881,85,420,1,1065563,53278,30000,1042285,2,2025-03-09,2,73,29
7882,1762,357,2,1089326,108932,30000,1990788,9,2025-09-15,1,15,27
7883,1440,124,2,1407646,0,10000,2825292,9,2023-12-12,2,76,29
7884,1952,178,3,572301,0,25000,1741903,5,2025-10-19,5,9,14
7885,2272,316,1,175454,17545,30000,187909,6,2025-02-17,1,62,16
7886,1738,244,1,217829,0,25000,242829,1,2024-01-27,5,56,23
7887,2215,194,3,80278,0,0,240834,6,2023-10-21,3,15,12
7888,1753,517,3,79707,0,0,239121,2,2023-08-11,3,31,14
7889,1912,377,3,1059326,158898,10000,2711284,11,2026-08-16,3,20,19
7890,1077,62,1,836915,83691,25000,778224,11,2025-05-22,4,4,27
7891,1739,197,5,80278,0,15000,416390,7,2026-07-18,4,62,26
7892,698,428,1,1138346,0,0,1138346,2,2026-06-05,4,23,29
7893,405,201,5,1025325,51266,0,4870295,8,2023-06-02,5,4,10
7894,957,470,5,382900,0,30000,1944500,4,2025-12-05,4,39,17
7895,1850,98,4,195165,9758,30000,771628,9,2025-10-24,1,25,17
7896,1913,364,2,1079326,0,10000,2168652,10,2026-03-08,5,48,9
7897,580,157,3,1317879,65893,20000,3775958,12,2024-12-10,3,42,21
7898,168,476,1,455632,68344,0,387288,3,2023-01-11,3,30,15
7899,1145,473,4,455632,0,15000,1837528,5,2026-07-09,4,16,15
7900,852,182,4,90278,0,15000,376112,1,2025-07-02,5,76,12
7901,1959,265,3,247829,0,20000,763487,10,2026-02-11,2,66,7
7902,23,345,1,1187247,118724,25000,1093523,9,2026-05-07,5,13,26
7903,2248,529,1,89707,0,20000,109707,12,2024-08-10,4,50,20
7904,1330,79,1,836915,41845,25000,820070,3,2024-01-17,4,51,28
7905,1609,244,1,217829,10891,20000,226938,9,2026-06-25,4,12,25
7906,116,386,1,1053936,0,10000,1063936,4,2024-04-21,3,33,18
7907,882,113,4,1148263,57413,20000,4383400,1,2023-11-25,5,6,4
7908,2088,498,3,1164592,58229,30000,3349089,10,2024-12-07,4,40,12
7909,994,101,1,1148263,0,25000,1173263,7,2024-12-30,1,51,28
7910,1130,7,3,303478,15173,15000,879915,12,2025-10-25,2,72,17
7911,2091,452,3,983839,0,0,2951517,8,2024-05-04,5,73,8
7912,1798,551,3,555602,0,0,1666806,3,2026-01-18,5,57,23
7913,1444,191,1,60278,6027,10000,64251,3,2026-02-06,3,50,29
7914,1157,21,2,751327,0,30000,1532654,1,2023-10-29,3,19,16
7915,666,302,4,135454,6772,10000,524728,6,2025-04-03,3,65,14
7916,1762,371,1,1079326,0,0,1079326,4,2023-04-24,4,9,27
7917,1239,121,1,1427646,0,25000,1452646,4,2024-11-23,3,59,19
7918,2025,11,1,293478,14673,25000,303805,6,2026-03-09,6,64,29
7919,462,268,2,227829,0,15000,470658,6,2024-10-21,3,27,4
7920,1618,63,3,876915,0,20000,2650745,4,2025-10-03,4,28,4
7921,1589,413,1,1243713,0,20000,1263713,3,2023-01-13,6,12,21
7922,1559,99,1,195165,0,20000,215165,4,2023-10-16,3,20,8
7923,2304,466,2,362900,0,15000,740800,1,2024-07-03,4,5,24
7924,286,97,4,205165,10258,30000,809628,2,2025-08-09,4,58,15
7925,410,450,3,983839,49191,0,2803944,12,2024-07-24,7,36,15
7926,1793,209,1,1015325,50766,0,964559,5,2026-02-04,2,57,29
7927,1997,374,1,1059326,52966,30000,1036360,1,2025-01-16,2,11,28
7928,262,112,1,1128263,0,25000,1153263,6,2025-08-19,2,18,9
7929,1875,147,2,1297879,129787,15000,2351184,6,2025-07-07,4,43,4
7930,549,168,2,582301,29115,25000,1131372,9,2023-07-15,3,65,24
7931,239,219,1,995325,99532,15000,910793,5,2025-10-01,4,65,2
7932,1786,7,2,303478,15173,30000,606610,7,2024-08-02,2,23,2
7933,1491,462,2,372900,0,15000,760800,9,2023-05-08,2,58,9
7934,482,66,1,866915,43345,25000,848570,2,2025-06-28,1,26,27
7935,1579,515,2,79707,0,10000,169414,10,2023-07-30,4,6,28
7936,1816,524,1,69707,6970,20000,82737,3,2023-08-24,3,5,4
7937,1846,90,2,235165,0,0,470330,2,2023-02-12,4,30,16
7938,715,291,1,202494,0,15000,217494,7,2024-05-19,3,1,28
7939,847,246,5,207829,10391,30000,1017190,9,2023-07-15,2,13,29
7940,236,550,1,575602,28780,20000,566822,10,2026-03-07,4,53,24
7941,340,267,3,217829,10891,0,620814,1,2025-07-14,2,74,29
7942,1935,62,3,836915,0,0,2510745,12,2024-05-12,2,41,29
7943,1950,490,4,455632,0,20000,1842528,9,2024-02-09,5,39,28
7944,1620,108,1,1128263,0,30000,1158263,12,2023-03-22,2,65,14
7945,2356,424,1,520089,26004,30000,524085,8,2024-02-27,5,24,7
7946,2208,368,4,1099326,0,20000,4417304,5,2026-05-30,4,74,19
7947,326,103,1,1138263,0,15000,1153263,10,2026-04-18,5,31,29
7948,609,231,3,1199215,0,15000,3612645,12,2025-12-10,6,1,25
7949,1595,459,1,392900,19645,20000,393255,3,2024-08-13,1,1,20
7950,1759,460,1,362900,18145,15000,359755,7,2025-05-20,4,44,7
7951,1068,393,1,1073936,0,15000,1088936,7,2023-01-30,1,7,13
7952,1895,137,1,1397646,69882,20000,1347764,4,2024-12-04,3,1,23
7953,520,12,1,303478,30347,20000,293131,5,2026-06-09,1,56,11
7954,818,332,1,1187247,0,30000,1217247,3,2023-11-20,4,35,15
7955,2256,318,3,145454,0,25000,461362,6,2026-01-24,5,24,5
7956,1885,115,3,1118263,0,0,3354789,12,2025-06-27,3,58,29
7957,1976,513,4,59707,0,10000,248828,6,2025-06-07,5,10,3
7958,1457,204,1,995325,0,25000,1020325,6,2024-03-26,2,11,6
7959,2428,292,1,232494,0,25000,257494,12,2026-06-18,5,61,13
7960,1897,523,1,89707,4485,30000,115222,11,2026-02-15,3,65,27
7961,1281,184,2,80278,4013,20000,172530,8,2026-02-15,3,3,29
7962,2397,521,3,89707,0,20000,289121,8,2026-07-29,6,74,29
7963,894,193,2,70278,3513,30000,163530,3,2024-06-04,3,19,4
7964,305,309,1,175454,0,25000,200454,8,2024-04-11,6,23,6
7965,1484,529,1,89707,0,30000,119707,8,2023-10-09,4,17,10
7966,2056,113,2,1148263,0,10000,2306526,5,2025-09-07,4,74,21
7967,1592,93,1,195165,19516,25000,200649,1,2024-11-21,3,11,18
7968,1583,439,1,1013839,0,20000,1033839,12,2024-02-24,5,28,17
7969,1648,30,1,761327,38066,0,723261,8,2024-02-13,2,44,29
7970,1152,354,1,1069326,0,15000,1084326,4,2026-05-16,2,64,17
7971,2297,27,3,761327,0,0,2283981,11,2026-04-03,6,71,7
7972,1784,321,1,175454,26318,20000,169136,1,2023-06-26,2,59,22
7973,1275,351,2,1157247,0,0,2314494,6,2024-08-12,4,13,25
7974,741,30,1,761327,114199,20000,667128,11,2023-10-06,1,69,6
7975,1421,192,1,60278,0,20000,80278,8,2023-06-29,4,62,10
7976,551,384,2,1063936,53196,20000,2041480,5,2024-11-14,5,11,1
7977,1913,259,4,247829,0,25000,1016316,4,2025-01-04,3,11,9
7978,1173,542,4,595602,0,25000,2407408,6,2025-06-02,5,30,25
7979,499,60,1,1039429,103942,15000,950487,2,2025-04-15,4,50,21
7980,1223,356,5,1099326,0,10000,5506630,1,2024-06-11,5,6,24
7981,852,251,1,217829,10891,15000,221938,1,2024-11-05,1,60,12
7982,1581,380,2,1079326,0,15000,2173652,7,2026-03-15,4,47,18
7983,2312,1,2,263478,13173,15000,515610,11,2023-06-13,4,29,18
7984,770,474,2,425632,0,20000,871264,9,2025-11-22,4,34,29
7985,228,449,2,993839,49691,30000,1918296,1,2025-09-11,5,38,16
7986,1443,159,1,1287879,64393,25000,1248486,12,2023-10-24,3,42,9
7987,1193,127,1,1417646,70882,15000,1361764,4,2024-04-19,2,23,7
7988,2257,117,2,1108263,0,0,2216526,2,2023-02-12,4,72,9
7989,1238,192,1,60278,3013,25000,82265,1,2025-04-02,8,45,5
7990,2308,430,3,748998,0,15000,2261994,10,2024-02-27,5,63,25
7991,1174,528,1,49707,2485,25000,72222,2,2024-10-23,5,20,26
7992,988,289,1,202494,20249,20000,202245,4,2025-05-01,2,62,6
7993,1193,32,2,781327,78132,20000,1426390,2,2023-07-08,2,71,7
7994,662,5,1,273478,13673,15000,274805,1,2026-04-28,5,9,1
7995,53,106,1,1108263,55413,30000,1082850,1,2024-09-04,1,7,16
7996,1085,399,3,1033936,0,20000,3121808,2,2025-03-26,5,26,6
7997,2213,33,2,761327,0,30000,1552654,12,2024-12-02,4,50,21
7998,672,390,2,1063936,0,30000,2157872,1,2025-08-24,1,38,23
7999,1037,350,2,1187247,59362,15000,2270770,7,2023-05-28,4,34,1
8000,822,362,4,1059326,0,0,4237304,12,2025-06-09,3,2,24
8001,2457,53,2,1009429,50471,25000,1942916,4,2023-07-15,6,32,23
8002,888,324,1,135454,13545,0,121909,11,2023-05-12,4,77,19
8003,971,422,1,550089,0,10000,560089,8,2024-09-15,2,30,7
8004,1874,124,2,1407646,0,15000,2830292,11,2024-02-04,5,17,29
8005,1753,406,1,1073936,0,20000,1093936,9,2023-11-11,3,14,14
8006,486,159,3,1287879,64393,10000,3680458,11,2024-05-25,1,34,15
8007,1565,519,1,59707,0,30000,89707,12,2026-03-29,3,11,27
8008,536,179,2,582301,0,20000,1184602,9,2024-01-20,1,33,17
8009,1444,390,1,1063936,0,25000,1088936,9,2023-10-30,3,67,29
8010,1447,63,3,876915,0,25000,2655745,12,2023-08-25,2,20,11
8011,304,265,1,247829,12391,25000,260438,8,2023-12-20,3,54,27
8012,274,477,3,455632,0,15000,1381896,1,2024-06-19,1,65,7
8013,2157,497,2,1164592,58229,20000,2232726,9,2026-07-04,6,66,9
8014,1437,188,1,60278,0,30000,90278,3,2024-09-28,4,39,15
8015,1642,523,1,89707,4485,0,85222,9,2024-04-12,4,60,12
8016,1925,9,1,293478,14673,30000,308805,6,2026-04-01,1,25,22
8017,469,488,1,445632,22281,0,423351,11,2024-01-04,3,52,11
8018,1514,284,1,222494,22249,20000,220245,9,2026-06-13,4,19,17
8019,431,299,3,155454,15545,20000,439727,2,2024-02-06,2,7,6
8020,764,364,1,1079326,53966,20000,1045360,5,2023-11-07,3,12,12
8021,687,436,2,1013839,0,20000,2047678,11,2024-04-06,5,31,7
8022,2206,378,2,1059326,52966,10000,2022720,2,2023-12-20,4,42,4
8023,149,114,1,1138263,0,25000,1163263,4,2025-07-05,5,51,17
8024,1301,105,1,1108263,0,30000,1138263,5,2025-04-11,2,58,29
8025,283,541,1,595602,0,20000,615602,6,2024-02-26,2,18,22
8026,1002,89,2,225165,11258,15000,442814,6,2025-10-16,3,40,29
8027,1841,102,3,1148263,0,10000,3454789,5,2025-01-29,3,21,7
8028,165,451,2,1013839,0,20000,2047678,1,2024-01-09,5,60,26
8029,602,39,1,791327,0,10000,801327,3,2023-11-08,3,1,10
8030,1757,234,1,1169215,175382,20000,1013833,8,2023-11-13,5,3,1
8031,1348,102,2,1148263,57413,30000,2211700,2,2025-11-27,1,5,13
8032,501,323,1,175454,0,0,175454,6,2024-04-05,3,31,5
8033,167,532,1,59707,0,10000,69707,12,2026-03-09,2,62,20
8034,1678,313,1,145454,0,25000,170454,2,2026-05-21,4,23,10
8035,2404,130,1,1407646,140764,0,1266882,1,2023-01-13,4,29,2
8036,1156,528,1,49707,0,25000,74707,4,2025-01-16,4,16,1
8037,1628,263,1,217829,21782,0,196047,11,2026-06-24,1,6,19
8038,1254,225,2,1179215,0,25000,2383430,2,2023-02-16,3,34,9
8039,853,139,2,1397646,139764,0,2515764,10,2023-08-16,3,14,1
8040,2394,193,1,70278,0,10000,80278,2,2025-06-16,2,16,19
8041,842,522,3,69707,0,10000,219121,6,2023-04-09,5,50,14
8042,1600,208,1,995325,99532,10000,905793,11,2024-10-06,4,10,22
8043,779,433,4,1023839,153575,10000,3491056,11,2024-01-11,4,43,27
8044,2393,530,2,69707,0,20000,159414,11,2025-06-01,5,37,5
8045,2446,261,2,247829,12391,20000,490876,12,2026-08-16,5,22,18
8046,1876,407,4,1043936,0,0,4175744,5,2024-05-25,4,32,18
8047,923,216,1,995325,0,15000,1010325,1,2024-06-22,4,58,11
8048,2438,215,1,1035325,0,10000,1045325,7,2023-10-22,4,72,28
8049,1289,93,3,195165,0,30000,615495,12,2024-03-11,3,21,19
8050,1728,250,1,237829,0,0,237829,12,2025-01-26,2,55,24
8051,109,62,1,836915,0,25000,861915,7,2026-04-13,4,73,10
8052,121,405,2,1053936,0,25000,2132872,1,2026-08-20,4,3,14
8053,1612,178,1,572301,28615,10000,553686,5,2025-09-12,6,77,17
8054,1580,82,3,205165,10258,10000,594721,10,2024-01-05,3,37,20
8055,2096,422,2,550089,27504,20000,1065170,11,2026-08-24,8,70,17
8056,1628,211,3,995325,0,10000,2995975,10,2024-03-13,8,32,19
8057,983,179,3,582301,29115,20000,1679558,10,2024-02-17,3,25,23
8058,997,138,3,1437646,0,0,4312938,2,2025-09-22,4,41,27
8059,201,448,1,1023839,0,0,1023839,12,2024-12-18,5,68,13
8060,160,245,2,247829,0,15000,510658,12,2025-05-03,3,52,11
8061,1051,290,2,222494,33374,30000,408240,10,2024-10-15,5,5,19
8062,1399,171,1,552301,0,0,552301,9,2025-03-12,3,10,21
8063,365,155,1,1317879,0,15000,1332879,5,2024-08-22,3,36,23
8064,1949,470,1,382900,0,25000,407900,6,2025-01-13,8,3,3
8065,182,267,1,217829,0,15000,232829,6,2025-11-21,2,24,28
8066,380,334,2,1167247,175087,25000,2009320,3,2024-03-12,2,19,17
8067,669,265,2,247829,0,25000,520658,7,2024-09-07,3,9,10
8068,126,78,3,846915,42345,25000,2438710,12,2025-04-29,3,45,1
8069,2233,362,1,1059326,0,15000,1074326,10,2023-01-20,6,46,15
8070,263,332,4,1187247,118724,10000,4284092,12,2025-04-10,2,62,7
8071,2484,274,5,192494,0,10000,972470,12,2025-11-29,5,52,21
8072,1657,321,1,175454,8772,10000,176682,1,2025-09-29,5,42,10
8073,830,269,1,232494,23249,15000,224245,9,2024-02-16,4,71,21
8074,1943,419,2,1085563,0,15000,2186126,11,2024-01-18,1,69,27
8075,1456,52,3,1019429,0,25000,3083287,10,2025-10-23,4,7,13
8076,1831,427,1,1148346,0,25000,1173346,8,2025-09-20,1,19,25
8077,989,382,2,1033936,51696,15000,1979480,1,2025-10-20,2,44,24
8078,2157,446,2,993839,49691,0,1888296,4,2025-12-05,5,1,9
8079,359,242,1,217829,0,25000,242829,10,2026-03-09,2,5,9
8080,82,154,1,1307879,0,30000,1337879,4,2023-04-02,5,59,12
8081,2432,228,1,1199215,0,15000,1214215,5,2026-07-25,4,31,2
8082,632,345,2,1187247,59362,25000,2280770,12,2025-08-05,3,14,14
8083,574,138,3,1437646,0,25000,4337938,6,2026-04-29,4,5,4
8084,1967,282,2,212494,10624,0,403740,12,2023-12-25,3,5,26
8085,1838,536,1,595602,0,10000,605602,10,2025-03-14,4,50,29
8086,2020,426,4,1118346,55917,0,4249716,4,2026-02-12,2,59,9
8087,2348,143,4,1317879,0,10000,5281516,8,2024-04-08,4,48,16
8088,1488,488,1,445632,22281,20000,443351,10,2023-02-17,1,5,27
8089,2142,42,1,999429,0,10000,1009429,11,2023-12-19,7,11,12
8090,104,315,3,135454,0,0,406362,11,2025-03-28,5,76,19
8091,1714,345,1,1187247,0,25000,1212247,2,2023-12-02,4,47,15
8092,2239,204,3,995325,0,15000,3000975,2,2025-02-16,6,16,2
8093,1292,112,1,1128263,0,30000,1158263,10,2024-03-01,8,19,21
8094,1065,393,2,1073936,107393,10000,1943086,7,2025-10-05,1,67,4
8095,884,455,3,382900,0,20000,1168700,5,2025-10-28,5,3,22
8096,2479,174,5,562301,0,20000,2831505,3,2025-04-08,2,32,2
8097,397,476,1,455632,68344,15000,402288,3,2024-11-23,4,40,27
8098,2470,198,5,50278,5027,20000,246255,4,2024-08-12,4,9,4
8099,320,58,2,1009429,50471,20000,1937916,10,2024-02-19,1,75,12
8100,2022,406,1,1073936,0,0,1073936,8,2023-06-24,3,48,14
8101,571,238,1,1199215,0,25000,1224215,5,2026-01-06,6,59,14
8102,735,439,1,1013839,50691,25000,988148,5,2023-04-04,1,61,28
8103,816,422,2,550089,27504,30000,1075170,9,2024-06-28,3,8,24
8104,1178,409,1,1172030,58601,0,1113429,1,2025-01-11,3,41,13
8105,2162,441,1,993839,49691,20000,964148,4,2024-01-26,2,77,26
8106,663,67,2,836915,41845,25000,1615140,6,2026-08-10,3,10,28
8107,1650,498,1,1164592,0,30000,1194592,11,2023-10-16,4,56,19
8108,1052,236,2,1199215,0,20000,2418430,12,2026-04-20,3,21,21
8109,1343,177,3,552301,0,30000,1686903,1,2025-01-16,1,29,22
8110,1474,223,4,1179215,0,15000,4731860,7,2026-07-17,3,65,25
8111,1015,215,1,1035325,51766,20000,1003559,8,2025-12-27,1,25,22
8112,1753,403,4,1043936,52196,10000,3976960,9,2025-12-04,5,69,14
8113,2231,396,1,1043936,104393,0,939543,3,2025-04-19,5,2,7
8114,596,238,3,1199215,0,30000,3627645,8,2026-05-27,3,23,8
8115,1967,412,3,1212030,0,10000,3646090,3,2023-11-28,2,74,26
8116,27,473,1,455632,22781,25000,457851,9,2026-07-24,2,10,29
8117,1452,331,4,1157247,115724,15000,4181092,8,2026-03-11,5,50,28
8118,1693,104,2,1118263,0,0,2236526,3,2026-05-21,3,10,19
8119,2202,247,2,237829,0,25000,500658,5,2023-02-20,5,46,8
8120,18,316,2,175454,17545,30000,345818,9,2023-04-06,5,74,24
8121,1782,102,1,1148263,0,10000,1158263,11,2024-04-14,2,7,25
8122,728,414,1,1253713,62685,25000,1216028,5,2023-04-03,3,29,24
8123,1392,63,2,876915,43845,20000,1686140,2,2024-01-05,1,48,5
8124,483,408,1,1063936,106393,10000,967543,10,2024-12-26,4,69,14
8125,1588,334,2,1167247,0,0,2334494,9,2026-08-16,8,29,10
8126,1722,312,4,155454,0,20000,641816,8,2025-06-12,3,50,14
8127,1606,493,4,1174592,58729,20000,4483452,8,2025-01-18,3,12,5
8128,1467,175,1,542301,0,15000,557301,10,2024-08-05,5,15,5
8129,229,23,2,751327,0,25000,1527654,5,2026-08-13,5,6,2
8130,1100,298,1,165454,0,20000,185454,10,2023-04-26,3,30,3
8131,236,224,2,1159215,0,0,2318430,6,2024-12-04,5,66,24
8132,2082,185,1,50278,0,20000,70278,1,2025-05-17,4,52,20
8133,2204,27,1,761327,76132,25000,710195,8,2024-02-15,3,20,28
8134,130,59,1,1029429,0,30000,1059429,9,2026-05-08,4,40,14
8135,2128,154,1,1307879,130787,10000,1187092,7,2023-11-14,4,31,13
8136,2084,517,2,79707,3985,0,151444,8,2026-01-12,3,51,6
8137,816,464,5,372900,0,15000,1879500,9,2025-10-26,3,50,24
8138,2341,97,1,205165,0,15000,220165,6,2025-04-05,5,40,19
8139,1329,329,1,1157247,0,30000,1187247,9,2023-10-19,5,44,18
8140,819,509,1,1194592,59729,15000,1149863,5,2024-04-30,4,4,29
8141,933,271,1,202494,0,25000,227494,4,2026-02-08,2,50,27
8142,203,340,4,1177247,0,20000,4728988,3,2025-04-02,5,74,16
8143,1339,366,1,1079326,107932,30000,1001394,3,2023-07-28,2,59,12
8144,1525,297,1,155454,0,25000,180454,8,2025-10-28,1,68,24
8145,1464,529,4,89707,0,10000,368828,10,2026-04-04,7,43,5
8146,1164,423,3,510089,0,20000,1550267,2,2024-01-01,4,77,6
8147,413,181,1,90278,0,15000,105278,11,2026-07-15,1,32,1
8148,1288,18,1,293478,14673,25000,303805,6,2024-04-01,5,27,25
8149,2265,406,2,1073936,0,0,2147872,1,2026-07-12,1,27,26
8150,2309,201,1,1025325,51266,20000,994059,9,2024-12-25,2,45,20
8151,2211,359,1,1079326,0,30000,1109326,4,2025-03-08,4,45,12
8152,1745,310,2,145454,0,25000,315908,11,2024-12-27,2,59,27
8153,733,204,5,995325,49766,25000,4752795,4,2025-12-29,1,11,24
8154,995,320,1,175454,0,10000,185454,10,2024-07-10,5,29,18
8155,1861,441,2,993839,149075,15000,1704528,1,2026-05-30,4,2,25
8156,173,199,1,80278,0,25000,105278,7,2025-02-08,6,75,29
8157,857,118,2,1138263,0,15000,2291526,7,2026-02-18,3,20,29
8158,757,544,1,565602,28280,0,537322,5,2024-10-21,4,49,11
8159,920,1,1,263478,0,25000,288478,11,2024-11-10,7,33,27
8160,1252,457,2,362900,36290,30000,683220,6,2023-02-24,8,12,24
8161,693,321,5,175454,17545,10000,799545,6,2025-01-07,4,20,14
8162,900,48,1,1029429,0,20000,1049429,9,2025-01-05,4,1,23
8163,1842,421,1,530089,26504,25000,528585,10,2024-09-15,4,8,5
8164,2062,214,2,1035325,51766,30000,1997118,4,2023-06-24,3,8,29
8165,209,205,2,1025325,0,10000,2060650,6,2023-07-16,2,43,14
8166,227,416,1,1263713,63185,10000,1210528,11,2026-05-11,2,46,17
8167,199,230,1,1199215,119921,25000,1104294,3,2024-04-23,4,66,23
8168,408,398,1,1073936,0,10000,1083936,11,2026-03-08,3,67,23
8169,449,546,1,555602,27780,25000,552822,4,2023-08-09,4,20,4
8170,866,164,1,582301,29115,30000,583186,5,2026-01-31,6,40,15
8171,1715,244,1,217829,0,15000,232829,1,2024-11-17,3,26,11
8172,1787,474,2,425632,21281,25000,833702,12,2023-12-06,3,54,12
8173,511,243,1,217829,10891,15000,221938,2,2023-08-29,3,7,2
8174,2302,427,2,1148346,0,20000,2316692,7,2024-09-20,2,51,5
8175,1085,261,4,247829,0,20000,1011316,4,2023-05-23,3,59,6
8176,926,2,1,303478,0,0,303478,8,2026-06-28,3,14,24
8177,2327,311,1,165454,0,30000,195454,12,2025-06-01,4,42,27
8178,2298,446,3,993839,0,30000,3011517,5,2025-03-08,4,58,10
8179,2127,401,2,1053936,0,25000,2132872,5,2024-11-09,4,3,15
8180,1761,325,1,1147247,0,10000,1157247,9,2026-08-04,3,45,25
8181,1865,508,3,1174592,0,0,3523776,10,2023-11-11,4,61,28
8182,446,39,1,791327,0,0,791327,4,2025-05-24,6,38,22
8183,695,202,5,1015325,0,15000,5091625,4,2023-07-20,1,32,2
8184,1988,496,2,1164592,0,30000,2359184,5,2025-08-28,5,56,28
8185,972,531,2,59707,11941,0,95532,4,2025-08-27,1,17,2
8186,1538,406,4,1073936,0,30000,4325744,12,2023-03-06,5,61,4
8187,465,136,3,1397646,0,15000,4207938,3,2025-08-13,5,36,7
8188,1562,432,3,768998,0,20000,2326994,12,2023-08-31,2,66,27
8189,1447,348,1,1157247,57862,15000,1114385,7,2026-04-21,4,68,11
8190,1212,541,1,595602,0,20000,615602,9,2024-04-07,4,77,28
8191,1059,538,1,575602,0,10000,585602,4,2024-02-15,5,52,22
8192,1096,521,5,89707,0,0,448535,2,2023-10-25,1,77,25
8193,2362,211,2,995325,99532,30000,1821586,2,2023-03-01,4,40,29
8194,783,214,1,1035325,0,0,1035325,12,2025-08-09,4,26,13
8195,919,383,2,1063936,53196,0,2021480,12,2026-07-28,1,34,10
8196,1432,354,1,1069326,0,15000,1084326,11,2024-12-30,2,63,18
8197,895,53,1,1009429,0,25000,1034429,11,2026-08-27,1,57,8
8198,994,492,2,455632,22781,15000,880702,1,2025-06-21,3,37,28
8199,1612,190,1,60278,0,30000,90278,10,2024-09-18,2,77,17
8200,1372,486,2,455632,0,25000,936264,11,2026-04-26,1,23,22
8201,2394,107,2,1138263,0,30000,2306526,9,2026-05-30,1,7,19
8202,292,235,1,1189215,59460,15000,1144755,2,2023-11-26,5,14,27
8203,1709,143,2,1317879,0,20000,2655758,11,2025-03-16,4,31,28
8204,2209,96,3,205165,0,15000,630495,8,2023-05-08,3,72,7
8205,394,255,2,237829,0,25000,500658,12,2025-05-20,5,47,19
8206,221,119,2,1148263,57413,20000,2201700,10,2023-02-11,6,22,13
8207,2390,46,1,1009429,50471,25000,983958,10,2023-03-09,6,2,28
8208,2081,372,4,1069326,0,25000,4302304,4,2026-08-13,3,5,3
8209,2349,439,1,1013839,50691,10000,973148,4,2025-12-20,5,36,14
8210,976,271,2,202494,0,15000,419988,10,2023-08-15,3,46,17
8211,1517,181,2,90278,13541,10000,163474,12,2026-03-14,1,63,7
8212,534,252,1,217829,0,25000,242829,11,2023-10-04,4,47,29
8213,780,436,4,1013839,101383,15000,3664824,6,2025-07-27,4,29,2
8214,1107,392,1,1063936,159590,20000,924346,12,2023-10-01,4,10,10
8215,1666,86,1,205165,10258,25000,219907,6,2024-03-19,5,33,24
8216,822,330,1,1177247,176587,20000,1020660,12,2023-04-23,5,18,24
8217,318,143,2,1317879,0,0,2635758,2,2026-06-16,3,11,2
8218,135,95,5,235165,0,15000,1190825,1,2024-04-18,3,5,8
8219,1940,168,1,582301,58230,20000,544071,5,2023-08-27,4,10,7
8220,1960,272,1,202494,0,30000,232494,9,2025-12-14,5,71,17
8221,1555,288,2,192494,0,20000,404988,6,2023-03-07,4,70,4
8222,1570,274,1,192494,0,30000,222494,6,2023-01-20,4,62,13
8223,1453,529,3,89707,0,10000,279121,8,2026-05-05,5,9,3
8224,1114,448,1,1023839,51191,20000,992648,1,2023-07-09,2,70,17
8225,1876,305,2,145454,0,15000,305908,4,2023-04-14,7,70,18
8226,61,405,1,1053936,105393,0,948543,2,2023-06-10,2,49,3
8227,501,228,1,1199215,0,25000,1224215,7,2024-07-19,4,27,5
8228,1311,468,5,392900,0,0,1964500,6,2026-07-20,2,12,18
8229,58,240,3,1169215,0,15000,3522645,2,2025-05-20,4,44,25
8230,1524,487,4,445632,0,0,1782528,3,2023-10-01,4,75,25
8231,1286,201,3,1025325,102532,0,2768379,10,2023-06-17,4,69,18
8232,2158,469,4,392900,0,25000,1596600,8,2025-07-08,2,25,5
8233,1688,184,1,80278,4013,0,76265,3,2024-11-16,1,61,15
8234,823,125,2,1397646,0,15000,2810292,6,2023-03-07,5,15,6
8235,449,90,1,235165,0,0,235165,4,2023-04-27,5,57,4
8236,2313,522,2,69707,0,20000,159414,10,2023-04-10,2,23,24
8237,2113,220,1,1035325,207065,25000,853260,9,2026-01-20,8,32,18
8238,1212,431,1,758998,0,0,758998,8,2025-09-27,4,27,28
8239,2002,67,1,836915,167383,20000,689532,9,2023-05-30,3,28,10
8240,2475,388,1,1043936,52196,20000,1011740,8,2025-06-18,2,51,21
8241,1848,205,3,1025325,51266,15000,2937177,3,2024-04-27,6,36,24
8242,272,539,2,585602,29280,25000,1137644,2,2023-03-04,5,2,13
8243,1381,426,2,1118346,167751,25000,1926190,2,2026-02-14,3,43,20
8244,1514,198,1,50278,0,30000,80278,6,2025-01-28,8,74,17
8245,245,472,1,372900,37290,25000,360610,9,2023-12-02,4,76,29
8246,2081,263,1,217829,10891,15000,221938,9,2025-04-15,5,38,3
8247,1590,403,2,1043936,0,15000,2102872,7,2026-07-16,3,24,6
8248,1885,483,1,455632,0,25000,480632,1,2023-10-01,4,45,29
8249,124,538,4,575602,0,25000,2327408,5,2025-09-04,1,26,3
8250,587,429,1,758998,0,0,758998,9,2024-09-13,2,70,25
8251,461,540,1,565602,28280,15000,552322,1,2024-10-25,5,2,14
8252,2478,2,5,303478,30347,30000,1395655,7,2023-04-16,4,77,9
8253,649,551,3,555602,0,20000,1686806,11,2025-06-22,6,15,22
8254,408,2,1,303478,15173,10000,298305,5,2023-02-13,5,68,23
8255,1967,420,2,1065563,0,25000,2156126,7,2024-06-12,4,38,26
8256,37,505,1,1204592,0,10000,1214592,1,2025-09-20,5,22,4
8257,492,199,2,80278,0,30000,190556,3,2026-03-11,4,28,20
8258,658,71,1,846915,84691,20000,782224,4,2026-03-31,2,12,25
8259,1650,23,1,751327,75132,10000,686195,10,2023-03-26,1,35,19
8260,138,329,2,1157247,0,30000,2344494,6,2026-01-11,7,49,14
8261,2348,206,3,1035325,51766,15000,2965677,1,2024-05-07,2,33,16
8262,1654,117,1,1108263,0,20000,1128263,12,2025-12-27,3,69,20
8263,2217,185,1,50278,0,15000,65278,2,2024-01-01,7,51,7
8264,794,415,3,1243713,0,20000,3751139,6,2023-08-04,1,75,12
8265,2247,175,2,542301,0,25000,1109602,8,2024-08-16,4,71,26
8266,1402,10,1,273478,0,25000,298478,4,2024-02-02,4,26,4
8267,1766,104,1,1118263,0,20000,1138263,7,2026-08-19,2,62,21
8268,1688,140,2,1407646,0,20000,2835292,7,2023-05-24,2,46,15
8269,2190,106,1,1108263,55413,15000,1067850,6,2025-09-09,5,66,9
8270,599,515,2,79707,0,0,159414,11,2023-02-14,5,18,14
8271,132,85,4,225165,0,10000,910660,1,2023-07-27,5,20,7
8272,1603,108,3,1128263,0,15000,3399789,7,2025-05-10,4,44,25
8273,395,213,1,1025325,0,30000,1055325,10,2023-11-21,3,39,28
8274,1363,438,5,1023839,0,30000,5149195,1,2024-02-24,1,52,27
8275,2208,390,1,1063936,0,10000,1073936,11,2024-12-05,3,16,19
8276,257,517,3,79707,0,15000,254121,7,2024-09-21,2,63,22
8277,2274,36,1,761327,76132,20000,705195,8,2024-12-28,2,64,21
8278,636,110,1,1108263,0,30000,1138263,4,2023-06-25,4,17,4
8279,228,351,1,1157247,0,0,1157247,2,2023-07-03,5,52,16
8280,1515,279,1,222494,0,30000,252494,6,2024-06-30,2,10,4
8281,880,530,2,69707,0,30000,169414,1,2025-07-06,4,24,9
8282,1978,230,2,1199215,0,20000,2418430,3,2023-10-20,4,32,29
8283,2471,199,2,80278,0,0,160556,4,2025-01-17,4,21,8
8284,255,29,1,751327,0,10000,761327,8,2024-07-20,2,71,14
8285,1196,179,1,582301,0,0,582301,5,2024-10-20,4,42,29
8286,1858,260,2,247829,0,25000,520658,1,2024-12-01,4,38,24
8287,928,116,2,1138263,0,0,2276526,9,2024-05-09,4,48,21
8288,1846,341,1,1157247,0,20000,1177247,4,2023-12-03,4,39,16
8289,2482,169,2,552301,0,10000,1114602,8,2023-09-04,2,34,20
8290,132,167,1,542301,27115,15000,530186,2,2024-11-24,2,48,7
8291,1941,305,2,145454,7272,30000,306364,5,2026-03-08,4,26,24
8292,432,219,1,995325,49766,0,945559,6,2026-06-07,3,8,23
8293,704,321,1,175454,0,25000,200454,5,2026-05-13,6,45,4
8294,605,97,2,205165,10258,25000,414814,1,2023-06-04,4,44,8
8295,1766,215,1,1035325,0,20000,1055325,3,2023-12-19,3,42,21
8296,1291,221,2,1179215,0,15000,2373430,10,2026-02-25,1,74,15
8297,884,347,1,1187247,0,30000,1217247,11,2025-12-21,4,58,22
8298,1854,422,4,550089,0,25000,2225356,4,2024-06-22,3,70,22
8299,828,163,5,542301,27115,30000,2605930,2,2024-06-15,5,9,6
8300,928,270,1,192494,0,10000,202494,7,2024-09-28,3,68,21
8301,1966,288,1,192494,0,20000,212494,11,2026-03-09,5,59,29
8302,1838,283,2,222494,0,15000,459988,9,2023-09-11,2,1,29
8303,375,501,4,1174592,58729,30000,4493452,3,2025-07-09,3,9,8
8304,14,118,1,1138263,113826,30000,1054437,7,2025-06-16,6,37,19
8305,1616,318,2,145454,0,25000,315908,10,2026-05-20,4,39,26
8306,581,77,2,856915,42845,15000,1643140,8,2026-05-22,4,8,10
8307,119,163,1,542301,0,20000,562301,1,2024-05-29,4,17,27
8308,2114,321,3,175454,0,15000,541362,7,2025-01-30,1,16,1
8309,2384,329,4,1157247,0,0,4628988,12,2023-10-22,4,48,27
8310,2324,534,3,585602,117120,25000,1430446,5,2025-01-11,4,25,11
8311,182,175,1,542301,0,0,542301,9,2025-09-09,3,31,28
8312,1695,249,1,237829,0,10000,247829,8,2025-01-16,7,34,4
8313,2044,180,5,572301,28615,0,2718430,8,2023-08-30,3,59,5
8314,119,401,1,1053936,0,0,1053936,2,2026-01-31,3,24,27
8315,2113,483,1,455632,45563,25000,435069,4,2026-07-17,5,17,18
8316,65,135,2,1397646,0,20000,2815292,12,2023-02-13,4,27,21
8317,1005,185,1,50278,0,20000,70278,1,2025-03-19,3,49,4
8318,981,509,1,1194592,0,0,1194592,6,2026-05-04,4,27,20
8319,1142,118,1,1138263,0,0,1138263,12,2026-01-10,1,25,5
8320,385,339,1,1187247,0,30000,1217247,5,2026-02-23,5,76,28
8321,884,485,1,425632,0,20000,445632,1,2025-06-01,7,23,22
8322,22,29,2,751327,0,25000,1527654,10,2023-08-29,1,68,24
8323,1593,168,1,582301,29115,20000,573186,1,2023-12-16,5,37,28
8324,2232,367,1,1099326,164898,25000,959428,4,2023-10-24,5,56,1
8325,291,467,1,382900,0,15000,397900,9,2025-08-24,4,32,25
8326,728,109,3,1108263,0,30000,3354789,9,2025-01-16,1,5,24
8327,1895,109,2,1108263,0,0,2216526,4,2024-06-14,7,14,23
8328,434,81,3,205165,0,20000,635495,1,2023-03-10,3,41,8
8329,233,540,1,565602,56560,20000,529042,12,2024-08-16,1,24,8
8330,1525,260,1,247829,12391,20000,255438,8,2023-06-22,4,52,24
8331,2233,325,1,1147247,0,10000,1157247,7,2023-08-05,4,53,15
8332,1467,51,1,1039429,51971,15000,1002458,11,2023-09-20,1,11,5
8333,1398,246,2,207829,0,15000,430658,11,2025-10-29,2,26,20
8334,428,277,1,202494,0,25000,227494,8,2023-06-29,4,68,9
8335,2378,274,2,192494,0,30000,414988,12,2023-11-23,6,61,12
8336,1304,241,3,227829,11391,25000,674314,8,2025-04-10,8,18,5
8337,1380,358,1,1099326,0,25000,1124326,12,2023-07-03,4,65,13
8338,507,72,1,846915,0,0,846915,8,2023-02-25,4,33,4
8339,1594,264,2,237829,0,0,475658,6,2023-03-16,4,48,5
8340,523,39,1,791327,0,25000,816327,5,2025-03-15,3,48,26
8341,793,73,4,876915,0,30000,3537660,9,2023-07-16,4,40,22
8342,173,482,1,465632,46563,10000,429069,11,2025-09-12,5,24,29
8343,1460,414,2,1253713,0,10000,2517426,10,2023-06-25,5,33,12
8344,1657,347,2,1187247,59362,15000,2270770,3,2025-08-25,4,9,10
8345,179,323,1,175454,0,20000,195454,1,2026-07-06,4,54,4
8346,1725,106,1,1108263,55413,10000,1062850,12,2026-04-22,4,37,1
8347,1326,491,3,445632,0,0,1336896,12,2024-04-05,5,30,22
8348,1795,469,2,392900,0,20000,805800,11,2024-09-30,5,74,5
8349,669,198,3,50278,0,30000,180834,12,2023-04-13,2,28,10
8350,548,119,2,1148263,114826,10000,2076874,3,2025-07-01,2,13,23
8351,2150,90,3,235165,11758,15000,685221,10,2023-04-13,1,28,20
8352,1691,279,2,222494,22249,10000,410490,5,2023-02-15,4,65,22
8353,1589,247,1,237829,0,20000,257829,2,2024-08-10,5,33,21
8354,1440,310,4,145454,7272,30000,582728,4,2023-11-17,5,30,29
8355,2026,130,1,1407646,0,0,1407646,6,2023-04-15,2,56,19
8356,1597,395,1,1043936,0,20000,1063936,10,2026-03-10,5,46,17
8357,454,264,5,237829,11891,20000,1149690,11,2025-03-11,4,8,23
8358,940,193,2,70278,0,30000,170556,4,2024-10-05,1,1,10
8359,2452,546,5,555602,0,25000,2803010,2,2023-02-02,3,43,20
8360,1273,297,1,155454,0,10000,165454,2,2025-09-21,4,16,18
8361,1264,409,3,1172030,0,25000,3541090,12,2025-11-10,4,23,12
8362,456,52,4,1019429,0,10000,4087716,8,2023-01-29,4,15,6
8363,1696,293,5,192494,9624,25000,939350,9,2023-06-13,4,30,7
8364,1996,233,3,1179215,0,0,3537645,6,2024-04-07,5,27,12
8365,947,425,1,1148346,229669,15000,933677,12,2024-11-10,1,60,4
8366,1687,338,2,1187247,118724,0,2137046,2,2025-12-27,4,54,13
8367,2132,87,2,235165,0,15000,485330,10,2026-01-02,7,67,3
8368,365,346,1,1147247,0,25000,1172247,2,2024-07-15,4,63,23
8369,232,14,3,283478,42521,15000,737871,2,2024-12-02,3,34,1
8370,2184,23,5,751327,0,25000,3781635,5,2026-02-18,2,26,1
8371,2433,245,2,247829,12391,0,470876,5,2024-08-15,2,39,8
8372,2314,120,1,1108263,0,30000,1138263,8,2024-05-10,5,46,24
8373,1449,269,4,232494,0,15000,944976,3,2024-04-23,4,55,2
8374,493,200,4,60278,3013,25000,254060,1,2023-11-21,8,19,23
8375,1263,119,1,1148263,0,0,1148263,10,2023-01-23,2,13,10
8376,1215,448,1,1023839,0,0,1023839,9,2025-04-25,5,32,11
8377,331,2,2,303478,0,30000,636956,10,2024-04-01,3,19,5
8378,1288,120,1,1108263,55413,30000,1082850,1,2026-04-15,4,76,25
8379,279,536,4,595602,0,0,2382408,10,2023-12-31,4,9,9
8380,531,382,5,1033936,0,0,5169680,10,2024-05-16,2,7,11
8381,1897,174,4,562301,56230,30000,2054284,4,2024-06-07,1,14,27
8382,1465,76,1,856915,0,15000,871915,1,2025-11-04,4,47,11
8383,128,226,1,1189215,0,25000,1214215,6,2024-05-10,3,4,28
8384,1157,239,2,1189215,0,15000,2393430,1,2024-01-03,2,32,16
8385,1035,43,2,1019429,0,0,2038858,6,2025-06-24,3,16,7
8386,1585,433,1,1023839,51191,25000,997648,5,2023-10-11,5,29,10
8387,1573,119,1,1148263,0,15000,1163263,5,2025-09-15,5,37,10
8388,643,546,3,555602,83340,30000,1446786,2,2025-02-01,4,35,22
8389,2120,75,2,876915,0,15000,1768830,2,2025-12-06,5,48,10
8390,2430,104,2,1118263,0,25000,2261526,7,2025-09-24,1,72,15
8391,2006,113,1,1148263,57413,0,1090850,1,2024-07-03,1,58,11
8392,2299,364,1,1079326,161898,10000,927428,11,2026-06-13,5,14,8
8393,241,276,3,222494,11124,25000,659110,8,2026-01-05,2,16,7
8394,1785,202,1,1015325,0,20000,1035325,4,2025-07-02,3,5,21
8395,1520,158,5,1297879,0,10000,6499395,5,2024-02-16,6,65,13
8396,2482,391,1,1063936,0,30000,1093936,8,2025-06-01,3,26,20
8397,1716,147,1,1297879,0,20000,1317879,3,2024-09-29,4,37,2
8398,2392,452,1,983839,0,10000,993839,5,2023-07-20,4,5,27
8399,907,264,1,237829,0,15000,252829,4,2026-04-14,5,30,6
8400,1729,334,4,1167247,58362,15000,4450540,2,2024-01-21,1,50,19
8401,849,6,4,273478,0,20000,1113912,9,2023-11-12,1,50,1
8402,2443,84,1,235165,0,25000,260165,3,2025-12-24,5,24,21
8403,547,49,4,1009429,100942,10000,3643948,10,2024-06-10,5,54,11
8404,1854,230,2,1199215,0,30000,2428430,3,2025-09-28,2,43,22
8405,507,172,1,562301,84345,30000,507956,2,2023-08-29,2,57,4
8406,938,46,1,1009429,0,25000,1034429,12,2024-07-31,4,9,6
8407,1668,330,1,1177247,58862,30000,1148385,6,2023-04-01,5,71,28
8408,2493,482,1,465632,0,20000,485632,10,2023-03-24,3,23,10
8409,930,25,1,771327,38566,25000,757761,2,2025-07-08,2,37,25
8410,1684,58,2,1009429,0,25000,2043858,3,2023-09-16,1,76,23
8411,1492,477,3,455632,22781,25000,1323553,1,2026-04-16,4,5,15
8412,1728,464,2,372900,18645,10000,718510,7,2023-06-03,4,19,24
8413,2217,99,3,195165,19516,30000,556947,9,2024-04-04,5,35,7
8414,457,408,3,1063936,106393,10000,2882629,8,2023-04-14,4,40,24
8415,1459,390,1,1063936,53196,20000,1030740,3,2026-01-06,2,72,20
8416,777,303,4,155454,7772,20000,610728,2,2025-06-24,5,73,12
8417,541,77,1,856915,0,0,856915,9,2025-12-07,4,44,16
8418,43,102,1,1148263,57413,30000,1120850,6,2026-04-21,1,28,21
8419,1102,297,1,155454,0,15000,170454,1,2023-11-20,4,76,8
8420,1628,384,1,1063936,53196,25000,1035740,3,2023-11-02,5,26,19
8421,2481,385,1,1073936,0,15000,1088936,3,2025-10-06,4,53,1
8422,2291,199,1,80278,0,0,80278,12,2023-06-25,1,53,7
8423,1732,393,4,1073936,161090,25000,3676384,1,2025-12-19,5,73,29
8424,2456,357,3,1089326,0,20000,3287978,1,2024-09-24,4,39,21
8425,1409,41,5,1009429,0,30000,5077145,8,2023-02-15,2,58,15
8426,2190,402,5,1033936,0,15000,5184680,11,2023-12-12,3,30,9
8427,38,282,1,212494,0,0,212494,5,2023-03-06,5,14,21
8428,1238,279,1,222494,0,10000,232494,6,2025-02-18,5,71,5
8429,763,309,1,175454,0,25000,200454,12,2024-09-03,6,41,19
8430,1126,243,1,217829,0,20000,237829,3,2023-01-25,1,42,6
8431,2359,87,1,235165,0,20000,255165,9,2025-03-23,4,44,7
8432,437,523,4,89707,4485,30000,370888,12,2024-04-30,3,61,28
8433,418,469,2,392900,0,10000,795800,6,2023-05-04,6,34,11
8434,557,82,2,205165,0,10000,420330,2,2024-03-21,3,45,10
8435,1867,337,1,1177247,58862,30000,1148385,7,2023-03-30,4,73,15
8436,734,48,1,1029429,0,25000,1054429,3,2023-05-23,2,19,11
8437,2082,147,4,1297879,129787,0,4672368,6,2026-03-17,4,22,20
8438,1047,384,4,1063936,53196,10000,4052960,4,2024-11-11,4,56,26
8439,604,451,4,1013839,101383,25000,3674824,12,2023-09-19,2,74,28
8440,1383,264,1,237829,0,10000,247829,10,2023-04-03,2,37,7
8441,629,249,3,237829,0,30000,743487,4,2025-05-29,3,53,21
8442,10,351,1,1157247,0,0,1157247,12,2026-03-29,3,13,12
8443,102,299,1,155454,7772,10000,157682,3,2023-10-17,4,33,2
8444,1584,196,2,70278,0,20000,160556,9,2025-04-06,1,1,29
8445,4,457,1,362900,18145,30000,374755,6,2025-11-26,4,13,15
8446,861,201,1,1025325,0,15000,1040325,11,2023-06-22,4,48,26
8447,490,313,5,145454,0,0,727270,9,2023-03-22,5,6,3
8448,1805,36,5,761327,0,15000,3821635,8,2026-03-07,5,32,22
8449,1852,276,1,222494,0,10000,232494,4,2025-01-13,2,30,18
8450,107,79,2,836915,0,25000,1698830,12,2023-04-10,5,72,2
8451,175,147,2,1297879,0,0,2595758,6,2025-12-17,1,43,2
8452,2226,362,5,1059326,0,25000,5321630,12,2023-02-19,3,48,23
8453,1088,388,1,1043936,0,10000,1053936,2,2026-06-07,2,56,12
8454,744,545,1,575602,86340,0,489262,2,2025-12-16,3,61,10
8455,70,4,1,303478,0,10000,313478,7,2024-05-06,3,17,29
8456,1001,552,1,585602,0,20000,605602,3,2024-11-16,3,8,16
8457,435,6,3,273478,13673,25000,804415,4,2024-06-04,1,5,10
8458,1868,392,2,1063936,0,0,2127872,9,2026-07-24,1,60,18
8459,981,211,4,995325,49766,0,3782236,12,2023-12-18,4,72,20
8460,266,268,5,227829,0,0,1139145,12,2023-02-08,8,20,15
8461,2197,514,1,49707,7456,10000,52251,5,2023-10-06,5,17,8
8462,2145,153,1,1277879,0,15000,1292879,9,2024-12-18,4,51,13
8463,2458,523,2,89707,8970,20000,181474,6,2024-01-26,5,49,17
8464,506,64,3,856915,0,0,2570745,12,2024-11-05,4,30,10
8465,1760,482,2,465632,0,0,931264,5,2024-10-02,3,3,15
8466,927,548,1,555602,27780,10000,537822,6,2026-03-24,4,52,3
8467,1848,84,2,235165,23516,30000,453298,7,2023-06-16,4,63,24
8468,1901,457,1,362900,0,0,362900,6,2023-09-27,5,52,8
8469,1083,523,3,89707,0,25000,294121,4,2023-11-14,4,46,2
8470,675,363,1,1069326,0,20000,1089326,1,2025-08-29,5,65,18
8471,1308,122,4,1427646,0,25000,5735584,12,2023-11-06,5,76,4
8472,767,436,2,1013839,0,20000,2047678,12,2025-03-13,3,28,29
8473,1130,497,1,1164592,0,10000,1174592,3,2025-12-01,4,27,17
8474,730,359,4,1079326,0,25000,4342304,7,2024-08-03,4,1,9
8475,1058,461,2,392900,0,10000,795800,6,2025-04-04,3,59,6
8476,2278,135,1,1397646,139764,25000,1282882,4,2024-02-24,7,49,18
8477,763,519,2,59707,2985,30000,143444,6,2024-11-11,3,75,19
8478,169,406,2,1073936,0,10000,2157872,7,2023-11-28,4,59,14
8479,474,30,1,761327,0,15000,776327,10,2026-06-18,5,72,3
8480,822,154,3,1307879,130787,10000,3541276,3,2025-09-09,5,28,24
8481,2193,546,2,555602,0,15000,1126204,9,2023-03-02,3,72,10
8482,358,271,3,202494,0,0,607482,4,2025-07-04,4,55,20
8483,1585,408,1,1063936,0,30000,1093936,10,2024-06-19,3,33,10
8484,1014,156,2,1317879,0,15000,2650758,9,2024-11-15,3,68,9
8485,1862,116,1,1138263,0,0,1138263,8,2024-06-21,3,1,5
8486,1445,262,3,237829,0,15000,728487,1,2026-08-22,3,39,7
8487,933,245,3,247829,0,20000,763487,6,2025-01-01,3,59,27
8488,1745,191,3,60278,3013,20000,191795,6,2023-10-29,2,69,27
8489,2341,398,3,1073936,214787,15000,2592447,1,2024-11-12,3,66,19
8490,18,330,1,1177247,0,0,1177247,10,2023-07-04,3,65,24
8491,2393,204,1,995325,49766,0,945559,7,2025-11-13,3,37,5
8492,969,133,2,1397646,69882,20000,2675528,3,2024-07-01,3,33,13
8493,2180,522,1,69707,6970,30000,92737,9,2024-08-09,3,44,19
8494,2202,361,1,1069326,53466,30000,1045860,2,2024-06-08,4,33,8
8495,1782,274,3,192494,9624,30000,578610,10,2024-08-23,3,77,25
8496,1075,354,2,1069326,0,0,2138652,6,2023-11-05,3,30,5
8497,904,238,5,1199215,59960,20000,5716275,11,2024-07-29,5,23,21
8498,2172,81,5,205165,0,30000,1055825,10,2026-02-02,8,10,10
8499,2140,260,3,247829,0,15000,758487,10,2023-02-09,2,37,16
8500,1531,190,3,60278,0,15000,195834,3,2025-02-07,3,47,21
8501,850,4,2,303478,0,0,606956,4,2023-12-20,3,23,8
8502,45,513,1,59707,0,15000,74707,5,2025-10-09,4,52,17
8503,637,170,1,562301,28115,0,534186,9,2025-03-24,6,73,9
8504,1357,49,1,1009429,0,10000,1019429,6,2023-11-26,2,77,4
8505,1302,132,4,1417646,0,20000,5690584,6,2025-08-04,4,75,22
8506,333,314,2,155454,7772,0,295364,6,2024-03-03,4,60,5
8507,155,225,1,1179215,0,10000,1189215,1,2024-07-28,3,10,10
8508,2429,449,2,993839,0,15000,2002678,7,2023-06-28,7,19,20
8509,1555,314,1,155454,0,25000,180454,4,2024-03-21,3,55,4
8510,1528,495,1,1194592,0,20000,1214592,8,2023-01-21,3,7,6
8511,352,41,1,1009429,50471,0,958958,11,2024-05-22,2,22,27
8512,1870,446,3,993839,0,25000,3006517,8,2025-09-30,3,19,20
8513,916,206,2,1035325,51766,25000,1992118,6,2026-04-07,5,47,24
8514,272,134,4,1417646,70882,25000,5412056,6,2026-01-07,6,43,13
8515,1336,443,1,1013839,0,0,1013839,8,2023-03-09,4,67,25
8516,910,302,1,135454,0,30000,165454,11,2025-06-22,3,40,4
8517,2429,281,3,212494,21249,15000,588735,12,2023-10-28,5,12,20
8518,468,237,2,1169215,175382,20000,2007666,1,2025-09-28,2,65,20
8519,2061,140,2,1407646,0,25000,2840292,9,2025-01-10,2,19,16
8520,482,168,1,582301,0,20000,602301,11,2025-12-05,5,69,27
8521,870,211,3,995325,149298,15000,2553081,10,2023-12-04,4,36,4
8522,9,5,3,273478,41021,30000,727371,9,2025-02-28,3,14,19
8523,1863,497,1,1164592,0,0,1164592,1,2024-11-02,2,42,15
8524,2038,533,1,575602,0,20000,595602,3,2023-01-14,4,26,28
8525,1739,420,2,1065563,106556,30000,1948014,4,2026-03-26,2,53,26
8526,509,492,2,455632,0,25000,936264,12,2024-05-21,4,67,4
8527,523,219,3,995325,0,30000,3015975,6,2026-02-20,1,19,26
8528,963,525,2,69707,0,0,139414,12,2023-11-17,6,21,3
8529,1525,430,1,748998,37449,20000,731549,3,2026-07-31,6,56,24
8530,276,523,1,89707,0,30000,119707,12,2025-05-06,4,7,21
8531,2020,199,1,80278,0,20000,100278,5,2026-01-08,1,16,9
8532,1493,159,1,1287879,0,25000,1312879,8,2024-05-14,5,66,29
8533,874,188,1,60278,6027,0,54251,9,2023-01-17,3,31,20
8534,2031,347,1,1187247,0,0,1187247,3,2024-07-15,5,12,5
8535,1771,509,1,1194592,0,25000,1219592,1,2024-07-06,4,10,9
8536,104,491,4,445632,0,10000,1792528,10,2025-03-09,4,58,19
8537,2232,347,1,1187247,0,30000,1217247,10,2023-03-17,5,66,1
8538,473,316,2,175454,0,30000,380908,2,2023-08-06,1,71,23
8539,364,62,3,836915,0,10000,2520745,12,2025-07-08,4,57,27
8540,299,120,2,1108263,0,25000,2241526,4,2025-03-26,4,12,5
8541,844,101,2,1148263,0,0,2296526,4,2023-02-01,5,42,22
8542,1278,118,1,1138263,0,15000,1153263,11,2025-09-14,8,64,28
8543,4,499,1,1184592,0,0,1184592,11,2025-07-03,5,24,15
8544,2007,143,2,1317879,0,0,2635758,4,2026-02-03,5,12,22
8545,795,25,2,771327,115699,15000,1326256,9,2025-02-24,5,55,14
8546,167,252,1,217829,10891,30000,236938,9,2024-02-25,3,44,20
8547,2423,199,1,80278,0,20000,100278,6,2025-05-27,4,69,22
8548,443,547,2,585602,0,25000,1196204,4,2025-05-08,2,11,3
8549,2086,136,1,1397646,0,0,1397646,10,2026-04-02,2,73,27
8550,22,111,1,1138263,56913,0,1081350,7,2024-06-15,5,5,24
8551,903,256,5,207829,10391,30000,1017190,11,2024-02-24,4,2,18
8552,2161,513,1,59707,0,20000,79707,6,2024-10-02,5,26,1
8553,414,141,1,1287879,0,15000,1302879,6,2026-08-24,4,1,17
8554,1050,275,1,222494,11124,25000,236370,10,2023-08-18,5,29,27
8555,1843,506,2,1194592,0,10000,2399184,3,2023-03-21,2,57,26
8556,157,143,4,1317879,0,15000,5286516,11,2025-01-09,4,27,5
8557,758,152,1,1287879,0,30000,1317879,6,2025-09-17,1,47,3
8558,148,55,2,1039429,0,20000,2098858,2,2026-06-19,3,30,19
8559,2284,107,3,1138263,113826,20000,3093311,3,2023-03-07,4,4,2
8560,18,398,1,1073936,0,30000,1103936,2,2025-10-27,6,49,24
8561,630,429,2,758998,0,20000,1537996,6,2025-08-09,1,27,8
8562,857,276,2,222494,0,0,444988,8,2026-06-07,7,77,29
8563,1705,464,1,372900,0,20000,392900,2,2024-08-16,4,74,18
8564,2240,314,1,155454,15545,0,139909,4,2026-01-07,5,31,1
8565,553,429,1,758998,113849,0,645149,9,2026-03-22,5,26,24
8566,2209,345,1,1187247,0,25000,1212247,11,2025-09-05,2,48,7
8567,1512,186,2,70278,0,15000,155556,2,2024-05-31,1,50,15
8568,996,515,1,79707,0,25000,104707,2,2025-03-03,3,62,29
8569,1306,71,3,846915,42345,25000,2438710,4,2024-07-05,5,19,28
8570,1897,208,1,995325,49766,0,945559,4,2025-06-05,3,57,27
8571,2417,149,1,1287879,64393,25000,1248486,3,2026-02-18,3,63,3
8572,1989,116,2,1138263,0,10000,2286526,4,2026-04-10,1,9,21
8573,955,115,1,1118263,0,20000,1138263,12,2024-04-03,2,30,2
8574,365,80,3,846915,0,30000,2570745,7,2025-02-26,2,77,23
8575,1965,223,1,1179215,176882,25000,1027333,6,2023-08-28,2,42,5
8576,413,78,2,846915,0,10000,1703830,8,2023-04-20,4,50,1
8577,2054,140,1,1407646,0,20000,1427646,11,2024-04-26,5,55,4
8578,401,234,1,1169215,116921,30000,1082294,4,2023-01-02,4,14,1
8579,1126,15,3,283478,0,15000,865434,10,2023-06-11,3,32,6
8580,798,421,1,530089,26504,10000,513585,12,2023-12-24,7,14,22
8581,1376,118,2,1138263,0,0,2276526,4,2023-02-08,5,34,24
8582,254,470,2,382900,0,15000,780800,2,2026-06-16,3,40,1
8583,2332,46,2,1009429,100942,0,1816974,11,2025-03-02,6,31,24
8584,1611,117,1,1108263,0,20000,1128263,6,2024-01-31,6,26,20
8585,2038,118,2,1138263,0,10000,2286526,12,2024-02-21,8,18,28
8586,885,207,1,1015325,0,25000,1040325,7,2026-08-27,3,3,26
8587,1734,41,3,1009429,0,0,3028287,4,2023-05-07,4,66,20
8588,1065,174,1,562301,0,15000,577301,9,2025-05-04,2,71,4
8589,2049,380,3,1079326,107932,0,2914182,2,2023-07-29,4,70,18
8590,1097,268,1,227829,22782,25000,230047,12,2026-05-17,2,47,12
8591,1496,132,2,1417646,0,0,2835292,7,2025-02-25,3,62,2
8592,435,265,2,247829,12391,10000,480876,11,2024-11-11,5,64,10
8593,2331,58,1,1009429,0,10000,1019429,10,2026-01-24,8,57,23
8594,2301,258,2,237829,0,25000,500658,1,2025-03-25,5,25,19
8595,269,474,2,425632,0,10000,861264,6,2024-03-15,5,14,5
8596,1071,372,1,1069326,0,10000,1079326,11,2025-05-29,2,76,29
8597,1627,28,1,751327,37566,30000,743761,12,2023-05-28,4,14,22
8598,724,381,2,1033936,0,30000,2097872,4,2023-01-29,3,41,19
8599,1929,505,4,1204592,240918,0,3854696,10,2024-02-07,2,17,13
8600,2110,334,1,1167247,0,15000,1182247,6,2023-03-07,3,2,10
8601,345,91,1,225165,22516,15000,217649,4,2024-08-25,3,69,5
8602,1908,13,2,293478,0,20000,606956,3,2026-08-18,4,12,18
8603,2215,20,1,283478,0,20000,303478,11,2026-03-26,2,8,12
8604,1003,239,1,1189215,0,10000,1199215,1,2024-05-03,4,27,15
8605,685,175,1,542301,0,30000,572301,1,2024-04-19,5,39,12
8606,283,36,1,761327,114199,0,647128,6,2026-05-26,3,66,22
8607,829,25,2,771327,38566,0,1465522,12,2023-11-18,3,20,5
8608,1961,149,1,1287879,64393,20000,1243486,5,2025-07-01,2,14,27
8609,2016,25,4,771327,0,25000,3110308,11,2024-01-05,4,60,9
8610,551,386,1,1053936,0,10000,1063936,12,2026-08-17,8,51,1
8611,471,419,2,1085563,0,25000,2196126,12,2025-07-15,3,67,5
8612,451,482,4,465632,23281,15000,1784404,6,2026-06-01,7,45,23
8613,2082,529,4,89707,4485,30000,370888,2,2023-06-14,2,26,20
8614,643,160,2,1297879,0,30000,2625758,1,2024-05-05,4,58,22
8615,232,321,5,175454,8772,15000,848410,2,2024-02-01,5,32,1
8616,2302,88,1,205165,0,20000,225165,2,2026-04-07,3,25,5
8617,1870,310,1,145454,7272,15000,153182,9,2026-06-01,4,67,20
8618,528,452,5,983839,0,30000,4949195,4,2023-10-22,4,34,12
8619,928,181,1,90278,0,10000,100278,4,2024-02-10,2,7,21
8620,1894,391,2,1063936,106393,10000,1925086,5,2025-12-22,8,40,22
8621,432,451,3,1013839,0,10000,3051517,4,2026-04-13,4,48,23
8622,1147,365,4,1089326,54466,10000,4149440,6,2023-08-07,3,59,6
8623,106,446,3,993839,49691,25000,2857444,12,2024-06-14,3,57,2
8624,1879,382,2,1033936,51696,10000,1974480,9,2026-08-09,3,17,23
8625,1809,162,1,582301,0,15000,597301,11,2023-03-04,2,56,6
8626,1061,367,1,1099326,54966,0,1044360,11,2025-12-26,5,1,29
8627,553,464,1,372900,55935,25000,341965,4,2024-09-02,3,29,24
8628,111,527,2,89707,0,15000,194414,1,2025-08-04,5,35,26
8629,194,416,2,1263713,0,20000,2547426,12,2025-01-14,2,40,26
8630,58,214,1,1035325,103532,0,931793,3,2024-01-13,3,5,25
8631,1751,338,1,1187247,0,25000,1212247,8,2023-05-21,4,64,12
8632,814,73,2,876915,43845,0,1666140,3,2025-07-02,3,64,8
8633,1679,358,4,1099326,54966,0,4177440,11,2023-09-07,4,21,24
8634,1025,301,1,175454,0,20000,195454,11,2025-12-31,4,49,27
8635,952,73,4,876915,0,25000,3532660,7,2025-11-20,2,71,20
8636,233,74,1,836915,0,0,836915,6,2023-09-05,2,1,8
8637,2164,337,1,1177247,0,25000,1202247,6,2025-06-24,5,10,10
8638,1553,201,3,1025325,205065,10000,2470780,5,2025-05-02,3,25,2
8639,1159,74,1,836915,0,15000,851915,9,2026-04-07,2,64,24
8640,72,84,4,235165,0,30000,970660,3,2024-03-02,3,9,7
8641,1158,211,2,995325,0,0,1990650,4,2023-10-20,4,9,2
8642,888,25,1,771327,0,10000,781327,9,2025-08-12,5,52,19
8643,513,153,2,1277879,0,30000,2585758,1,2026-03-03,1,32,7
8644,2494,84,1,235165,0,20000,255165,6,2023-07-15,8,37,11
8645,269,312,1,155454,15545,0,139909,11,2023-09-14,3,33,5
8646,607,348,5,1157247,0,25000,5811235,5,2025-09-09,4,23,19
8647,1170,58,1,1009429,100942,30000,938487,2,2025-02-08,5,58,3
8648,760,4,1,303478,0,15000,318478,4,2024-09-07,3,51,4
8649,2171,12,5,303478,0,0,1517390,3,2024-02-12,1,12,7
8650,227,425,1,1148346,0,25000,1173346,4,2024-03-24,1,39,17
8651,24,122,2,1427646,0,20000,2875292,6,2025-09-14,2,21,21
8652,1952,423,1,510089,51008,15000,474081,4,2025-10-10,5,73,14
8653,1806,68,4,856915,0,25000,3452660,11,2023-04-30,5,62,16
8654,983,236,1,1199215,0,30000,1229215,2,2024-11-23,3,7,23
8655,12,549,3,595602,29780,0,1697466,5,2025-02-05,3,40,29
8656,1436,91,1,225165,11258,30000,243907,11,2024-02-29,4,69,19
8657,2252,377,1,1059326,158898,25000,925428,6,2024-12-18,1,6,12
8658,365,343,3,1157247,0,25000,3496741,11,2023-03-31,4,71,23
8659,1780,446,2,993839,0,25000,2012678,7,2025-12-08,3,23,8
8660,2331,529,1,89707,4485,30000,115222,10,2024-12-21,4,47,23
8661,1713,424,1,520089,0,15000,535089,9,2025-03-28,2,7,9
8662,2049,36,2,761327,0,20000,1542654,6,2024-10-19,3,4,18
8663,2096,240,2,1169215,0,15000,2353430,9,2025-09-16,4,27,17
8664,2153,222,1,1199215,119921,0,1079294,12,2024-07-28,2,72,20
8665,1457,302,2,135454,0,30000,300908,8,2024-08-09,6,36,6
8666,247,130,2,1407646,0,25000,2840292,11,2024-01-16,1,5,28
8667,2259,313,1,145454,0,10000,155454,11,2025-11-16,5,12,9
8668,578,82,4,205165,0,25000,845660,2,2024-01-26,6,3,5
8669,1915,372,1,1069326,53466,25000,1040860,7,2026-07-21,4,19,15
8670,2214,290,5,222494,0,30000,1142470,6,2025-12-19,5,68,5
8671,1635,360,2,1079326,0,0,2158652,11,2026-04-24,4,21,23
8672,148,525,1,69707,0,30000,99707,2,2025-05-11,3,22,19
8673,665,235,1,1189215,0,20000,1209215,5,2026-03-05,5,53,26
8674,2474,350,1,1187247,0,20000,1207247,9,2025-06-13,5,21,6
8675,690,508,1,1174592,0,30000,1204592,12,2024-03-18,4,73,11
8676,1122,86,1,205165,20516,10000,194649,11,2025-08-23,5,64,20
8677,31,386,1,1053936,52696,0,1001240,11,2025-10-09,3,5,2
8678,2089,322,2,135454,6772,30000,287364,2,2024-08-04,2,21,28
8679,1279,284,1,222494,0,15000,237494,7,2026-06-20,1,21,14
8680,2040,286,3,222494,33374,0,567360,10,2023-06-29,4,50,25
8681,2009,407,3,1043936,0,30000,3161808,11,2023-02-26,3,46,7
8682,1460,64,1,856915,0,25000,881915,11,2025-05-06,6,45,12
8683,1021,71,2,846915,84691,25000,1549448,8,2025-08-24,5,3,19
8684,422,278,2,222494,11124,0,422740,3,2026-02-02,4,28,22
8685,2220,246,2,207829,0,20000,435658,12,2025-07-03,5,47,4
8686,659,353,1,1089326,54466,25000,1059860,10,2024-02-09,5,74,29
8687,483,450,4,983839,0,25000,3960356,12,2024-03-12,1,10,14
8688,1237,446,2,993839,0,0,1987678,7,2024-04-04,4,12,14
8689,1395,281,3,212494,21249,0,573735,8,2025-01-15,2,51,12
8690,278,347,1,1187247,0,25000,1212247,2,2026-07-07,2,7,10
8691,948,257,1,217829,10891,15000,221938,4,2024-07-12,4,12,2
8692,793,521,3,89707,0,25000,294121,9,2025-05-06,4,53,22
8693,1151,549,1,595602,0,15000,610602,9,2023-05-31,4,44,24
8694,1451,505,3,1204592,0,20000,3633776,4,2024-06-19,7,71,24
8695,247,188,1,60278,0,15000,75278,7,2025-10-28,1,77,28
8696,2472,496,3,1164592,58229,30000,3349089,6,2023-07-05,5,47,7
8697,1551,493,3,1174592,58729,10000,3357589,5,2024-10-11,1,73,11
8698,2396,11,5,293478,0,25000,1492390,5,2023-02-18,3,33,17
8699,255,369,1,1079326,53966,30000,1055360,2,2024-09-17,3,64,14
8700,2014,97,2,205165,0,10000,420330,2,2023-08-18,7,25,26
8701,162,504,2,1194592,0,30000,2419184,12,2023-02-11,5,18,27
8702,1821,497,3,1164592,0,10000,3503776,12,2025-09-25,3,68,22
8703,1450,285,1,212494,0,20000,232494,3,2026-08-27,4,30,28
8704,2087,64,2,856915,85691,30000,1572448,9,2024-07-02,2,10,2
8705,2287,161,5,582301,29115,0,2765930,8,2026-05-14,4,70,19
8706,1339,217,2,995325,99532,30000,1821586,7,2025-05-17,2,40,12
8707,2192,322,4,135454,6772,25000,539728,12,2024-10-03,5,55,15
8708,458,413,1,1243713,186556,0,1057157,5,2025-08-29,3,61,27
8709,1235,147,1,1297879,0,10000,1307879,12,2023-11-01,5,41,5
8710,116,49,1,1009429,0,20000,1029429,12,2024-11-11,6,46,18
8711,1058,116,3,1138263,170739,15000,2917572,1,2023-01-08,2,33,6
8712,2177,475,1,445632,0,20000,465632,9,2023-01-02,3,52,3
8713,995,167,1,542301,0,25000,567301,2,2024-09-14,1,59,18
8714,859,386,1,1053936,52696,20000,1021240,1,2026-03-31,1,67,12
8715,1669,244,2,217829,0,30000,465658,4,2023-04-21,4,69,22
8716,1649,444,3,1013839,0,20000,3061517,3,2024-01-16,2,75,11
8717,2306,315,3,135454,0,0,406362,9,2026-07-15,4,34,28
8718,11,138,2,1437646,71882,15000,2746528,8,2026-05-02,4,54,7
8719,523,100,1,215165,0,0,215165,9,2023-06-15,5,28,26
8720,1574,396,2,1043936,104393,30000,1909086,4,2023-04-03,2,65,2
8721,543,457,1,362900,0,10000,372900,11,2023-08-09,1,67,4
8722,705,279,1,222494,0,10000,232494,10,2025-12-05,3,74,20
8723,1847,30,2,761327,38066,30000,1476522,5,2025-11-03,3,25,13
8724,1005,542,2,595602,0,20000,1211204,5,2025-10-10,4,64,4
8725,1255,167,1,542301,0,30000,572301,2,2026-07-05,3,39,15
8726,397,158,2,1297879,64893,15000,2480972,6,2025-02-18,5,65,27
8727,2075,442,2,1003839,0,20000,2027678,2,2023-01-15,4,25,21
8728,652,395,3,1043936,0,15000,3146808,6,2024-11-14,4,38,25
8729,802,487,1,445632,0,25000,470632,12,2024-02-15,5,64,20
8730,26,37,1,791327,0,30000,821327,4,2025-06-21,4,38,22
8731,360,504,2,1194592,0,25000,2414184,8,2024-11-25,3,57,3
8732,2317,65,2,846915,0,15000,1708830,8,2023-09-30,2,50,26
8733,615,473,1,455632,45563,15000,425069,12,2025-02-15,7,3,17
8734,2369,218,3,1025325,0,10000,3085975,3,2026-07-20,3,55,17
8735,434,224,1,1159215,57960,0,1101255,9,2025-11-01,2,66,8
8736,583,299,1,155454,0,30000,185454,7,2024-03-25,3,21,7
8737,1256,33,2,761327,38066,20000,1466522,8,2025-12-16,4,39,23
8738,1209,434,1,983839,49191,25000,959648,1,2026-05-26,5,7,5
8739,2474,537,3,575602,0,25000,1751806,12,2025-06-11,5,57,6
8740,874,535,1,555602,0,25000,580602,10,2023-09-04,3,22,20
8741,929,439,1,1013839,50691,30000,993148,2,2024-02-08,1,48,7
8742,1030,121,1,1427646,0,20000,1447646,6,2024-05-26,3,6,25
8743,923,202,1,1015325,0,20000,1035325,2,2025-08-14,3,45,11
8744,599,213,3,1025325,51266,0,2922177,11,2025-05-15,4,1,14
8745,836,445,2,993839,0,30000,2017678,12,2024-03-14,5,74,29
8746,1838,155,2,1317879,65893,15000,2518972,2,2024-09-28,5,67,29
8747,1404,44,4,1029429,0,15000,4132716,3,2026-01-18,3,47,13
8748,836,412,1,1212030,0,25000,1237030,4,2025-01-15,1,59,29
8749,340,266,1,237829,0,15000,252829,11,2025-01-17,5,63,29
8750,1498,274,1,192494,0,20000,212494,4,2023-11-29,6,29,29
8751,2439,129,3,1427646,71382,30000,4098792,4,2025-11-24,3,16,7
8752,826,157,2,1317879,0,15000,2650758,1,2026-04-08,5,34,16
8753,558,94,1,235165,11758,25000,248407,10,2023-06-18,3,72,19
8754,409,317,2,165454,8272,0,314364,10,2023-11-20,5,34,7
8755,727,160,1,1297879,0,25000,1322879,7,2026-08-04,5,22,15
8756,1053,11,1,293478,44021,10000,259457,7,2025-04-27,4,43,6
8757,182,243,5,217829,0,25000,1114145,3,2024-10-03,5,62,28
8758,2076,320,1,175454,17545,0,157909,11,2023-08-21,5,19,4
8759,620,498,1,1164592,0,0,1164592,3,2025-07-01,5,9,15
8760,259,10,3,273478,0,30000,850434,6,2025-06-08,3,69,21
8761,2149,524,2,69707,0,0,139414,7,2026-04-22,5,74,8
8762,638,174,1,562301,0,10000,572301,1,2024-07-14,3,42,16
8763,2008,27,2,761327,0,10000,1532654,7,2026-05-09,2,24,2
8764,1478,133,4,1397646,69882,0,5311056,11,2024-08-26,1,43,6
8765,2121,505,1,1204592,0,0,1204592,12,2023-03-02,4,27,24
8766,796,301,2,175454,0,30000,380908,3,2026-04-24,4,77,6
8767,619,204,1,995325,49766,10000,955559,5,2026-03-27,3,31,23
8768,1694,90,3,235165,0,10000,715495,3,2025-12-01,7,42,17
8769,1211,530,4,69707,0,20000,298828,4,2025-04-19,4,62,6
8770,1756,296,1,222494,0,10000,232494,6,2023-05-30,4,15,19
8771,1448,348,5,1157247,115724,30000,5237615,11,2023-01-01,4,43,23
8772,1365,146,3,1317879,0,0,3953637,6,2025-10-02,3,55,26
8773,2150,155,1,1317879,0,0,1317879,4,2023-05-13,4,55,20
8774,770,234,1,1169215,0,10000,1179215,3,2025-10-15,2,39,29
8775,643,487,1,445632,66844,0,378788,1,2025-02-21,5,8,22
8776,1931,101,2,1148263,0,20000,2316526,8,2026-08-03,1,48,15
8777,941,440,2,1013839,0,10000,2037678,12,2026-08-01,5,69,16
8778,1992,476,1,455632,22781,30000,462851,6,2026-04-16,3,7,18
8779,1751,507,1,1204592,0,30000,1234592,3,2024-11-10,4,63,12
8780,1389,4,1,303478,0,30000,333478,3,2024-08-15,3,38,11
8781,2294,268,1,227829,0,0,227829,7,2024-02-20,7,25,18
8782,228,249,2,237829,0,15000,490658,9,2025-08-23,5,26,16
8783,1273,156,1,1317879,65893,20000,1271986,1,2023-12-29,4,69,18
8784,412,73,1,876915,0,25000,901915,5,2023-11-26,2,16,6
8785,1568,152,1,1287879,0,10000,1297879,1,2024-09-04,4,39,16
8786,82,404,2,1053936,0,25000,2132872,8,2024-02-09,5,59,12
8787,259,487,4,445632,0,30000,1812528,2,2026-01-16,5,33,21
8788,319,514,2,49707,0,20000,119414,8,2025-01-11,4,49,17
8789,359,235,1,1189215,0,20000,1209215,10,2025-10-02,2,19,9
8790,2403,137,1,1397646,139764,0,1257882,1,2025-12-12,4,51,4
8791,898,298,2,165454,0,25000,355908,10,2023-01-04,2,16,8
8792,125,497,1,1164592,0,0,1164592,10,2025-12-02,6,72,28
8793,1897,83,5,225165,33774,25000,981955,11,2023-03-02,7,40,27
8794,1732,23,1,751327,0,15000,766327,6,2025-04-27,5,52,29
8795,1913,387,1,1033936,0,20000,1053936,4,2025-10-26,3,1,9
8796,1427,264,3,237829,23782,10000,652141,10,2025-02-18,6,49,6
8797,1946,351,1,1157247,231449,15000,940798,3,2023-01-28,5,10,10
8798,673,468,2,392900,0,0,785800,6,2024-09-30,6,1,3
8799,1964,120,1,1108263,221652,20000,906611,5,2023-03-29,2,11,14
8800,943,393,1,1073936,0,15000,1088936,12,2025-10-09,2,19,24
8801,789,522,1,69707,0,20000,89707,8,2024-09-11,4,45,14
8802,2041,103,2,1138263,170739,20000,1955048,7,2026-07-14,2,58,23
8803,1143,239,2,1189215,0,10000,2388430,5,2023-03-14,6,55,13
8804,1650,334,2,1167247,116724,25000,2126046,9,2025-10-16,4,75,19
8805,1299,265,1,247829,0,25000,272829,12,2026-06-24,5,20,16
8806,915,93,1,195165,0,10000,205165,8,2024-11-07,5,72,16
8807,1839,273,2,202494,10124,20000,404740,4,2026-02-17,2,62,8
8808,289,100,1,215165,0,0,215165,9,2025-12-16,3,36,14
8809,1555,213,1,1025325,0,30000,1055325,9,2023-04-19,4,54,4
8810,1794,532,2,59707,2985,25000,138444,6,2026-02-25,5,29,23
8811,1427,330,1,1177247,117724,0,1059523,6,2026-07-11,6,77,6
8812,804,201,1,1025325,0,20000,1045325,1,2024-04-24,4,58,27
8813,969,444,5,1013839,0,25000,5094195,1,2026-01-11,5,25,13
8814,2259,224,1,1159215,0,20000,1179215,4,2025-04-05,2,5,9
8815,828,91,4,225165,0,25000,925660,8,2026-02-06,3,9,6
8816,1447,135,1,1397646,0,10000,1407646,2,2024-06-23,4,36,11
8817,322,147,1,1297879,0,15000,1312879,12,2023-06-11,4,27,18
8818,1332,156,1,1317879,131787,10000,1196092,11,2024-08-09,5,32,1
8819,1644,353,1,1089326,0,10000,1099326,11,2024-05-18,4,21,20
8820,1641,377,2,1059326,0,20000,2138652,2,2026-05-08,2,29,12
8821,941,396,3,1043936,0,20000,3151808,10,2026-05-15,5,45,16
8822,1513,327,2,1177247,0,25000,2379494,12,2025-12-07,5,29,13
8823,845,295,2,202494,10124,15000,399740,3,2026-08-01,3,36,5
8824,105,348,5,1157247,0,30000,5816235,4,2023-02-01,3,62,12
8825,1330,132,1,1417646,141764,25000,1300882,6,2026-03-11,3,22,28
8826,195,522,1,69707,0,25000,94707,8,2025-08-10,1,25,18
8827,2274,275,2,222494,22249,20000,420490,6,2025-01-21,5,60,21
8828,146,115,2,1118263,55913,30000,2154700,9,2025-04-10,5,23,28
8829,1667,340,1,1177247,0,30000,1207247,9,2026-07-21,3,77,11
8830,1429,61,2,836915,0,25000,1698830,2,2024-05-21,4,14,4
8831,1833,474,1,425632,21281,25000,429351,6,2024-07-28,5,34,14
8832,720,506,1,1194592,0,30000,1224592,5,2026-08-04,2,35,28
8833,837,484,3,425632,21281,15000,1228053,2,2024-09-30,4,50,12
8834,1456,313,1,145454,0,10000,155454,10,2023-12-30,4,27,13
8835,2198,102,1,1148263,57413,30000,1120850,3,2023-09-27,2,36,2
8836,416,405,5,1053936,0,30000,5299680,8,2025-09-12,3,54,8
8837,1190,110,1,1108263,55413,0,1052850,1,2025-12-02,6,54,27
8838,1594,162,1,582301,0,15000,597301,5,2026-06-17,1,40,5
8839,37,116,4,1138263,113826,20000,4117748,3,2023-05-10,2,17,4
8840,1749,444,1,1013839,152075,20000,881764,11,2023-07-08,4,35,7
8841,1654,351,4,1157247,173587,0,3934640,6,2026-07-05,4,50,20
8842,2301,292,2,232494,23249,0,418490,12,2025-03-25,5,48,19
8843,698,162,1,582301,0,20000,602301,12,2025-02-26,1,47,29
8844,2056,240,1,1169215,0,15000,1184215,10,2026-03-02,4,2,21
8845,1722,175,1,542301,0,25000,567301,11,2025-04-06,2,12,14
8846,845,45,2,1019429,50971,20000,1956916,5,2024-06-09,4,12,5
8847,1122,147,1,1297879,129787,25000,1193092,6,2025-09-23,4,14,20
8848,2263,423,2,510089,51008,25000,943162,3,2026-06-17,3,76,29
8849,1350,71,1,846915,42345,15000,819570,4,2023-07-08,5,62,27
8850,1164,164,3,582301,29115,0,1659558,1,2024-06-09,2,13,6
8851,459,57,1,1009429,0,20000,1029429,4,2023-01-25,2,10,11
8852,808,357,5,1089326,108932,20000,4921970,8,2023-08-26,4,9,15
8853,939,231,5,1199215,0,0,5996075,9,2023-05-30,3,57,13
8854,942,396,4,1043936,52196,10000,3976960,7,2023-01-19,2,53,20
8855,75,380,1,1079326,107932,10000,981394,12,2023-10-18,2,74,15
8856,1365,83,1,225165,0,30000,255165,3,2025-03-25,4,66,26
8857,1723,94,1,235165,0,20000,255165,7,2023-05-03,4,15,14
8858,2190,360,2,1079326,0,10000,2168652,1,2023-09-18,4,53,9
8859,2064,540,1,565602,0,0,565602,5,2023-11-07,5,20,22
8860,438,314,2,155454,0,20000,330908,5,2025-01-30,2,74,4
8861,1283,236,1,1199215,59960,15000,1154255,6,2025-07-20,4,17,8
8862,764,350,1,1187247,178087,25000,1034160,11,2025-02-02,3,1,12
8863,355,113,1,1148263,57413,10000,1100850,7,2025-09-22,5,49,27
8864,2265,67,1,836915,0,25000,861915,8,2023-07-26,6,19,26
8865,1086,92,1,195165,0,25000,220165,11,2026-01-27,3,27,26
8866,93,74,2,836915,0,20000,1693830,8,2023-02-10,2,51,4
8867,136,347,2,1187247,0,15000,2389494,2,2023-02-27,6,53,22
8868,2350,71,1,846915,0,25000,871915,9,2023-03-05,5,23,22
8869,649,464,5,372900,0,15000,1879500,12,2024-01-30,4,45,22
8870,1052,495,1,1194592,59729,25000,1159863,8,2024-12-26,3,7,21
8871,2370,502,2,1174592,0,0,2349184,1,2023-06-03,1,77,13
8872,1254,206,1,1035325,0,20000,1055325,10,2023-01-26,6,58,9
8873,1826,189,2,90278,0,30000,210556,5,2026-01-15,1,63,11
8874,971,228,1,1199215,59960,0,1139255,8,2025-09-12,2,76,7
8875,475,418,2,1105563,110556,20000,2010014,12,2025-05-06,3,14,10
8876,1930,109,5,1108263,110826,0,4987185,3,2025-01-01,4,6,8
8877,1809,547,3,585602,0,20000,1776806,8,2023-09-06,3,42,6
8878,1288,385,1,1073936,0,10000,1083936,10,2024-09-08,2,32,25
8879,1742,484,5,425632,21281,25000,2046755,6,2024-09-03,4,15,15
8880,2089,360,1,1079326,107932,10000,981394,3,2026-01-18,3,10,28
8881,2014,404,5,1053936,0,0,5269680,8,2024-03-13,1,26,26
8882,1404,356,3,1099326,0,20000,3317978,5,2024-10-06,4,62,13
8883,1089,257,1,217829,0,10000,227829,8,2026-03-16,2,6,25
8884,1577,105,2,1108263,55413,20000,2125700,4,2023-12-13,1,42,23
8885,773,220,1,1035325,0,20000,1055325,10,2024-01-09,5,60,16
8886,480,34,1,771327,0,25000,796327,9,2023-01-02,4,3,28
8887,1948,201,1,1025325,0,0,1025325,2,2024-05-02,4,55,24
8888,637,419,4,1085563,0,30000,4372252,12,2023-10-23,4,76,9
8889,1504,111,2,1138263,56913,20000,2182700,7,2026-02-08,5,63,18
8890,2340,342,1,1177247,58862,30000,1148385,6,2024-09-07,4,69,10
8891,1878,227,1,1179215,117921,20000,1081294,12,2023-10-09,3,71,20
8892,676,416,2,1263713,63185,10000,2411056,10,2024-03-24,2,36,12
8893,482,66,1,866915,0,0,866915,12,2025-02-27,4,69,27
8894,1432,470,1,382900,19145,25000,388755,8,2024-01-03,3,37,18
8895,1720,329,2,1157247,57862,0,2198770,12,2024-11-09,2,27,8
8896,1781,207,4,1015325,0,25000,4086300,10,2024-12-11,2,48,27
8897,945,198,1,50278,2513,30000,77765,5,2023-12-08,1,48,28
8898,944,228,3,1199215,59960,30000,3447765,8,2023-01-09,1,19,13
8899,1546,100,1,215165,10758,20000,224407,1,2025-04-24,2,44,3
8900,1720,115,1,1118263,0,30000,1148263,8,2026-07-11,5,47,8
8901,907,59,2,1029429,0,0,2058858,3,2023-10-28,1,50,6
8902,814,112,1,1128263,56413,30000,1101850,3,2024-05-30,4,45,8
8903,737,165,3,562301,0,30000,1716903,11,2023-10-22,5,69,17
8904,211,5,3,273478,13673,10000,789415,5,2024-07-04,1,25,4
8905,1781,279,5,222494,0,25000,1137470,9,2024-08-07,3,33,27
8906,1466,408,5,1063936,106393,30000,4817715,10,2023-09-20,4,60,28
8907,2207,22,3,781327,0,10000,2353981,6,2024-04-27,4,1,6
8908,1671,357,1,1089326,108932,15000,995394,10,2026-06-14,2,3,10
8909,1186,453,5,382900,0,10000,1924500,9,2023-09-15,6,69,3
8910,1834,433,5,1023839,0,25000,5144195,9,2025-07-10,5,8,18
8911,2126,138,1,1437646,0,15000,1452646,2,2025-03-16,6,59,3
8912,2334,125,1,1397646,0,0,1397646,5,2023-01-11,7,25,22
8913,2211,62,2,836915,0,20000,1693830,1,2025-08-06,4,4,12
8914,2398,264,2,237829,0,20000,495658,3,2025-12-21,2,13,11
8915,1725,200,4,60278,0,30000,271112,3,2026-06-22,1,16,1
8916,669,354,1,1069326,0,25000,1094326,12,2023-02-19,2,30,10
8917,2468,103,2,1138263,56913,25000,2187700,7,2025-09-02,3,59,2
8918,1113,185,3,50278,5027,10000,145753,8,2025-11-26,1,65,12
8919,1401,46,4,1009429,50471,10000,3845832,11,2023-11-16,2,69,24
8920,1283,228,2,1199215,0,15000,2413430,11,2023-06-10,1,26,8
8921,1465,474,1,425632,21281,15000,419351,7,2024-04-22,2,48,11
8922,194,352,4,1177247,0,25000,4733988,1,2023-11-23,1,35,26
8923,2074,13,1,293478,0,25000,318478,9,2024-11-16,2,70,10
8924,864,50,1,1039429,51971,15000,1002458,6,2026-04-03,3,9,24
8925,312,175,4,542301,54230,30000,1982284,3,2023-09-27,4,6,9
8926,1481,299,1,155454,0,10000,165454,1,2023-12-14,1,64,7
8927,143,89,3,225165,11258,0,641721,5,2025-10-25,3,16,10
8928,324,282,2,212494,0,10000,434988,3,2024-02-26,2,16,4
8929,517,498,1,1164592,0,0,1164592,7,2024-08-05,4,70,26
8930,594,342,1,1177247,117724,25000,1084523,12,2024-05-31,2,13,1
8931,2244,304,5,145454,0,20000,747270,11,2023-02-08,4,24,14
8932,723,318,2,145454,7272,15000,291364,5,2024-01-31,6,12,25
8933,336,213,3,1025325,0,15000,3090975,3,2026-05-28,5,24,10
8934,580,411,1,1192030,0,10000,1202030,12,2025-06-26,4,71,21
8935,824,363,2,1069326,0,0,2138652,2,2026-03-05,1,59,23
8936,271,127,1,1417646,70882,10000,1356764,6,2025-08-18,5,61,19
8937,777,512,1,1184592,0,25000,1209592,12,2026-05-21,5,63,12
8938,1017,360,2,1079326,0,25000,2183652,12,2026-08-28,3,77,6
8939,1554,296,1,222494,11124,0,211370,8,2024-04-03,2,40,20
8940,2318,390,3,1063936,53196,10000,3042220,5,2023-01-11,2,54,13
8941,2351,462,2,372900,0,0,745800,5,2023-09-17,5,25,1
8942,2472,77,5,856915,42845,30000,4100350,11,2023-02-23,5,71,7
8943,1704,4,1,303478,0,25000,328478,7,2026-02-01,1,16,21
8944,2216,438,1,1023839,102383,30000,951456,6,2025-10-11,3,39,11
8945,339,439,2,1013839,0,30000,2057678,3,2024-07-08,4,77,20
8946,1079,144,2,1277879,63893,30000,2457972,9,2023-04-22,1,3,23
8947,1884,319,4,135454,0,25000,566816,4,2023-07-26,7,55,28
8948,635,529,5,89707,0,10000,458535,5,2023-07-02,4,67,7
8949,2029,224,2,1159215,0,15000,2333430,12,2023-05-01,5,29,9
8950,1258,470,1,382900,19145,30000,393755,8,2025-09-08,2,53,12
8951,1521,268,1,227829,0,15000,242829,6,2023-01-16,1,32,12
8952,1027,195,3,60278,9041,30000,183711,2,2026-05-07,5,75,10
8953,2381,329,4,1157247,0,20000,4648988,1,2024-09-09,6,59,8
8954,1494,70,1,876915,43845,30000,863070,11,2024-07-30,3,57,20
8955,333,475,3,445632,0,0,1336896,7,2024-04-18,3,19,5
8956,700,183,2,60278,6027,20000,128502,6,2023-07-26,7,10,1
8957,391,422,1,550089,0,30000,580089,4,2025-06-04,4,8,29
8958,965,401,1,1053936,0,15000,1068936,2,2025-03-06,4,2,21
8959,898,392,3,1063936,0,25000,3216808,11,2023-10-11,4,61,8
8960,1450,449,2,993839,49691,0,1888296,12,2025-09-22,5,19,28
8961,2323,92,5,195165,0,0,975825,6,2023-02-06,3,49,9
8962,1556,38,3,761327,0,10000,2293981,6,2024-06-25,4,25,21
8963,2215,168,1,582301,29115,15000,568186,11,2024-01-05,3,15,12
8964,408,208,2,995325,49766,20000,1911118,6,2024-06-18,3,4,23
8965,1168,112,2,1128263,0,20000,2276526,7,2025-11-03,5,39,19
8966,2252,35,2,771327,0,20000,1562654,4,2024-01-24,7,47,12
8967,2232,209,1,1015325,0,10000,1025325,9,2023-02-20,5,32,1
8968,252,298,2,165454,24818,25000,306272,12,2023-01-21,5,44,12
8969,550,342,3,1177247,0,15000,3546741,12,2025-05-21,5,44,27
8970,829,95,2,235165,0,15000,485330,10,2024-10-26,4,69,5
8971,2052,518,1,69707,0,15000,84707,5,2023-06-18,5,72,12
8972,2479,26,3,791327,39566,10000,2265283,11,2025-02-02,4,36,2
8973,1436,76,1,856915,42845,0,814070,9,2026-03-15,4,40,19
8974,300,105,3,1108263,55413,15000,3173550,1,2023-07-26,4,61,23
8975,123,340,1,1177247,0,15000,1192247,3,2024-09-28,3,46,26
8976,310,246,3,207829,0,0,623487,4,2026-04-21,5,60,3
8977,723,298,3,165454,8272,15000,486546,8,2024-11-11,4,42,25
8978,599,438,3,1023839,0,30000,3101517,12,2024-04-15,4,9,14
8979,1899,328,1,1147247,0,20000,1167247,9,2024-01-11,4,37,23
8980,1735,213,1,1025325,51266,20000,994059,6,2023-07-24,5,52,8
8981,1422,82,1,205165,0,0,205165,3,2023-06-02,1,72,16
8982,2273,452,3,983839,0,0,2951517,5,2024-06-11,6,69,21
8983,1954,465,5,382900,0,0,1914500,5,2024-03-13,2,62,20
8984,1849,226,4,1189215,118921,15000,4296176,1,2023-07-06,4,67,29
8985,751,149,1,1287879,0,20000,1307879,1,2026-02-05,4,76,5
8986,1465,449,1,993839,0,15000,1008839,9,2023-11-30,4,77,11
8987,1631,128,2,1427646,142764,10000,2579764,11,2023-07-04,2,64,11
8988,2084,228,3,1199215,0,10000,3607645,10,2023-06-12,4,69,6
8989,1697,128,1,1427646,71382,0,1356264,3,2025-08-18,3,57,11
8990,1783,108,1,1128263,0,10000,1138263,4,2026-05-14,5,18,3
8991,230,103,2,1138263,0,15000,2291526,2,2023-07-09,4,16,27
8992,1637,265,4,247829,49565,10000,803056,11,2025-08-25,4,26,21
8993,1728,381,1,1033936,0,0,1033936,7,2023-01-29,2,38,24
8994,2148,99,3,195165,9758,25000,581221,3,2024-12-20,5,76,25
8995,501,282,1,212494,0,10000,222494,4,2024-07-13,5,11,5
8996,622,265,4,247829,0,0,991316,9,2024-07-08,6,75,24
8997,1820,232,3,1179215,0,20000,3557645,1,2025-09-05,3,58,16
8998,1206,43,1,1019429,0,0,1019429,3,2024-11-04,2,42,6
8999,1366,99,1,195165,19516,10000,185649,2,2024-12-07,3,57,25
9000,1814,142,1,1317879,65893,30000,1281986,2,2023-12-19,5,38,21
9001,2029,215,2,1035325,0,20000,2090650,1,2026-04-03,2,21,9
9002,386,205,3,1025325,51266,20000,2942177,12,2025-05-30,5,19,23
9003,743,195,1,60278,3013,30000,87265,12,2024-10-25,1,37,19
9004,234,201,3,1025325,51266,30000,2952177,5,2025-01-30,5,7,27
9005,1039,490,1,455632,0,30000,485632,6,2024-04-12,3,77,28
9006,2445,213,1,1025325,0,20000,1045325,6,2024-09-03,4,4,16
9007,2290,179,2,582301,0,10000,1174602,1,2024-04-14,4,2,23
9008,2219,408,1,1063936,53196,10000,1020740,10,2023-03-31,5,36,1
9009,2170,190,1,60278,3013,0,57265,2,2025-11-25,5,10,19
9010,1654,550,4,575602,86340,30000,1987048,1,2023-02-01,2,43,20
9011,1010,49,3,1009429,100942,25000,2750461,12,2026-03-19,5,4,26
9012,1663,180,2,572301,28615,30000,1117372,5,2023-08-11,4,39,14
9013,875,20,3,283478,28347,15000,780393,6,2026-01-03,4,68,11
9014,2058,350,2,1187247,0,30000,2404494,4,2024-09-27,2,71,19
9015,74,266,5,237829,0,15000,1204145,12,2025-08-12,6,42,12
9016,2002,37,2,791327,79132,25000,1449390,11,2026-01-05,3,20,10
9017,1334,519,2,59707,0,30000,149414,3,2024-03-14,1,53,2
9018,322,77,2,856915,0,0,1713830,4,2024-12-08,3,12,18
9019,1901,31,1,751327,0,25000,776327,1,2024-12-03,4,35,8
9020,1050,345,1,1187247,59362,25000,1152885,8,2025-04-03,5,46,27
9021,1621,306,1,135454,0,10000,145454,12,2024-08-22,7,23,16
9022,1692,389,1,1073936,53696,15000,1035240,10,2025-06-15,8,69,2
9023,1001,185,2,50278,0,20000,120556,10,2024-09-19,8,37,16
9024,2438,42,2,999429,49971,0,1898916,9,2025-07-10,6,62,28
9025,852,468,1,392900,0,25000,417900,1,2025-08-05,2,19,12
9026,16,123,1,1427646,0,20000,1447646,9,2023-07-02,5,64,25
9027,1815,271,2,202494,0,10000,414988,1,2024-10-21,2,70,18
9028,1058,100,1,215165,21516,15000,208649,8,2024-06-22,3,34,6
9029,1727,485,1,425632,0,15000,440632,9,2025-02-19,3,62,9
9030,2175,181,3,90278,9027,20000,263753,8,2023-10-02,2,46,1
9031,1868,280,5,232494,11624,30000,1134350,9,2025-04-14,3,67,18
9032,1095,387,4,1033936,0,20000,4155744,8,2023-10-03,3,5,15
9033,2200,214,1,1035325,0,10000,1045325,3,2023-04-15,4,31,19
9034,1933,343,1,1157247,0,10000,1167247,3,2023-05-24,3,64,7
9035,1814,445,3,993839,49691,0,2832444,8,2025-04-02,8,2,21
9036,209,438,4,1023839,51191,20000,3910592,8,2025-09-09,3,65,14
9037,2328,248,1,237829,23782,20000,234047,4,2023-10-02,5,40,12
9038,1510,46,4,1009429,0,20000,4057716,11,2023-03-26,3,10,4
9039,1813,192,3,60278,6027,30000,192753,7,2026-01-12,4,68,12
9040,293,354,4,1069326,0,0,4277304,12,2025-04-16,3,40,23
9041,799,164,3,582301,0,25000,1771903,12,2023-12-12,2,15,16
9042,1739,551,5,555602,55560,30000,2530210,11,2025-04-03,5,67,26
9043,44,248,3,237829,0,10000,723487,5,2025-04-08,2,74,6
9044,688,462,4,372900,0,25000,1516600,4,2025-07-14,5,33,28
9045,169,541,1,595602,0,10000,605602,7,2025-09-23,4,6,14
9046,141,254,3,247829,0,15000,758487,12,2024-01-09,2,28,4
9047,1320,394,2,1033936,0,0,2067872,2,2023-03-31,4,8,19
9048,845,68,1,856915,0,30000,886915,1,2024-01-09,6,65,5
9049,1587,69,2,876915,43845,15000,1681140,4,2026-08-20,4,25,18
9050,1247,49,4,1009429,0,10000,4047716,3,2025-02-18,1,44,5
9051,360,46,1,1009429,0,20000,1029429,4,2025-09-19,2,12,3
9052,1629,506,3,1194592,0,30000,3613776,7,2023-09-17,7,18,23
9053,2171,451,2,1013839,0,25000,2052678,2,2024-09-23,3,21,7
9054,1814,303,2,155454,0,20000,330908,1,2026-02-19,5,56,21
9055,780,325,3,1147247,57362,10000,3279655,2,2025-06-02,1,15,2
9056,840,129,1,1427646,142764,0,1284882,2,2025-08-26,1,74,25
9057,832,120,4,1108263,0,15000,4448052,11,2025-11-13,2,30,14
9058,1339,218,1,1025325,0,0,1025325,11,2023-08-30,4,26,12
9059,1002,114,3,1138263,0,0,3414789,9,2023-11-22,1,60,29
9060,1439,298,1,165454,16545,10000,158909,10,2024-04-11,3,58,7
9061,69,124,2,1407646,0,20000,2835292,5,2024-07-27,4,28,18
9062,1632,154,2,1307879,0,0,2615758,5,2025-01-05,3,3,8
9063,986,351,1,1157247,0,30000,1187247,11,2026-02-21,2,45,24
9064,1654,269,5,232494,34874,30000,1018100,8,2023-07-28,5,54,20
9065,1090,442,2,1003839,100383,30000,1836912,1,2025-07-19,4,52,13
9066,1530,74,1,836915,0,30000,866915,1,2023-09-26,5,10,1
9067,1159,548,2,555602,0,10000,1121204,12,2025-11-08,1,3,24
9068,141,137,2,1397646,0,20000,2815292,10,2025-10-06,2,41,4
9069,814,231,2,1199215,59960,15000,2293510,5,2025-03-06,6,41,8
9070,2310,138,1,1437646,0,15000,1452646,9,2023-02-06,5,11,23
9071,1784,266,1,237829,0,30000,267829,6,2026-01-29,3,9,22
9072,1074,66,1,866915,86691,20000,800224,5,2023-03-01,3,37,17
9073,673,169,1,552301,0,30000,582301,9,2023-01-03,1,14,3
9074,493,138,2,1437646,0,10000,2885292,1,2023-08-31,1,76,23
9075,2314,444,1,1013839,101383,30000,942456,5,2023-08-22,4,49,24
9076,815,314,1,155454,15545,25000,164909,12,2025-12-18,7,77,19
9077,497,186,5,70278,7027,20000,336255,8,2025-08-24,4,24,16
9078,267,33,2,761327,38066,25000,1471522,6,2025-09-04,8,26,17
9079,1696,193,3,70278,0,20000,230834,5,2025-06-27,4,52,7
9080,752,45,1,1019429,50971,25000,993458,8,2023-11-15,2,60,26
9081,1308,303,2,155454,0,25000,335908,11,2024-06-16,4,61,4
9082,908,426,2,1118346,0,25000,2261692,9,2023-12-30,7,36,22
9083,1914,547,1,585602,0,10000,595602,9,2025-03-29,3,21,27
9084,1247,100,1,215165,0,10000,225165,4,2023-10-26,1,56,5
9085,239,346,2,1147247,114724,25000,2090046,4,2023-03-18,5,72,2
9086,156,157,1,1317879,0,25000,1342879,5,2025-01-31,7,2,27
9087,1999,159,1,1287879,128787,20000,1179092,6,2026-01-13,5,74,13
9088,2286,184,1,80278,8027,20000,92251,10,2023-02-07,1,55,13
9089,1651,512,2,1184592,0,20000,2389184,4,2024-08-01,4,64,15
9090,1137,104,3,1118263,111826,15000,3034311,6,2026-04-23,5,28,25
9091,836,257,1,217829,32674,0,185155,4,2026-03-03,3,60,29
9092,277,377,2,1059326,0,25000,2143652,3,2024-07-21,2,53,27
9093,1888,535,1,555602,55560,20000,520042,3,2024-06-22,2,34,24
9094,1134,502,4,1174592,0,30000,4728368,3,2023-10-29,4,60,28
9095,1755,198,1,50278,0,0,50278,5,2026-03-26,2,28,18
9096,1256,189,1,90278,0,15000,105278,7,2025-01-21,4,76,23
9097,1708,270,1,192494,0,10000,202494,8,2024-09-09,5,15,13
9098,420,65,1,846915,0,10000,856915,9,2024-02-10,3,11,23
9099,1681,356,2,1099326,0,25000,2223652,1,2025-06-01,3,63,25
9100,193,529,1,89707,4485,15000,100222,12,2023-05-30,1,60,3
9101,771,300,2,165454,8272,25000,339364,4,2024-07-11,1,51,29
9102,1035,67,3,836915,41845,10000,2395210,12,2024-05-25,5,49,7
9103,639,397,1,1043936,0,0,1043936,7,2024-01-13,4,54,17
9104,2067,241,5,227829,0,0,1139145,5,2023-06-27,3,14,5
9105,1257,203,1,1015325,152298,10000,873027,9,2023-02-19,3,53,25
9106,626,427,2,1148346,57417,0,2181858,2,2024-01-02,4,5,1
9107,335,398,3,1073936,0,20000,3241808,1,2026-02-05,1,47,9
9108,1231,201,2,1025325,51266,0,1948118,4,2023-12-25,4,65,12
9109,374,369,3,1079326,107932,10000,2924182,2,2023-12-15,4,8,25
9110,942,172,1,562301,0,15000,577301,11,2023-09-01,4,26,20
9111,1937,45,2,1019429,50971,0,1936916,2,2023-09-22,5,36,10
9112,2174,139,1,1397646,0,20000,1417646,10,2024-11-06,1,4,7
9113,1491,62,2,836915,0,30000,1703830,2,2026-05-14,4,2,9
9114,1452,340,1,1177247,0,25000,1202247,6,2023-08-30,4,73,28
9115,240,220,1,1035325,0,30000,1065325,12,2025-08-25,4,35,11
9116,2127,143,3,1317879,65893,30000,3785958,5,2023-01-17,4,54,15
9117,1598,289,4,202494,0,10000,819976,8,2023-01-28,6,43,22
9118,658,65,1,846915,0,30000,876915,8,2024-11-16,7,58,25
9119,769,400,4,1043936,52196,0,3966960,9,2023-08-17,4,35,2
9120,1305,75,1,876915,0,0,876915,7,2026-05-27,2,28,25
9121,1656,516,4,69707,0,25000,303828,11,2024-03-18,4,30,24
9122,1046,272,2,202494,0,15000,419988,11,2023-01-17,3,49,8
9123,2039,60,1,1039429,103942,0,935487,4,2024-03-17,2,65,3
9124,1432,164,2,582301,29115,20000,1126372,9,2023-07-13,2,36,18
9125,1199,387,1,1033936,0,20000,1053936,6,2025-09-01,3,4,15
9126,825,432,4,768998,0,20000,3095992,3,2026-07-16,5,25,6
9127,316,500,1,1164592,0,0,1164592,3,2023-03-26,5,68,12
9128,198,471,2,382900,19145,10000,737510,2,2026-07-21,1,19,9
9129,1922,445,1,993839,49691,0,944148,3,2023-09-19,2,55,12
9130,1006,21,2,751327,0,10000,1512654,2,2025-06-24,7,23,29
9131,1150,405,1,1053936,0,30000,1083936,10,2023-10-05,3,55,20
9132,375,430,1,748998,0,20000,768998,7,2025-09-01,4,11,8
9133,1189,408,1,1063936,53196,30000,1040740,5,2024-11-21,5,13,7
9134,2485,160,1,1297879,64893,20000,1252986,2,2023-12-10,3,11,18
9135,2486,361,2,1069326,106932,30000,1954788,2,2026-06-25,4,27,26
9136,1432,57,1,1009429,50471,15000,973958,3,2024-02-07,4,25,18
9137,290,207,2,1015325,101532,20000,1847586,8,2024-12-19,4,10,12
9138,525,477,2,455632,45563,10000,830138,2,2024-09-12,1,41,19
9139,1112,130,1,1407646,70382,25000,1362264,5,2025-08-30,2,45,4
9140,1586,87,5,235165,0,15000,1190825,9,2024-02-17,1,11,3
9141,420,343,2,1157247,0,20000,2334494,5,2023-03-01,5,10,23
9142,1371,353,1,1089326,0,10000,1099326,3,2026-07-14,5,24,15
9143,1726,281,1,212494,0,0,212494,2,2026-03-23,3,55,27
9144,1403,6,1,273478,13673,0,259805,1,2023-02-14,5,60,8
9145,921,536,2,595602,29780,15000,1146644,8,2023-12-29,2,42,2
9146,576,253,2,217829,0,30000,465658,11,2025-10-26,2,5,12
9147,328,13,1,293478,14673,10000,288805,1,2025-10-16,2,50,7
9148,905,34,1,771327,0,15000,786327,6,2024-12-11,7,52,24
9149,983,552,1,585602,29280,20000,576322,12,2023-04-20,4,41,23
9150,2168,250,2,237829,0,20000,495658,1,2024-10-02,4,7,1
9151,1454,419,4,1085563,54278,20000,4145140,8,2024-08-08,3,28,6
9152,895,139,2,1397646,0,25000,2820292,4,2024-07-04,2,70,8
9153,2456,170,4,562301,28115,0,2136744,12,2025-11-26,5,2,21
9154,1237,419,1,1085563,108556,0,977007,6,2023-01-22,4,64,14
9155,2369,407,1,1043936,0,20000,1063936,2,2025-11-07,4,47,17
9156,1122,79,1,836915,0,20000,856915,3,2023-02-11,4,21,20
9157,1336,193,3,70278,0,0,210834,6,2024-10-15,4,2,25
9158,1922,483,2,455632,45563,10000,830138,1,2023-03-27,2,33,12
9159,1558,170,3,562301,28115,20000,1622558,6,2024-01-10,2,51,15
9160,1106,420,2,1065563,106556,10000,1928014,12,2025-11-14,3,24,22
9161,2135,60,1,1039429,0,15000,1054429,2,2023-05-10,4,55,20
9162,1168,247,3,237829,11891,0,677814,10,2023-11-24,4,26,19
9163,2243,125,2,1397646,0,20000,2815292,1,2023-09-15,3,20,25
9164,1927,24,1,791327,0,15000,806327,6,2025-11-03,4,13,28
9165,1948,366,5,1079326,53966,15000,5141800,1,2025-08-02,4,17,24
9166,342,407,1,1043936,0,30000,1073936,9,2024-05-03,2,30,17
9167,715,252,1,217829,0,10000,227829,1,2023-08-08,5,70,28
9168,284,473,2,455632,22781,0,865702,6,2023-05-19,4,71,20
9169,2078,377,2,1059326,105932,10000,1916788,9,2023-02-09,3,67,12
9170,1138,302,2,135454,13545,20000,263818,10,2023-10-12,5,65,25
9171,929,276,1,222494,11124,10000,221370,8,2023-05-20,3,24,7
9172,1323,460,3,362900,0,10000,1098700,6,2023-09-16,3,65,19
9173,1453,328,4,1147247,0,30000,4618988,5,2023-02-10,4,13,3
9174,1864,511,1,1194592,59729,20000,1154863,1,2026-04-06,8,15,27
9175,37,515,1,79707,11956,0,67751,5,2023-06-02,4,50,4
9176,1295,316,1,175454,0,30000,205454,12,2026-07-27,1,49,17
9177,1130,242,3,217829,10891,0,620814,2,2023-05-27,6,24,17
9178,1581,377,1,1059326,0,25000,1084326,11,2025-01-28,3,11,18
9179,1690,119,3,1148263,57413,15000,3287550,12,2025-10-08,6,34,9
9180,954,102,1,1148263,172239,0,976024,6,2025-11-28,5,18,26
9181,242,406,1,1073936,0,0,1073936,9,2025-05-03,2,15,28
9182,1841,293,1,192494,9624,25000,207870,6,2023-03-27,5,56,7
9183,1248,504,4,1194592,59729,25000,4564452,2,2023-06-16,5,39,29
9184,2363,2,1,303478,0,0,303478,6,2025-06-05,6,22,16
9185,1978,374,2,1059326,0,30000,2148652,1,2023-06-10,2,60,29
9186,1978,462,2,372900,0,0,745800,6,2026-08-02,4,64,29
9187,641,396,3,1043936,156590,0,2662038,2,2023-03-13,4,59,17
9188,2269,420,1,1065563,53278,25000,1037285,4,2024-09-27,3,77,20
9189,191,405,1,1053936,0,15000,1068936,2,2026-01-11,5,54,23
9190,2177,314,2,155454,0,10000,320908,2,2025-04-20,4,23,3
9191,771,337,1,1177247,0,25000,1202247,11,2023-12-15,4,47,29
9192,1990,32,1,781327,0,25000,806327,12,2026-05-08,5,52,11
9193,1827,236,1,1199215,0,0,1199215,10,2023-06-03,5,66,18
9194,922,182,1,90278,0,10000,100278,9,2024-02-05,3,67,17
9195,282,151,2,1307879,0,30000,2645758,10,2024-02-27,5,68,4
9196,578,13,1,293478,0,25000,318478,4,2024-05-16,5,39,5
9197,1993,295,1,202494,20249,25000,207245,7,2024-09-18,4,71,13
9198,2478,176,2,542301,0,20000,1104602,8,2024-04-06,4,16,9
9199,1070,519,2,59707,2985,25000,138444,5,2024-01-30,5,36,18
9200,874,271,2,202494,0,30000,434988,10,2023-12-25,2,26,20
9201,1983,63,3,876915,0,20000,2650745,5,2025-04-28,4,22,29
9202,232,337,1,1177247,117724,10000,1069523,7,2025-02-15,3,65,1
9203,1058,465,2,382900,0,15000,780800,9,2024-07-14,5,22,6
9204,2045,56,1,1029429,102942,10000,936487,1,2024-12-13,2,28,1
9205,1202,363,1,1069326,0,30000,1099326,2,2025-07-18,4,36,12
9206,2421,52,2,1019429,50971,25000,1961916,10,2025-10-04,5,28,11
9207,576,33,5,761327,0,10000,3816635,8,2026-02-28,5,11,12
9208,692,312,1,155454,0,10000,165454,12,2025-06-19,2,32,19
9209,695,459,2,392900,39290,0,707220,4,2025-01-25,1,25,2
9210,73,372,1,1069326,106932,10000,972394,3,2023-04-27,4,25,13
9211,1307,34,2,771327,0,25000,1567654,2,2025-12-18,5,1,16
9212,2390,446,2,993839,49691,25000,1913296,7,2024-11-12,4,19,28
9213,717,92,2,195165,9758,10000,380814,3,2024-10-04,3,7,17
9214,1965,506,3,1194592,0,10000,3593776,2,2024-03-19,4,61,5
9215,1942,421,1,530089,53008,15000,492081,8,2023-01-22,4,60,17
9216,1278,539,2,585602,0,0,1171204,7,2023-01-03,3,25,28
9217,1023,456,1,362900,0,10000,372900,7,2023-10-13,5,56,12
9218,1589,41,1,1009429,0,20000,1029429,2,2023-11-03,5,8,21
9219,1733,514,1,49707,2485,30000,77222,5,2026-07-31,3,37,10
9220,1089,359,2,1079326,0,20000,2178652,7,2024-07-27,5,40,25
9221,2273,233,1,1179215,58960,0,1120255,2,2025-03-12,2,51,21
9222,1744,357,1,1089326,54466,15000,1049860,10,2025-02-06,5,20,5
9223,46,121,3,1427646,0,30000,4312938,8,2024-03-02,4,2,7
9224,2378,221,1,1179215,0,20000,1199215,3,2025-10-24,1,38,12
9225,1871,402,1,1033936,51696,0,982240,6,2024-09-18,5,69,2
9226,1516,182,1,90278,0,20000,110278,7,2025-05-09,1,4,27
9227,846,8,1,303478,0,0,303478,4,2026-04-20,6,27,16
9228,1944,5,2,273478,27347,15000,507262,4,2024-05-28,6,39,20
9229,465,522,2,69707,0,30000,169414,8,2026-03-09,3,35,7
9230,708,446,2,993839,0,30000,2017678,3,2026-03-25,7,7,11
9231,2364,267,1,217829,10891,20000,226938,9,2025-12-12,1,29,27
9232,692,313,1,145454,0,15000,160454,9,2024-09-20,4,69,19
9233,2088,485,1,425632,0,20000,445632,6,2023-12-30,5,51,12
9234,1998,418,2,1105563,55278,30000,2130570,4,2025-04-14,1,70,12
9235,299,186,1,70278,0,30000,100278,12,2023-01-31,2,65,5
9236,1074,311,1,165454,0,10000,175454,2,2024-03-08,7,37,17
9237,119,138,1,1437646,0,30000,1467646,3,2025-01-15,3,33,27
9238,465,15,1,283478,0,15000,298478,3,2024-05-01,5,58,7
9239,107,489,1,465632,0,0,465632,7,2025-11-02,4,24,2
9240,1014,161,1,582301,0,20000,602301,5,2023-01-05,2,32,9
9241,614,44,5,1029429,0,25000,5172145,11,2025-05-23,2,11,28
9242,2353,493,3,1174592,0,0,3523776,3,2023-11-20,5,6,20
9243,1385,112,5,1128263,56413,10000,5369250,2,2026-08-27,2,41,5
9244,354,260,4,247829,24782,25000,917188,9,2024-08-10,5,11,5
9245,148,106,1,1108263,0,0,1108263,7,2024-02-08,8,70,19
9246,2314,57,4,1009429,100942,10000,3643948,8,2026-05-11,4,4,24
9247,1688,93,1,195165,0,10000,205165,10,2024-03-20,8,32,15
9248,1610,160,2,1297879,64893,15000,2480972,11,2025-06-06,5,69,20
9249,528,47,2,1029429,51471,30000,1985916,5,2023-02-11,2,41,12
9250,2163,301,1,175454,0,30000,205454,8,2025-05-17,4,67,9
9251,729,466,3,362900,0,0,1088700,9,2023-02-24,5,59,12
9252,1548,148,3,1297879,64893,20000,3718958,4,2025-01-23,4,40,10
9253,330,278,1,222494,11124,20000,231370,12,2023-10-11,4,68,27
9254,421,75,2,876915,0,20000,1773830,1,2025-06-17,3,65,6
9255,1501,169,1,552301,0,0,552301,11,2026-08-06,3,65,1
9256,2117,401,1,1053936,0,15000,1068936,7,2023-06-15,3,46,20
9257,1967,378,1,1059326,105932,15000,968394,7,2026-03-12,3,22,26
9258,1587,319,1,135454,0,10000,145454,11,2023-09-25,5,12,18
9259,1754,57,1,1009429,50471,25000,983958,8,2024-04-13,4,7,4
9260,950,508,2,1174592,58729,10000,2241726,4,2023-09-27,3,21,27
9261,100,266,1,237829,11891,10000,235938,5,2023-10-21,4,48,20
9262,612,163,1,542301,0,25000,567301,10,2025-07-20,3,52,16
9263,698,503,1,1204592,0,25000,1229592,1,2025-10-08,4,11,29
9264,1944,359,2,1079326,215865,15000,1741922,3,2025-10-20,3,16,20
9265,290,304,1,145454,7272,30000,168182,9,2025-07-01,5,70,12
9266,1285,31,1,751327,0,25000,776327,2,2023-02-17,4,36,25
9267,649,100,2,215165,0,0,430330,6,2025-04-09,4,64,22
9268,2148,92,2,195165,9758,10000,380814,10,2025-01-29,3,3,25
9269,1631,420,2,1065563,0,30000,2161126,2,2025-07-28,3,59,11
9270,603,482,1,465632,23281,25000,467351,4,2024-02-16,5,73,5
9271,2215,473,1,455632,0,0,455632,5,2023-06-20,3,54,12
9272,1759,49,4,1009429,100942,15000,3648948,11,2023-02-06,6,4,7
9273,1936,74,2,836915,41845,15000,1605140,8,2024-03-29,4,5,21
9274,105,317,3,165454,0,25000,521362,3,2025-07-28,5,16,12
9275,1337,290,2,222494,33374,20000,398240,6,2024-04-26,5,73,8
9276,783,382,1,1033936,0,25000,1058936,2,2026-04-04,5,23,13
9277,1407,336,1,1157247,0,10000,1167247,5,2026-07-31,1,52,7
9278,543,550,1,575602,0,0,575602,6,2024-02-11,3,70,4
9279,948,106,1,1108263,0,25000,1133263,4,2026-08-20,5,21,2
9280,820,150,1,1297879,0,25000,1322879,7,2026-08-06,1,50,13
9281,225,479,5,435632,0,20000,2198160,5,2023-07-30,3,28,5
9282,569,11,3,293478,14673,0,836415,1,2026-06-10,5,35,11
9283,1662,330,1,1177247,0,25000,1202247,6,2026-02-02,6,59,14
9284,1993,491,1,445632,0,20000,465632,2,2025-12-24,2,2,13
9285,1532,350,2,1187247,0,25000,2399494,4,2023-12-31,3,21,19
9286,1192,279,5,222494,22249,10000,1011225,6,2024-02-10,4,48,12
9287,1761,464,3,372900,0,20000,1138700,10,2024-10-28,5,11,25
9288,1707,78,1,846915,42345,20000,824570,5,2026-08-10,1,45,12
9289,1989,374,2,1059326,52966,25000,2037720,1,2025-03-20,2,9,21
9290,822,348,4,1157247,0,20000,4648988,5,2024-02-18,4,11,24
9291,2291,196,1,70278,0,0,70278,3,2023-05-30,6,35,7
9292,1203,11,1,293478,14673,25000,303805,11,2025-05-15,4,7,5
9293,1026,66,2,866915,0,15000,1748830,10,2026-08-21,1,2,3
9294,1212,286,3,222494,0,10000,677482,12,2023-10-16,8,11,28
9295,1918,141,3,1287879,64393,20000,3690458,3,2025-05-12,5,1,27
9296,2297,255,2,237829,0,25000,500658,7,2025-10-11,2,15,7
9297,1591,125,1,1397646,0,30000,1427646,12,2023-07-25,4,12,15
9298,496,529,4,89707,0,25000,383828,9,2026-03-02,8,32,11
9299,702,447,2,1003839,50191,10000,1917296,4,2024-01-20,4,8,18
9300,131,199,1,80278,0,20000,100278,3,2025-03-26,6,67,22
9301,36,316,1,175454,0,10000,185454,12,2025-05-13,4,45,16
9302,2148,530,1,69707,0,25000,94707,10,2024-01-04,3,60,25
9303,2429,5,1,273478,0,25000,298478,8,2024-09-19,4,8,20
9304,1890,71,4,846915,0,30000,3417660,9,2026-07-26,3,71,25
9305,1041,367,1,1099326,0,15000,1114326,12,2024-03-21,3,63,25
9306,614,95,1,235165,0,0,235165,5,2024-11-19,4,28,28
9307,80,180,1,572301,57230,20000,535071,10,2026-01-24,5,13,12
9308,435,418,1,1105563,0,10000,1115563,10,2026-04-25,3,57,10
9309,986,333,1,1187247,0,20000,1207247,9,2024-11-25,1,56,24
9310,2075,175,1,542301,0,30000,572301,7,2024-12-06,2,62,21
9311,2400,374,4,1059326,0,25000,4262304,10,2025-06-01,7,73,5
9312,1722,303,2,155454,0,25000,335908,6,2026-07-02,2,64,14
9313,2105,83,4,225165,11258,20000,875628,9,2025-10-16,3,59,6
9314,1867,368,3,1099326,109932,0,2968182,8,2024-03-04,5,67,15
9315,2130,117,2,1108263,55413,15000,2120700,3,2023-12-22,4,25,11
9316,1025,423,1,510089,51008,10000,469081,2,2023-01-28,4,24,27
9317,2214,457,2,362900,0,30000,755800,8,2024-09-17,4,24,5
9318,1647,539,2,585602,0,30000,1201204,8,2023-03-13,7,77,1
9319,1186,194,3,80278,0,30000,270834,7,2025-11-03,2,38,3
9320,1014,447,5,1003839,0,25000,5044195,7,2025-09-12,2,12,9
9321,15,472,2,372900,0,20000,765800,5,2025-11-29,3,67,17
9322,435,33,1,761327,0,0,761327,8,2024-12-15,8,50,10
9323,1014,301,3,175454,8772,25000,525046,12,2026-01-28,5,1,9
9324,1495,87,1,235165,0,15000,250165,2,2024-05-14,7,42,23
9325,31,232,2,1179215,0,25000,2383430,7,2023-12-13,6,43,2
9326,496,412,4,1212030,0,10000,4858120,5,2025-06-25,1,8,11
9327,2110,451,4,1013839,50691,25000,3877592,1,2024-08-03,3,42,10
9328,272,178,1,572301,57230,20000,535071,3,2026-04-23,4,64,13
9329,1334,465,3,382900,19145,15000,1106265,12,2023-03-08,3,20,2
9330,1337,276,4,222494,0,20000,909976,5,2023-01-09,5,52,8
9331,180,436,3,1013839,101383,20000,2757368,6,2026-05-26,3,1,17
9332,1171,271,1,202494,0,10000,212494,7,2026-07-30,5,75,5
9333,306,341,3,1157247,0,20000,3491741,11,2023-10-31,1,52,9
9334,1262,103,1,1138263,0,0,1138263,7,2024-09-03,2,69,26
9335,1163,236,3,1199215,179882,30000,3087999,6,2026-08-04,5,33,15
9336,1831,80,2,846915,84691,0,1524448,1,2025-10-16,3,48,25
9337,964,336,2,1157247,57862,15000,2213770,9,2025-08-17,3,16,9
9338,1277,415,1,1243713,62185,20000,1201528,9,2023-09-16,1,17,10
9339,540,8,2,303478,0,25000,631956,2,2025-09-02,1,71,9
9340,436,193,1,70278,0,0,70278,4,2026-01-03,4,73,23
9341,2353,549,2,595602,0,10000,1201204,6,2023-04-24,5,38,20
9342,2068,439,3,1013839,50691,30000,2919444,5,2023-12-05,4,33,24
9343,1210,495,3,1194592,238918,30000,2897022,11,2026-06-02,4,12,12
9344,747,340,2,1177247,58862,25000,2261770,4,2024-08-30,5,39,12
9345,217,456,1,362900,0,15000,377900,8,2025-07-30,1,40,18
9346,1178,341,1,1157247,0,0,1157247,2,2023-12-29,2,45,13
9347,567,350,5,1187247,0,15000,5951235,6,2023-12-14,4,22,13
9348,1545,251,2,217829,10891,25000,438876,1,2025-10-10,5,75,13
9349,2395,12,1,303478,0,25000,328478,10,2026-02-05,2,33,28
9350,740,56,1,1029429,154414,15000,890015,4,2025-08-25,5,52,12
9351,619,191,1,60278,6027,25000,79251,3,2026-01-15,2,50,23
9352,1968,46,1,1009429,100942,20000,928487,9,2026-03-31,3,68,26
9353,872,373,1,1079326,53966,25000,1050360,8,2023-05-12,1,54,25
9354,2445,365,1,1089326,0,0,1089326,4,2024-12-29,4,75,16
9355,1204,492,1,455632,45563,0,410069,12,2025-11-08,5,37,20
9356,1370,138,2,1437646,0,0,2875292,5,2023-01-05,4,43,14
9357,716,464,1,372900,0,30000,402900,1,2026-01-02,6,53,4
9358,143,532,5,59707,2985,10000,293610,7,2026-02-25,3,21,10
9359,497,237,2,1169215,0,10000,2348430,2,2026-08-16,1,53,16
9360,1461,167,1,542301,54230,30000,518071,6,2026-05-03,1,49,6
9361,2189,483,1,455632,0,20000,475632,1,2026-03-31,4,73,23
9362,285,311,2,165454,16545,15000,312818,5,2023-03-26,3,11,20
9363,2402,293,3,192494,19249,15000,534735,4,2023-08-11,5,31,6
9364,1817,233,3,1179215,0,10000,3547645,10,2025-11-20,3,75,6
9365,213,466,1,362900,18145,10000,354755,5,2023-07-12,4,48,25
9366,760,172,3,562301,0,10000,1696903,1,2025-02-13,2,51,4
9367,1214,211,1,995325,99532,10000,905793,5,2026-06-18,3,53,22
9368,2131,501,2,1174592,0,20000,2369184,9,2024-07-06,4,58,17
9369,1321,431,5,758998,0,30000,3824990,3,2024-04-18,4,27,13
9370,783,35,4,771327,38566,10000,2941044,8,2025-02-09,4,66,13
9371,744,201,2,1025325,0,10000,2060650,6,2026-05-12,4,50,10
9372,981,102,2,1148263,114826,15000,2081874,10,2023-10-12,5,48,20
9373,523,133,3,1397646,69882,25000,4008292,11,2023-04-24,3,76,26
9374,281,461,2,392900,19645,30000,776510,7,2026-03-11,8,38,22
9375,1985,97,1,205165,0,20000,225165,4,2026-01-06,5,70,5
9376,530,470,1,382900,0,15000,397900,7,2025-02-08,5,44,11
9377,907,421,1,530089,0,15000,545089,3,2026-06-15,4,34,6
9378,313,389,2,1073936,53696,0,2040480,7,2026-03-31,5,54,24
9379,355,529,1,89707,0,15000,104707,7,2025-12-03,3,39,27
9380,681,188,2,60278,0,20000,140556,4,2026-04-10,3,70,18
9381,2041,202,1,1015325,152298,30000,893027,1,2025-01-22,5,41,23
9382,2306,438,3,1023839,0,15000,3086517,1,2024-03-30,2,51,28
9383,298,444,1,1013839,0,30000,1043839,5,2023-07-15,3,15,14
9384,7,182,1,90278,0,20000,110278,7,2024-05-17,4,13,21
9385,2284,540,1,565602,56560,15000,524042,12,2024-01-17,2,53,2
9386,1613,66,4,866915,0,0,3467660,7,2023-11-27,5,75,21
9387,1822,408,1,1063936,53196,30000,1040740,3,2023-04-07,7,21,21
9388,1417,306,2,135454,6772,20000,277364,9,2024-09-17,2,40,25
9389,920,40,2,761327,0,10000,1532654,5,2025-10-22,2,19,27
9390,970,271,3,202494,0,30000,637482,6,2024-01-23,4,2,4
9391,416,1,1,263478,0,15000,278478,4,2023-11-03,1,30,8
9392,736,269,3,232494,11624,20000,682610,9,2023-10-30,4,28,25
9393,1988,254,1,247829,12391,10000,245438,3,2024-03-09,4,75,28
9394,2235,359,4,1079326,0,30000,4347304,7,2026-01-15,4,59,1
9395,362,84,1,235165,0,0,235165,6,2023-12-29,4,33,16
9396,1643,363,1,1069326,0,25000,1094326,9,2023-11-10,4,39,9
9397,2214,490,1,455632,0,20000,475632,7,2025-05-25,5,72,5
9398,1266,200,2,60278,3013,30000,144530,8,2023-09-06,3,36,6
9399,506,313,1,145454,0,15000,160454,3,2023-01-11,3,51,10
9400,1497,54,4,1009429,0,20000,4057716,10,2024-04-22,2,8,27
9401,1557,49,3,1009429,100942,20000,2745461,12,2024-05-04,2,29,16
9402,2023,121,2,1427646,0,10000,2865292,4,2023-12-29,4,20,14
9403,1417,9,2,293478,0,25000,611956,1,2025-07-22,5,38,25
9404,673,473,1,455632,0,15000,470632,11,2024-08-08,3,10,3
9405,994,411,1,1192030,0,15000,1207030,4,2025-10-20,4,13,28
9406,1297,196,1,70278,0,25000,95278,1,2024-12-26,3,62,6
9407,1555,474,1,425632,0,25000,450632,6,2026-08-10,4,7,4
9408,2276,235,1,1189215,0,30000,1219215,1,2024-07-29,2,49,23
9409,507,273,2,202494,30374,0,344240,10,2024-04-29,3,34,4
9410,1366,496,1,1164592,58229,0,1106363,11,2023-10-21,2,23,25
9411,1174,309,5,175454,0,15000,892270,6,2024-08-11,5,34,26
9412,670,426,2,1118346,55917,15000,2139858,8,2025-04-15,6,41,11
9413,47,94,1,235165,0,0,235165,5,2024-08-05,4,1,12
9414,197,154,3,1307879,65393,15000,3742458,3,2024-04-26,4,15,13
9415,434,11,1,293478,14673,10000,288805,1,2024-09-29,2,29,8
9416,39,17,2,263478,26347,30000,504262,4,2023-09-08,3,20,20
9417,393,235,1,1189215,0,15000,1204215,3,2023-05-14,5,40,20
9418,291,286,2,222494,11124,0,422740,3,2024-09-23,4,26,25
9419,2440,232,2,1179215,0,30000,2388430,4,2024-05-08,5,48,9
9420,431,403,4,1043936,156590,10000,3559384,4,2026-01-29,5,54,6
9421,2285,281,1,212494,0,20000,232494,9,2025-01-08,3,11,27
9422,1764,151,1,1307879,0,20000,1327879,4,2023-05-15,1,18,22
9423,796,207,2,1015325,50766,25000,1954118,6,2023-12-03,4,16,6
9424,1645,207,1,1015325,0,15000,1030325,10,2023-09-05,3,18,18
9425,1670,321,1,175454,0,10000,185454,1,2025-09-04,3,66,21
9426,2366,488,1,445632,22281,10000,433351,6,2025-04-01,3,25,12
9427,130,224,2,1159215,0,30000,2348430,5,2023-10-01,7,3,14
9428,1807,280,3,232494,0,15000,712482,9,2026-03-03,1,65,24
9429,60,50,3,1039429,0,30000,3148287,3,2026-08-22,4,9,25
9430,1849,105,1,1108263,0,30000,1138263,3,2023-02-15,6,27,29
9431,1697,41,5,1009429,0,10000,5057145,2,2025-12-29,4,74,11
9432,94,426,5,1118346,0,30000,5621730,8,2023-04-20,6,31,13
9433,1255,61,1,836915,41845,15000,810070,2,2026-05-06,4,66,15
9434,2393,514,2,49707,0,10000,109414,8,2025-11-10,2,59,5
9435,653,208,2,995325,0,0,1990650,10,2026-07-31,2,9,27
9436,1656,410,2,1182030,59101,20000,2265858,4,2023-03-19,3,58,24
9437,1930,356,1,1099326,0,15000,1114326,3,2025-08-22,4,10,8
9438,1039,494,4,1164592,0,20000,4678368,8,2023-01-21,7,22,28
9439,944,248,5,237829,0,15000,1204145,8,2025-04-17,4,17,13
9440,143,342,2,1177247,58862,25000,2261770,9,2023-09-03,2,17,10
9441,148,102,4,1148263,0,15000,4608052,1,2025-03-20,3,12,19
9442,1321,217,2,995325,0,10000,2000650,11,2025-01-13,2,25,13
9443,2092,387,2,1033936,0,30000,2097872,7,2024-09-12,4,52,27
9444,1127,126,1,1427646,0,25000,1452646,9,2024-05-14,1,57,5
9445,743,6,1,273478,13673,25000,284805,7,2026-05-28,4,33,19
9446,2462,267,1,217829,21782,30000,226047,7,2023-09-10,3,23,20
9447,344,155,1,1317879,65893,0,1251986,10,2025-07-15,3,12,8
9448,822,146,1,1317879,197681,25000,1145198,5,2026-06-09,3,10,24
9449,1650,65,1,846915,0,30000,876915,7,2025-04-10,3,76,19
9450,179,343,1,1157247,0,25000,1182247,7,2023-08-10,5,53,4
9451,1648,491,1,445632,0,25000,470632,5,2024-07-28,3,5,29
9452,1247,328,4,1147247,0,15000,4603988,5,2023-04-11,3,30,5
9453,1616,466,5,362900,0,15000,1829500,12,2026-08-12,2,27,26
9454,609,437,1,1003839,0,20000,1023839,3,2026-08-08,5,24,25
9455,1712,306,1,135454,0,15000,150454,2,2025-02-22,6,62,28
9456,717,357,1,1089326,0,10000,1099326,10,2025-04-05,1,3,17
9457,2373,47,2,1029429,51471,15000,1970916,7,2023-05-20,5,63,22
9458,1483,157,2,1317879,65893,20000,2523972,5,2025-03-06,4,77,24
9459,776,452,1,983839,0,15000,998839,10,2025-03-13,4,34,6
9460,543,356,1,1099326,54966,10000,1054360,8,2023-09-09,1,11,4
9461,2293,367,1,1099326,54966,10000,1054360,1,2025-10-07,5,65,23
9462,162,15,1,283478,28347,30000,285131,1,2026-08-13,5,12,27
9463,156,58,1,1009429,0,25000,1034429,10,2026-01-26,4,42,27
9464,1711,225,3,1179215,0,15000,3552645,9,2026-07-01,5,58,25
9465,738,98,1,195165,19516,0,175649,12,2026-08-02,1,65,6
9466,2114,419,4,1085563,0,0,4342252,4,2023-10-03,1,53,1
9467,1040,474,1,425632,63844,10000,371788,3,2025-05-28,1,63,23
9468,2415,476,1,455632,0,30000,485632,2,2026-08-27,2,63,5
9469,172,59,4,1029429,154414,30000,3530060,6,2025-08-27,2,61,6
9470,1778,326,1,1177247,0,10000,1187247,1,2024-07-16,1,23,29
9471,1780,123,1,1427646,0,10000,1437646,6,2024-12-13,5,62,8
9472,319,41,1,1009429,0,30000,1039429,9,2025-06-10,5,62,17
9473,1407,125,3,1397646,0,10000,4202938,9,2023-08-01,3,55,7
9474,1784,457,1,362900,0,15000,377900,1,2026-01-13,3,41,22
9475,1200,65,1,846915,0,0,846915,8,2025-03-22,3,9,10
9476,1223,229,3,1169215,0,25000,3532645,3,2026-08-21,5,20,24
9477,1352,281,3,212494,0,25000,662482,1,2026-07-17,4,49,9
9478,1243,421,1,530089,26504,30000,533585,1,2026-06-19,1,44,4
9479,353,539,1,585602,87840,25000,522762,3,2025-07-18,6,55,24
9480,2094,345,1,1187247,0,15000,1202247,1,2024-12-05,2,24,19
9481,1579,439,1,1013839,0,30000,1043839,9,2024-01-28,2,56,28
9482,2447,543,2,575602,57560,15000,1051084,11,2025-04-18,2,7,8
9483,693,215,1,1035325,0,0,1035325,11,2026-08-01,4,12,14
9484,1855,246,1,207829,0,20000,227829,3,2023-12-20,5,30,17
9485,811,230,2,1199215,0,30000,2428430,3,2024-11-09,4,68,14
9486,836,295,2,202494,0,25000,429988,1,2025-12-28,4,31,29
9487,2385,111,4,1138263,0,10000,4563052,5,2023-10-14,5,20,1
9488,1307,190,2,60278,3013,20000,134530,10,2024-02-24,4,41,16
9489,2153,109,1,1108263,55413,10000,1062850,12,2025-01-28,2,50,20
9490,2017,77,1,856915,42845,10000,824070,4,2024-11-20,1,22,3
9491,938,253,1,217829,32674,30000,215155,11,2025-09-22,3,11,6
9492,741,406,1,1073936,161090,15000,927846,12,2026-01-14,5,14,6
9493,392,255,1,237829,11891,15000,240938,10,2024-03-31,3,58,11
9494,1820,127,1,1417646,0,0,1417646,7,2025-04-25,2,37,16
9495,135,38,4,761327,76132,20000,2760780,4,2025-03-29,4,46,8
9496,1106,265,2,247829,24782,30000,476094,10,2025-04-12,4,75,22
9497,1517,514,2,49707,4970,0,89474,12,2026-06-02,2,57,7
9498,192,447,2,1003839,0,30000,2037678,12,2026-06-18,3,34,8
9499,1628,11,3,293478,29347,15000,807393,5,2025-04-08,6,62,19
9500,1296,124,1,1407646,140764,30000,1296882,1,2024-07-25,5,8,25
9501,2021,512,1,1184592,0,20000,1204592,9,2026-04-23,4,75,7
9502,1453,60,2,1039429,51971,20000,1994916,11,2024-02-03,4,34,3
9503,508,26,1,791327,39566,30000,781761,4,2026-01-07,4,71,27
9504,2416,71,1,846915,0,20000,866915,5,2025-02-19,4,70,12
9505,1065,317,1,165454,8272,10000,167182,7,2024-04-15,2,54,4
9506,2317,89,1,225165,11258,10000,223907,5,2025-05-19,5,25,26
9507,1975,420,1,1065563,0,25000,1090563,4,2026-06-13,4,11,11
9508,302,118,1,1138263,0,10000,1148263,2,2026-08-22,2,66,24
9509,1186,390,1,1063936,0,10000,1073936,1,2024-09-26,2,38,3
9510,232,98,3,195165,0,30000,615495,1,2024-07-21,4,63,1
9511,1662,93,1,195165,9758,0,185407,5,2026-02-26,5,73,14
9512,2226,297,1,155454,7772,25000,172682,1,2024-01-09,5,40,23
9513,974,209,1,1015325,0,0,1015325,12,2023-08-06,3,47,6
9514,1369,60,2,1039429,51971,15000,1989916,5,2024-11-08,3,73,2
9515,1374,152,2,1287879,64393,25000,2471972,5,2026-04-18,4,75,11
9516,1140,272,2,202494,0,30000,434988,12,2023-09-29,4,17,5
9517,896,481,1,425632,42563,20000,403069,12,2026-04-08,3,57,5
9518,157,203,2,1015325,0,25000,2055650,5,2024-10-09,3,6,5
9519,1924,358,2,1099326,54966,30000,2118720,10,2024-12-12,5,51,11
9520,437,195,1,60278,0,0,60278,6,2024-12-12,6,15,28
9521,1293,216,2,995325,0,20000,2010650,9,2023-07-16,1,38,10
9522,1939,378,2,1059326,52966,15000,2027720,2,2025-05-01,5,75,18
9523,1076,391,4,1063936,159590,15000,3632384,2,2023-12-27,1,65,24
9524,593,147,2,1297879,0,10000,2605758,1,2023-06-09,5,44,20
9525,1520,62,1,836915,41845,0,795070,8,2025-10-11,4,43,13
9526,54,216,1,995325,49766,10000,955559,9,2025-05-01,6,53,1
9527,1802,536,2,595602,59560,10000,1082084,12,2024-09-18,5,57,26
9528,736,517,1,79707,3985,15000,90722,3,2023-05-28,3,31,25
9529,1928,161,4,582301,58230,0,2096284,9,2023-09-22,2,52,7
9530,2375,116,1,1138263,0,0,1138263,7,2024-07-08,5,10,4
9531,1469,205,2,1025325,51266,15000,1963118,2,2024-08-14,4,41,19
9532,2055,190,3,60278,0,15000,195834,3,2024-11-09,5,56,26
9533,587,471,3,382900,0,25000,1173700,2,2024-07-30,3,37,25
9534,1019,500,4,1164592,0,20000,4678368,1,2025-01-20,4,21,21
9535,1033,1,2,263478,0,15000,541956,5,2023-03-12,1,45,10
9536,2384,385,4,1073936,53696,0,4080960,2,2025-08-10,4,34,27
9537,391,32,5,781327,0,15000,3921635,7,2023-08-14,3,11,29
9538,309,340,1,1177247,0,30000,1207247,10,2025-04-01,4,54,9
9539,1698,112,1,1128263,56413,25000,1096850,9,2023-05-07,3,18,22
9540,53,158,5,1297879,129787,15000,5855460,12,2023-10-26,3,14,16
9541,2369,246,4,207829,0,25000,856316,3,2023-03-06,3,58,17
9542,494,415,1,1243713,62185,0,1181528,12,2024-07-27,6,77,21
9543,331,140,2,1407646,0,30000,2845292,11,2023-12-28,4,43,5
9544,380,395,4,1043936,0,0,4175744,2,2025-10-19,2,6,17
9545,796,500,1,1164592,0,0,1164592,6,2024-03-10,8,47,6
9546,1390,239,2,1189215,59460,15000,2274510,2,2025-09-20,5,27,10
9547,272,113,2,1148263,57413,20000,2201700,10,2025-09-24,6,58,13
9548,1473,36,4,761327,0,0,3045308,7,2023-06-22,3,60,28
9549,443,490,2,455632,22781,15000,880702,5,2026-05-28,3,32,3
9550,9,222,4,1199215,239843,20000,3857488,4,2025-10-25,4,8,19
9551,1916,111,1,1138263,56913,20000,1101350,1,2023-03-23,6,53,6
9552,25,99,1,195165,0,20000,215165,3,2026-08-29,6,24,7
9553,68,441,2,993839,49691,30000,1918296,9,2023-01-20,5,63,15
9554,1155,545,3,575602,0,0,1726806,9,2025-10-23,4,52,9
9555,1758,492,1,455632,0,20000,475632,3,2024-05-27,3,4,12
9556,1277,177,3,552301,55230,25000,1516213,9,2023-07-28,4,44,10
9557,2401,224,2,1159215,0,15000,2333430,9,2025-08-03,2,16,19
9558,464,294,1,222494,11124,15000,226370,2,2024-03-27,3,21,26
9559,1080,50,1,1039429,0,15000,1054429,11,2024-10-30,2,65,19
9560,2414,497,1,1164592,58229,0,1106363,9,2023-10-21,2,43,11
9561,2021,500,2,1164592,58229,0,2212726,11,2025-07-19,2,38,7
9562,1981,271,1,202494,0,30000,232494,9,2023-06-28,5,23,14
9563,158,309,2,175454,0,25000,375908,3,2023-07-27,2,36,1
9564,51,401,1,1053936,0,10000,1063936,5,2025-01-11,5,16,11
9565,2268,464,5,372900,0,25000,1889500,7,2025-05-06,2,63,17
9566,148,132,1,1417646,0,15000,1432646,1,2024-11-15,8,60,19
9567,744,438,1,1023839,0,20000,1043839,3,2025-05-03,3,45,10
9568,496,173,2,572301,0,25000,1169602,4,2025-02-10,8,15,11
9569,995,178,1,572301,0,0,572301,12,2023-07-26,5,48,18
9570,420,30,2,761327,38066,20000,1466522,9,2026-01-25,4,12,23
9571,1564,60,2,1039429,0,25000,2103858,7,2024-05-23,3,13,4
9572,1326,480,1,465632,23281,20000,462351,12,2025-12-17,5,61,22
9573,2246,84,4,235165,0,25000,965660,6,2024-11-05,4,38,20
9574,1398,49,2,1009429,0,10000,2028858,9,2025-11-24,1,21,20
9575,1830,251,1,217829,0,0,217829,8,2025-06-18,4,42,1
9576,1539,219,1,995325,0,0,995325,1,2025-01-22,8,26,1
9577,66,273,2,202494,0,15000,419988,10,2024-08-03,5,34,9
9578,1802,232,1,1179215,117921,25000,1086294,8,2026-07-30,4,71,26
9579,858,204,2,995325,49766,25000,1916118,8,2024-10-22,2,10,14
9580,1965,382,3,1033936,103393,20000,2811629,10,2023-06-02,2,47,5
9581,619,89,1,225165,0,10000,235165,3,2024-03-07,1,62,23
9582,1740,401,1,1053936,0,25000,1078936,7,2024-09-15,4,20,21
9583,1871,382,1,1033936,0,15000,1048936,12,2025-11-16,2,56,2
9584,257,159,2,1287879,0,0,2575758,10,2025-05-05,5,75,22
9585,2015,140,1,1407646,0,15000,1422646,4,2024-10-04,3,54,16
9586,1371,225,1,1179215,0,20000,1199215,5,2023-01-29,5,32,15
9587,553,215,3,1035325,51766,15000,2965677,5,2023-01-09,3,67,24
9588,2256,112,1,1128263,0,30000,1158263,2,2023-05-15,6,55,5
9589,133,47,2,1029429,0,0,2058858,4,2023-01-03,6,60,8
9590,1014,24,2,791327,0,0,1582654,2,2025-10-17,3,24,9
9591,969,550,1,575602,28780,15000,561822,10,2025-01-07,3,47,13
9592,1774,130,1,1407646,70382,15000,1352264,3,2026-05-07,4,22,11
9593,1130,194,1,80278,4013,15000,91265,1,2023-03-20,4,20,17
9594,994,41,2,1009429,0,0,2018858,11,2024-08-24,3,19,28
9595,898,272,1,202494,0,25000,227494,3,2025-06-22,4,17,8
9596,2296,299,2,155454,0,20000,330908,8,2024-08-20,8,64,29
9597,1097,142,2,1317879,0,25000,2660758,5,2024-07-21,3,35,12
9598,812,467,1,382900,0,20000,402900,11,2023-03-07,4,44,5
9599,1863,85,2,225165,0,25000,475330,8,2026-07-10,2,27,15
9600,771,270,3,192494,0,25000,602482,2,2025-01-10,5,50,29
9601,1361,466,2,362900,0,20000,745800,2,2025-04-29,1,4,15
9602,1241,237,2,1169215,0,0,2338430,4,2025-02-16,2,53,3
9603,677,236,1,1199215,0,15000,1214215,7,2025-06-04,1,74,27
9604,1253,332,1,1187247,118724,0,1068523,6,2026-08-19,5,69,29
9605,1889,478,1,425632,0,20000,445632,4,2026-08-28,8,45,24
9606,1885,264,2,237829,0,20000,495658,4,2023-07-24,7,9,29
9607,766,145,1,1317879,0,0,1317879,12,2025-11-07,5,69,25
9608,1455,209,1,1015325,50766,15000,979559,6,2024-03-22,4,10,28
9609,1194,457,1,362900,0,15000,377900,9,2024-11-10,5,35,4
9610,1469,539,2,585602,29280,10000,1122644,2,2024-03-07,7,64,19
9611,47,260,4,247829,0,30000,1021316,3,2024-12-10,5,67,12
9612,1231,495,2,1194592,0,30000,2419184,11,2023-04-12,5,33,12
9613,19,359,1,1079326,107932,20000,991394,6,2023-10-29,4,23,24
9614,826,475,1,445632,0,10000,455632,4,2025-02-25,3,25,16
9615,550,199,1,80278,4013,0,76265,9,2025-10-06,2,33,27
9616,1322,6,2,273478,0,20000,566956,4,2023-06-21,1,27,26
9617,956,147,1,1297879,129787,0,1168092,1,2025-09-28,2,39,15
9618,221,267,1,217829,10891,20000,226938,3,2024-04-07,4,27,13
9619,838,163,1,542301,0,25000,567301,4,2023-09-22,1,15,5
9620,2160,49,2,1009429,0,0,2018858,5,2023-04-28,2,72,4
9621,2312,481,2,425632,21281,30000,838702,6,2023-12-04,1,30,18
9622,1277,123,1,1427646,0,0,1427646,11,2025-06-26,5,13,10
9623,1301,154,3,1307879,130787,30000,3561276,10,2024-03-23,1,45,29
9624,1605,427,3,1148346,57417,15000,3287787,11,2025-09-26,4,1,11
9625,1652,191,1,60278,9041,25000,76237,12,2024-04-05,3,21,7
9626,95,192,3,60278,0,30000,210834,4,2024-04-14,3,14,3
9627,156,521,1,89707,0,15000,104707,3,2023-03-09,3,44,27
9628,382,188,2,60278,6027,30000,138502,9,2026-05-26,6,35,28
9629,1396,82,1,205165,0,0,205165,6,2024-08-24,4,55,14
9630,1578,492,3,455632,0,15000,1381896,4,2023-06-28,3,29,20
9631,547,528,4,49707,2485,15000,203888,11,2026-02-18,4,52,11
9632,1899,77,1,856915,0,30000,886915,7,2024-01-14,4,15,23
9633,2134,356,1,1099326,0,20000,1119326,1,2023-07-04,5,29,20
9634,1428,274,1,192494,0,30000,222494,1,2023-04-19,4,52,25
9635,1533,127,1,1417646,0,30000,1447646,6,2024-08-11,3,34,22
9636,729,51,5,1039429,0,0,5197145,12,2023-10-29,5,39,12
9637,505,67,2,836915,0,25000,1698830,7,2023-01-02,4,21,13
9638,1054,358,3,1099326,109932,25000,2993182,9,2023-10-10,5,13,16
9639,1307,291,5,202494,0,20000,1032470,5,2023-02-20,4,25,16
9640,736,513,1,59707,8956,10000,60751,11,2026-04-12,4,29,25
9641,1942,8,1,303478,15173,0,288305,8,2025-12-11,5,62,17
9642,673,501,4,1174592,0,25000,4723368,2,2026-08-07,4,2,3
9643,435,119,3,1148263,57413,10000,3282550,11,2026-03-16,4,31,10
9644,2083,188,2,60278,0,0,120556,10,2025-09-02,4,12,22
9645,1264,19,2,263478,0,30000,556956,9,2026-03-30,5,42,12
9646,983,288,2,192494,0,20000,404988,10,2023-08-14,2,17,23
9647,2346,317,1,165454,8272,30000,187182,4,2026-07-13,3,76,23
9648,1116,290,3,222494,11124,25000,659110,5,2026-05-02,1,70,3
9649,42,52,4,1019429,50971,15000,3888832,4,2023-05-24,3,54,19
9650,349,419,1,1085563,0,15000,1100563,5,2024-06-11,3,29,29
9651,1992,113,1,1148263,57413,20000,1110850,8,2025-05-08,1,58,18
9652,325,523,1,89707,0,10000,99707,5,2023-05-01,3,54,29
9653,1366,69,1,876915,87691,0,789224,3,2025-02-21,4,59,25
9654,2496,476,1,455632,22781,0,432851,4,2025-03-24,4,15,17
9655,1537,109,1,1108263,0,10000,1118263,9,2024-11-23,3,40,16
9656,909,461,1,392900,0,15000,407900,12,2025-03-28,4,53,13
9657,391,545,3,575602,0,25000,1751806,6,2024-07-09,8,50,29
9658,969,173,1,572301,0,0,572301,1,2024-09-29,2,15,13
9659,213,396,1,1043936,52196,15000,1006740,12,2026-06-02,3,7,25
9660,2486,1,1,263478,13173,20000,270305,2,2024-02-20,6,12,26
9661,2110,43,2,1019429,0,30000,2068858,7,2024-03-25,6,19,10
9662,2000,310,3,145454,0,20000,456362,6,2025-05-03,3,42,18
9663,1690,527,1,89707,0,25000,114707,8,2024-08-13,5,51,9
9664,1685,167,1,542301,54230,20000,508071,4,2026-06-24,4,5,25
9665,2378,443,3,1013839,50691,30000,2919444,11,2024-05-30,1,8,12
9666,615,30,3,761327,0,30000,2313981,5,2024-04-11,1,73,17
9667,2054,351,2,1157247,57862,25000,2223770,2,2023-03-06,3,39,4
9668,168,31,2,751327,0,10000,1512654,5,2025-11-06,5,71,15
9669,1880,431,1,758998,75899,0,683099,3,2025-12-29,1,74,25
9670,2264,217,1,995325,99532,0,895793,12,2025-11-24,3,76,28
9671,83,486,4,455632,0,0,1822528,8,2023-05-01,5,57,25
9672,2089,28,3,751327,0,25000,2278981,4,2024-11-25,5,35,28
9673,2332,35,3,771327,0,20000,2333981,6,2023-12-27,4,12,24
9674,371,115,4,1118263,55913,20000,4269400,4,2024-02-16,4,14,3
9675,138,232,1,1179215,0,0,1179215,7,2023-08-23,2,61,14
9676,2326,206,1,1035325,103532,0,931793,11,2026-05-05,2,58,28
9677,855,83,4,225165,11258,20000,875628,9,2025-06-07,1,51,28
9678,252,388,1,1043936,104393,15000,954543,1,2026-03-14,2,50,12
9679,2394,548,1,555602,0,0,555602,10,2023-09-23,1,49,19
9680,1419,273,2,202494,0,25000,429988,9,2023-09-20,4,6,10
9681,1300,515,2,79707,0,0,159414,9,2023-05-26,3,4,15
9682,2424,70,1,876915,0,0,876915,6,2026-04-26,2,39,6
9683,228,380,2,1079326,0,0,2158652,11,2024-11-12,3,41,16
9684,355,257,2,217829,0,15000,450658,10,2024-12-03,4,38,27
9685,1871,386,1,1053936,52696,10000,1011240,3,2025-08-31,4,18,2
9686,1158,327,3,1177247,0,30000,3561741,8,2025-10-07,5,51,2
9687,163,293,2,192494,0,15000,399988,2,2024-05-07,2,33,28
9688,553,250,4,237829,0,20000,971316,9,2023-08-02,4,28,24
9689,1205,130,2,1407646,211146,15000,2408000,6,2025-03-26,7,11,5
9690,918,58,3,1009429,0,10000,3038287,8,2024-10-10,5,64,29
9691,420,10,4,273478,0,30000,1123912,12,2024-05-04,2,20,23
9692,336,229,2,1169215,0,0,2338430,9,2026-01-01,5,28,10
9693,1255,165,1,562301,0,0,562301,10,2025-05-19,3,2,15
9694,1882,336,4,1157247,115724,20000,4186092,8,2025-12-10,5,60,2
9695,1264,396,1,1043936,0,20000,1063936,10,2024-09-04,1,6,12
9696,16,59,3,1029429,154414,25000,2650045,9,2023-06-14,7,48,25
9697,2353,90,2,235165,0,30000,500330,12,2023-01-11,2,19,20
9698,1578,44,1,1029429,0,20000,1049429,9,2025-09-08,8,65,20
9699,49,269,1,232494,0,15000,247494,3,2023-04-08,4,51,4
9700,1914,174,2,562301,56230,30000,1042142,3,2025-10-07,6,7,27
9701,2456,56,1,1029429,51471,20000,997958,9,2023-04-12,3,5,21
9702,2459,465,4,382900,0,10000,1541600,6,2025-09-23,4,27,7
9703,1627,90,1,235165,0,20000,255165,9,2026-03-30,6,6,22
9704,30,363,1,1069326,0,30000,1099326,10,2024-09-26,3,64,13
9705,392,408,2,1063936,0,10000,2137872,8,2024-09-08,4,26,11
9706,1048,140,4,1407646,70382,0,5349056,10,2026-05-19,1,47,23
9707,903,245,1,247829,0,25000,272829,11,2026-01-04,4,75,18
9708,1847,127,1,1417646,212646,30000,1235000,3,2024-02-12,4,63,13
9709,308,309,1,175454,0,15000,190454,12,2023-05-15,3,27,2
9710,1691,369,2,1079326,161898,15000,1849856,3,2025-03-14,2,31,22
9711,270,460,3,362900,54435,25000,950395,11,2025-02-24,5,12,14
9712,321,281,1,212494,21249,15000,206245,4,2024-05-28,3,59,12
9713,1989,378,1,1059326,0,25000,1084326,10,2023-02-21,3,29,21
9714,81,389,1,1073936,53696,0,1020240,8,2024-01-15,4,32,19
9715,1634,81,1,205165,0,10000,215165,8,2025-10-16,4,76,23
9716,2243,46,3,1009429,0,30000,3058287,1,2026-04-01,4,54,25
9717,1782,454,1,382900,0,20000,402900,2,2025-09-22,7,75,25
9718,1828,96,1,205165,0,0,205165,2,2026-02-19,2,35,7
9719,52,373,4,1079326,53966,25000,4126440,3,2024-10-17,4,17,29
9720,2319,135,1,1397646,0,15000,1412646,5,2026-01-04,3,15,12
9721,812,111,2,1138263,0,20000,2296526,11,2024-12-27,5,46,5
9722,96,526,2,49707,2485,15000,109444,6,2026-03-12,1,3,13
9723,1767,376,3,1099326,0,20000,3317978,5,2024-08-10,3,17,2
9724,43,144,1,1277879,0,30000,1307879,11,2023-09-25,4,8,21
9725,1307,431,1,758998,0,20000,778998,8,2025-09-09,3,62,16
9726,635,171,2,552301,0,30000,1134602,11,2023-05-27,4,4,7
9727,759,534,4,585602,29280,30000,2255288,4,2023-04-30,4,22,3
9728,2086,348,4,1157247,115724,0,4166092,10,2024-04-11,5,1,27
9729,975,140,2,1407646,0,30000,2845292,7,2024-05-19,3,55,18
9730,1144,89,5,225165,0,15000,1140825,4,2025-02-18,2,5,2
9731,2462,461,2,392900,0,25000,810800,5,2026-07-09,5,46,20
9732,1112,525,2,69707,3485,10000,142444,2,2024-06-16,5,24,4
9733,1723,105,1,1108263,55413,10000,1062850,4,2026-07-16,4,26,14
9734,241,267,3,217829,0,20000,673487,8,2025-02-04,4,55,7
9735,2489,551,1,555602,0,20000,575602,1,2024-03-08,2,48,17
9736,283,280,1,232494,34874,10000,207620,2,2025-05-17,2,9,22
9737,2380,419,2,1085563,0,25000,2196126,10,2023-06-30,4,22,14
9738,1274,157,1,1317879,65893,20000,1271986,8,2025-12-22,2,13,5
9739,469,34,1,771327,0,25000,796327,9,2026-06-08,4,2,11
9740,2483,522,1,69707,0,25000,94707,2,2025-10-18,4,4,8
9741,1190,342,3,1177247,0,20000,3551741,10,2023-11-14,2,31,27
9742,1706,470,4,382900,19145,30000,1485020,12,2023-05-21,3,22,12
9743,2338,459,1,392900,58935,0,333965,2,2025-08-03,5,65,21
9744,1196,36,1,761327,38066,30000,753261,4,2023-12-12,3,52,29
9745,995,24,1,791327,39566,15000,766761,5,2024-04-03,3,54,18
9746,1146,389,2,1073936,161090,15000,1840692,2,2025-08-09,1,56,22
9747,1709,69,2,876915,43845,25000,1691140,3,2023-12-31,2,16,28
9748,2127,52,1,1019429,50971,30000,998458,6,2024-05-25,1,7,15
9749,1129,184,1,80278,4013,0,76265,12,2026-06-11,3,64,13
9750,1100,344,1,1167247,0,25000,1192247,2,2024-06-02,4,77,3
9751,2243,40,3,761327,0,15000,2298981,5,2023-05-12,5,3,25
9752,1880,470,5,382900,38290,30000,1753050,10,2024-11-14,5,1,25
9753,1327,320,2,175454,0,0,350908,10,2024-10-27,3,66,11
9754,643,508,4,1174592,0,15000,4713368,9,2026-03-31,5,72,22
9755,1075,249,1,237829,0,15000,252829,6,2025-09-26,4,47,5
9756,1192,526,2,49707,4970,15000,104474,12,2026-03-22,3,34,12
9757,993,191,3,60278,0,15000,195834,5,2023-07-18,5,30,11
9758,631,152,1,1287879,64393,20000,1243486,11,2024-10-05,1,13,5
9759,721,500,1,1164592,58229,10000,1116363,1,2024-12-22,4,19,27
9760,1054,28,1,751327,75132,15000,691195,6,2025-03-30,7,70,16
9761,947,541,1,595602,89340,30000,536262,3,2023-03-15,5,2,4
9762,64,7,4,303478,0,30000,1243912,5,2023-05-04,3,27,14
9763,822,355,1,1079326,53966,15000,1040360,6,2023-10-29,4,46,24
9764,1192,144,2,1277879,0,10000,2565758,4,2023-08-10,4,30,12
9765,2450,14,2,283478,14173,20000,558610,12,2025-09-17,1,31,20
9766,1810,322,4,135454,0,15000,556816,12,2025-04-29,5,64,4
9767,2376,313,1,145454,7272,25000,163182,8,2025-06-02,3,54,28
9768,442,104,2,1118263,223652,20000,1809222,9,2024-12-26,1,11,12
9769,2456,520,5,79707,0,20000,418535,6,2023-12-19,4,44,21
9770,1138,545,1,575602,0,30000,605602,4,2025-01-08,3,18,25
9771,678,23,2,751327,37566,20000,1447522,5,2023-11-28,4,52,16
9772,2386,385,2,1073936,0,15000,2162872,2,2023-09-15,3,43,3
9773,2172,277,1,202494,0,15000,217494,1,2023-03-01,1,5,10
9774,2008,213,1,1025325,0,0,1025325,4,2026-05-11,1,26,2
9775,2286,481,3,425632,0,0,1276896,10,2024-05-13,7,7,13
9776,867,119,2,1148263,57413,0,2181700,3,2023-06-21,3,3,2
9777,1686,101,2,1148263,0,0,2296526,2,2024-12-09,4,46,23
9778,2047,316,1,175454,0,20000,195454,4,2024-08-25,2,64,20
9779,118,530,3,69707,0,0,209121,9,2024-12-16,3,68,12
9780,532,176,1,542301,54230,15000,503071,11,2024-02-23,4,60,1
9781,212,235,1,1189215,178382,30000,1040833,10,2023-11-05,2,9,20
9782,2191,165,1,562301,28115,10000,544186,5,2023-07-18,2,54,20
9783,462,255,3,237829,0,15000,728487,12,2023-02-16,4,2,4
9784,1239,381,1,1033936,0,15000,1048936,7,2026-03-27,2,15,19
9785,2028,421,3,530089,26504,10000,1520755,12,2024-07-21,4,69,18
9786,2256,200,1,60278,0,15000,75278,4,2026-02-04,3,37,5
9787,17,323,1,175454,0,15000,190454,11,2025-08-07,3,22,2
9788,679,482,2,465632,0,10000,941264,9,2026-04-10,1,43,23
9789,963,243,2,217829,0,25000,460658,5,2023-05-24,4,26,3
9790,2117,273,4,202494,10124,10000,779480,9,2025-09-09,4,28,20
9791,1212,518,1,69707,3485,30000,96222,11,2024-08-29,4,53,28
9792,1274,1,1,263478,13173,30000,280305,1,2023-07-16,5,60,5
9793,423,51,1,1039429,0,15000,1054429,7,2023-11-06,1,61,27
9794,1307,32,1,781327,39066,20000,762261,6,2025-01-30,4,32,16
9795,1212,209,5,1015325,101532,20000,4588965,9,2024-07-02,3,6,28
9796,765,157,1,1317879,65893,30000,1281986,7,2023-11-16,2,12,10
9797,1931,404,3,1053936,105393,30000,2875629,10,2024-09-08,2,69,15
9798,1716,504,1,1194592,0,25000,1219592,4,2024-01-14,2,2,2
9799,876,312,4,155454,7772,15000,605728,10,2023-01-28,4,15,23
9800,408,304,3,145454,0,15000,451362,5,2026-07-14,4,60,23
9801,1041,39,1,791327,0,15000,806327,7,2026-07-07,3,14,25
9802,1177,388,1,1043936,52196,0,991740,8,2025-12-08,5,7,5
9803,2244,526,2,49707,0,25000,124414,3,2025-08-04,3,20,14
9804,519,437,2,1003839,0,15000,2022678,1,2024-04-08,4,15,8
9805,1072,409,1,1172030,0,25000,1197030,6,2023-01-26,5,4,3
9806,1440,42,2,999429,0,0,1998858,12,2025-02-24,1,5,29
9807,2203,413,2,1243713,62185,20000,2383056,5,2024-07-17,2,59,17
9808,1641,296,4,222494,0,0,889976,5,2026-03-19,5,64,12
9809,1330,117,1,1108263,110826,25000,1022437,3,2026-02-02,3,53,28
9810,2431,205,2,1025325,0,0,2050650,7,2023-01-24,3,16,10
9811,869,498,1,1164592,58229,15000,1121363,12,2024-01-14,5,11,8
9812,2172,508,1,1174592,0,30000,1204592,10,2026-07-18,3,57,10
9813,1387,299,1,155454,0,25000,180454,4,2026-04-11,5,55,3
9814,1659,504,2,1194592,0,15000,2404184,1,2024-11-25,2,41,15
9815,1567,541,1,595602,29780,15000,580822,3,2024-02-08,5,75,13
9816,1844,134,1,1417646,0,0,1417646,8,2025-08-19,2,44,20
9817,1975,322,1,135454,0,0,135454,4,2026-03-10,2,23,11
9818,327,267,3,217829,0,10000,663487,3,2026-05-12,3,76,28
9819,1114,402,1,1033936,0,20000,1053936,7,2023-05-18,3,45,17
9820,996,288,1,192494,0,30000,222494,10,2026-07-12,2,68,29
9821,2234,126,1,1427646,0,10000,1437646,6,2024-01-19,4,20,27
9822,7,532,1,59707,0,15000,74707,1,2025-11-19,6,12,21
9823,736,407,1,1043936,0,30000,1073936,8,2025-08-28,2,32,25
9824,451,249,1,237829,0,25000,262829,11,2023-07-06,3,20,23
9825,929,145,2,1317879,65893,15000,2518972,10,2024-08-15,5,48,7
9826,1626,491,1,445632,22281,0,423351,7,2026-04-02,4,12,18
9827,219,216,3,995325,0,30000,3015975,12,2025-01-27,6,22,23
9828,2374,504,1,1194592,0,20000,1214592,2,2023-07-30,4,2,24
9829,2296,104,5,1118263,0,25000,5616315,3,2025-02-15,6,14,29
9830,2109,19,1,263478,0,20000,283478,12,2025-08-05,1,36,3
9831,1994,257,1,217829,0,25000,242829,11,2024-10-01,2,1,27
9832,334,30,1,761327,0,30000,791327,7,2025-12-06,3,73,17
9833,2465,354,1,1069326,0,25000,1094326,3,2023-10-18,4,2,25
9834,751,538,1,575602,0,0,575602,4,2023-01-19,5,17,5
9835,1217,480,2,465632,0,30000,961264,4,2023-03-28,2,77,15
9836,1628,245,1,247829,24782,20000,243047,10,2024-04-15,5,19,19
9837,82,410,1,1182030,59101,30000,1152929,6,2025-07-13,2,50,12
9838,680,24,1,791327,79132,0,712195,10,2023-05-16,4,57,22
9839,832,227,3,1179215,176882,15000,3021999,6,2023-02-27,6,39,14
9840,655,215,1,1035325,0,25000,1060325,3,2023-04-05,5,69,24
9841,302,15,1,283478,0,10000,293478,8,2023-09-18,4,69,24
9842,1766,232,2,1179215,58960,10000,2250510,12,2023-12-20,2,67,21
9843,657,5,1,273478,27347,20000,266131,9,2026-02-06,3,7,24
9844,927,415,3,1243713,62185,30000,3574584,6,2023-09-09,5,66,3
9845,469,61,1,836915,0,10000,846915,5,2024-07-26,4,12,11
9846,2309,92,5,195165,0,25000,1000825,1,2026-03-27,5,70,20
9847,2141,119,2,1148263,0,20000,2316526,2,2025-06-26,5,51,19
9848,2345,490,2,455632,0,15000,926264,5,2023-01-31,2,76,27
9849,36,480,2,465632,23281,30000,914702,9,2025-02-19,1,41,16
9850,1325,460,2,362900,0,0,725800,2,2026-04-17,3,19,21
9851,1271,155,1,1317879,131787,0,1186092,4,2025-09-06,3,3,21
9852,159,275,3,222494,0,15000,682482,12,2024-11-16,5,53,13
9853,2001,254,2,247829,0,30000,525658,8,2025-04-02,4,2,2
9854,282,135,1,1397646,139764,0,1257882,7,2024-04-09,1,63,4
9855,1415,101,3,1148263,57413,0,3272550,3,2026-05-07,8,46,26
9856,62,91,1,225165,22516,25000,227649,5,2025-12-05,2,48,12
9857,1560,455,3,382900,0,15000,1163700,4,2025-03-04,5,72,12
9858,427,375,2,1059326,105932,20000,1926788,8,2023-07-26,7,21,12
9859,185,108,1,1128263,112826,10000,1025437,7,2023-07-22,1,48,13
9860,2458,549,3,595602,0,10000,1796806,9,2023-01-27,4,65,17
9861,1623,266,1,237829,0,10000,247829,1,2024-06-20,2,50,23
9862,2480,302,2,135454,6772,30000,287364,2,2025-11-19,5,63,24
9863,851,116,2,1138263,56913,10000,2172700,7,2025-10-06,1,18,14
9864,1246,250,1,237829,0,30000,267829,2,2025-07-01,2,36,6
9865,845,435,3,1023839,0,30000,3101517,3,2024-12-21,7,42,5
9866,837,406,2,1073936,0,15000,2162872,5,2024-09-10,4,71,12
9867,495,138,1,1437646,0,10000,1447646,3,2026-05-27,1,2,22
9868,550,401,5,1053936,0,25000,5294680,1,2026-03-27,4,11,27
9869,1,311,3,165454,8272,15000,486546,3,2023-07-28,5,4,7
9870,43,496,2,1164592,0,25000,2354184,5,2023-12-11,6,73,21
9871,1872,224,1,1159215,0,25000,1184215,2,2025-11-25,5,51,3
9872,620,60,1,1039429,0,15000,1054429,12,2024-10-19,5,8,15
9873,1772,440,1,1013839,50691,10000,973148,8,2025-07-21,3,7,4
9874,1732,521,1,89707,8970,15000,95737,1,2025-02-06,4,21,29
9875,411,409,3,1172030,0,10000,3526090,12,2026-08-21,3,48,29
9876,1588,159,4,1287879,64393,10000,4903944,6,2025-01-15,2,4,10
9877,912,39,1,791327,0,20000,811327,8,2025-04-15,5,23,3
9878,1195,315,1,135454,0,30000,165454,6,2025-11-28,2,53,12
9879,407,34,3,771327,0,20000,2333981,12,2026-08-12,4,52,29
9880,2098,456,1,362900,18145,15000,359755,1,2023-09-20,4,53,4
9881,2413,521,1,89707,0,10000,99707,12,2023-12-30,4,63,12
9882,41,139,2,1397646,0,0,2795292,8,2025-02-02,3,34,6
9883,1675,299,2,155454,15545,20000,299818,4,2024-05-14,5,11,27
9884,1726,206,1,1035325,0,25000,1060325,9,2024-12-02,2,11,27
9885,486,332,1,1187247,0,25000,1212247,5,2024-01-31,3,18,15
9886,2122,123,1,1427646,0,20000,1447646,4,2025-12-14,2,77,2
9887,703,50,1,1039429,207885,20000,851544,7,2026-06-10,4,8,4
9888,864,269,4,232494,0,30000,959976,8,2023-10-28,1,44,24
9889,1126,356,2,1099326,0,10000,2208652,4,2026-06-23,3,49,6
9890,1560,10,1,273478,0,10000,283478,2,2023-04-18,1,33,12
9891,1938,444,1,1013839,0,15000,1028839,12,2024-02-16,5,29,2
9892,1854,145,2,1317879,65893,30000,2533972,3,2024-03-31,6,51,22
9893,1857,363,4,1069326,0,0,4277304,2,2025-05-25,7,2,8
9894,129,3,5,263478,26347,20000,1205655,1,2024-03-29,3,6,29
9895,1903,199,1,80278,0,10000,90278,3,2023-02-03,5,4,17
9896,41,347,2,1187247,0,15000,2389494,5,2024-02-26,4,12,6
9897,1981,346,2,1147247,0,20000,2314494,5,2024-01-12,3,23,14
9898,2415,513,1,59707,0,25000,84707,4,2025-04-08,6,60,5
9899,1813,435,2,1023839,51191,20000,1965296,3,2024-05-24,1,38,12
9900,1082,42,1,999429,0,15000,1014429,1,2025-10-18,2,19,11
9901,1383,526,1,49707,0,20000,69707,5,2023-09-02,3,33,7
9902,1358,164,4,582301,29115,15000,2227744,8,2024-03-06,2,54,16
9903,579,144,2,1277879,63893,0,2427972,8,2024-08-28,4,34,11
9904,2318,470,1,382900,19145,30000,393755,12,2024-01-28,1,39,13
9905,836,249,2,237829,11891,30000,481876,5,2024-02-12,5,28,29
9906,2091,221,2,1179215,0,10000,2368430,3,2026-04-11,5,54,8
9907,139,95,1,235165,11758,25000,248407,10,2024-01-27,3,2,16
9908,2307,419,2,1085563,0,30000,2201126,4,2024-10-26,4,75,17
9909,1931,386,2,1053936,52696,0,2002480,4,2023-01-05,2,52,15
9910,326,117,3,1108263,110826,25000,3017311,10,2023-08-13,4,27,29
9911,105,403,2,1043936,0,0,2087872,6,2026-02-22,5,18,12
9912,1712,313,2,145454,14545,20000,281818,9,2024-11-17,4,66,28
9913,1091,259,1,247829,0,10000,257829,8,2024-12-31,1,7,17
9914,2138,361,1,1069326,106932,15000,977394,8,2025-01-18,3,58,2
9915,637,240,4,1169215,0,0,4676860,6,2025-02-25,2,15,9
9916,237,44,1,1029429,0,15000,1044429,6,2023-04-20,2,69,23
9917,964,425,3,1148346,0,0,3445038,8,2023-07-23,4,54,9
9918,989,94,1,235165,11758,30000,253407,11,2024-03-27,5,38,24
9919,2091,201,2,1025325,0,25000,2075650,6,2025-03-19,1,37,8
9920,2246,221,1,1179215,0,30000,1209215,2,2024-08-07,5,60,20
9921,2469,171,2,552301,0,0,1104602,6,2024-05-17,3,9,27
9922,1877,182,1,90278,0,0,90278,12,2025-09-06,4,29,27
9923,1235,433,2,1023839,0,20000,2067678,8,2025-12-05,3,74,5
9924,1086,326,1,1177247,0,0,1177247,2,2023-05-12,4,73,26
9925,1048,76,3,856915,0,15000,2585745,2,2024-04-11,5,69,23
9926,175,120,1,1108263,55413,20000,1072850,11,2025-12-22,7,60,2
9927,1200,266,1,237829,0,15000,252829,10,2026-05-17,5,66,10
9928,2009,209,1,1015325,0,15000,1030325,11,2026-08-14,2,30,7
9929,1796,316,1,175454,0,10000,185454,11,2024-01-12,3,23,22
9930,527,51,1,1039429,0,20000,1059429,1,2024-05-14,4,8,16
9931,1391,46,3,1009429,0,10000,3038287,2,2025-12-11,4,71,5
9932,572,12,1,303478,0,0,303478,6,2025-04-08,4,33,26
9933,2115,126,1,1427646,71382,10000,1366264,10,2023-09-21,3,22,16
9934,1608,465,1,382900,19145,25000,388755,1,2025-08-28,5,67,7
9935,773,413,2,1243713,62185,10000,2373056,11,2025-12-29,2,15,16
9936,1231,113,1,1148263,57413,20000,1110850,4,2024-07-20,3,4,12
9937,1515,181,2,90278,0,10000,190556,11,2023-01-06,4,34,4
9938,2118,408,1,1063936,0,15000,1078936,9,2024-05-04,5,15,14
9939,360,416,3,1263713,63185,15000,3616584,1,2024-07-03,3,57,3
9940,1731,274,1,192494,19249,20000,193245,8,2025-12-28,3,35,21
9941,507,313,3,145454,0,10000,446362,3,2025-09-27,4,36,4
9942,2418,128,1,1427646,0,20000,1447646,4,2024-06-14,2,3,1
9943,448,254,1,247829,0,25000,272829,12,2025-10-30,3,59,28
9944,1976,215,2,1035325,51766,30000,1997118,1,2024-11-21,5,73,3
9945,552,503,3,1204592,0,15000,3628776,2,2026-08-14,2,58,25
9946,1752,102,4,1148263,0,15000,4608052,11,2023-06-07,4,8,9
9947,2452,49,1,1009429,0,30000,1039429,5,2025-03-08,1,22,20
9948,1332,513,5,59707,2985,20000,303610,11,2024-07-14,5,42,1
9949,1648,206,1,1035325,0,25000,1060325,3,2023-02-16,3,68,29
9950,942,172,2,562301,0,0,1124602,2,2024-12-17,6,52,20
9951,1089,446,1,993839,49691,20000,964148,3,2024-08-16,4,19,25
9952,163,398,1,1073936,0,10000,1083936,3,2024-05-28,2,5,28
9953,2157,323,1,175454,0,25000,200454,4,2023-11-29,6,77,9
9954,1083,311,2,165454,0,15000,345908,11,2023-12-17,3,53,2
9955,609,495,2,1194592,0,0,2389184,7,2025-03-11,5,53,25
9956,651,178,1,572301,57230,30000,545071,9,2026-07-19,1,68,13
9957,2008,467,2,382900,0,0,765800,11,2024-10-31,4,69,2
9958,1205,238,4,1199215,0,0,4796860,10,2025-10-23,5,77,5
9959,2430,336,2,1157247,57862,20000,2218770,12,2023-12-29,5,75,15
9960,637,494,2,1164592,0,30000,2359184,9,2023-10-26,5,54,9
9961,18,52,1,1019429,50971,0,968458,6,2025-05-22,6,58,24
9962,760,494,4,1164592,116459,30000,4222532,3,2025-05-22,1,70,4
9963,2407,176,1,542301,0,0,542301,3,2025-06-05,4,75,5
9964,1333,497,1,1164592,0,30000,1194592,8,2023-10-13,4,54,28
9965,1903,502,3,1174592,117459,15000,3186399,7,2026-07-16,5,68,17
9966,2026,257,1,217829,21782,10000,206047,12,2023-06-01,4,44,19
9967,1260,321,3,175454,8772,0,500046,2,2023-10-03,7,9,11
9968,1795,39,4,791327,0,30000,3195308,12,2025-08-09,2,54,5
9969,2240,332,1,1187247,0,0,1187247,7,2023-09-08,1,13,1
9970,1217,327,1,1177247,58862,20000,1138385,7,2023-07-15,2,18,15
9971,1454,385,1,1073936,0,15000,1088936,4,2025-04-30,1,19,6
9972,259,268,1,227829,0,15000,242829,1,2024-03-12,3,9,21
9973,1652,39,2,791327,0,30000,1612654,8,2024-07-04,3,67,7
9974,893,529,1,89707,4485,30000,115222,5,2024-12-31,4,9,9
9975,958,233,1,1179215,0,15000,1194215,2,2023-06-07,4,1,23
9976,825,438,3,1023839,0,25000,3096517,1,2026-04-03,7,16,6
9977,1490,430,1,748998,37449,15000,726549,5,2026-01-04,2,21,24
9978,635,380,3,1079326,53966,30000,3106080,12,2025-05-20,5,25,7
9979,1261,391,1,1063936,0,15000,1078936,7,2026-07-28,3,70,15
9980,305,137,2,1397646,0,30000,2825292,7,2024-02-29,2,74,6
9981,497,280,4,232494,0,20000,949976,4,2024-04-24,4,38,16
9982,386,7,3,303478,0,15000,925434,4,2026-04-22,2,24,23
9983,2371,468,3,392900,39290,30000,1090830,4,2026-03-17,4,37,1
9984,2252,85,1,225165,11258,25000,238907,1,2025-05-13,2,3,12
9985,748,545,1,575602,115120,25000,485482,7,2023-11-11,3,44,23
9986,2239,85,1,225165,0,30000,255165,11,2023-09-07,5,35,2
9987,2449,131,2,1407646,70382,15000,2689528,3,2024-07-16,5,37,11
9988,2410,90,2,235165,11758,20000,466814,7,2026-07-29,6,32,26
9989,1324,421,1,530089,26504,30000,533585,2,2025-09-02,1,32,29
9990,609,67,1,836915,41845,25000,820070,7,2025-04-23,6,38,25
9991,892,309,1,175454,17545,10000,167909,11,2026-07-22,6,60,9
9992,1344,151,5,1307879,0,25000,6564395,7,2026-03-12,4,26,5
9993,2378,138,3,1437646,0,0,4312938,4,2025-06-17,5,58,12
9994,2235,374,2,1059326,0,10000,2128652,3,2025-06-11,5,46,1
9995,1161,145,1,1317879,0,15000,1332879,1,2024-04-15,3,10,22
9996,1024,137,5,1397646,0,0,6988230,2,2023-06-13,8,28,17
9997,403,140,1,1407646,0,25000,1432646,12,2024-12-12,5,7,20
9998,1871,235,2,1189215,59460,20000,2279510,1,2023-12-24,6,69,2
9999,1683,310,1,145454,7272,25000,163182,3,2026-08-02,5,66,13
10000,2117,494,1,1164592,58229,10000,1116363,12,2023-10-16,1,12,20
